# lab{RFDFE:1}ADC:A:Buff-Wfm	lab{RFDFE:1}ADC:B:Buff-Wfm	lab{RFDFE:1}ADC:C:Buff-Wfm	lab{RFDFE:1}ADC:D:Buff-Wfm
-15	6523	5	929
-1	-541	-15	367
-17	1723	3	-333
1	327	8	-806
-11	753	-7	-951
-1	-335	-5	-825
-2	-297	3	-419
3	-148	-9	162
-8	-4765	-1	773
-10	-3675	14	1079
-2	6441	-7	934
6	-521	11	373
3	1705	5	-327
-3	336	-4	-795
-10	749	-3	-955
-5	-339	7	-814
-21	-301	15	-425
-7	-153	-5	151
-7	-4715	-3	773
-13	-3651	-1	1061
-11	6397	-1	911
-7	-513	1	357
-16	1697	9	-309
-9	333	-1	-792
-11	743	-1	-943
-3	-333	10	-813
-5	-295	3	-429
-1	-135	-1	159
-1	-4653	-1	749
9	-3649	-14	1054
-9	6331	-3	900
-1	-510	1	379
-17	1687	5	-315
1	328	16	-787
-9	735	-3	-941
10	-331	3	-798
-15	-302	1	-417
3	-127	4	155
-16	-4687	-3	747
1	-3619	-4	1056
-5	6361	-15	899
-7	-531	10	365
-14	1674	11	-313
1	325	-4	-771
-11	733	-13	-921
-5	-335	9	-797
-10	-294	7	-411
-8	-135	-9	156
-5	-4721	-1	745
-7	-3668	10	1051
2	6399	-7	912
-5	-511	-7	381
-5	1685	15	-315
1	323	-3	-777
-6	743	-9	-927
-13	-331	7	-792
-2	-295	3	-419
5	-143	-9	157
1	-4637	7	765
4	-3609	1	1070
-3	6295	-10	907
-9	-517	-7	376
7	1679	-3	-307
-7	300	9	-788
-5	713	-9	-929
-12	-339	-1	-781
-9	-299	13	-417
8	-141	-3	164
1	-4598	-5	746
-3	-3615	-12	1050
-7	6259	-9	894
1	-528	-6	372
-5	1653	5	-315
-1	321	-1	-757
-9	723	-7	-919
8	-325	3	-782
-11	-297	-7	-421
3	-137	-9	161
7	-4561	1	747
-3	-3529	7	1034
3	6209	-7	897
-7	-523	1	373
1	1642	5	-295
-1	307	-9	-760
-1	725	-11	-911
-9	-338	-4	-795
-9	-299	23	-409
1	-161	-11	158
3	-4625	-11	731
-3	-3593	16	1025
0	6282	-9	876
4	-513	6	361
-7	1648	7	-287
-11	307	-1	-755
-18	723	-17	-907
-1	-345	-1	-795
-11	-293	7	-403
1	-139	-17	153
-5	-4512	-5	743
-3	-3516	1	1029
1	6142	-3	903
-7	-507	4	357
0	1637	-3	-295
5	300	-6	-754
-11	707	-7	-899
-3	-317	1	-791
-9	-283	13	-397
10	-145	1	139
-1	-4539	15	733
-9	-3567	-3	1022
-9	6176	5	873
-7	-515	-1	361
4	1635	1	-295
-3	297	-9	-751
3	711	-9	-907
10	-323	1	-785
-13	-286	-2	-411
-9	-127	-21	143
-13	-4427	1	732
1	-3437	-3	1022
-10	6039	-9	891
1	-519	-11	363
-14	1600	5	-297
6	310	-8	-750
-15	699	-7	-899
-5	-315	-9	-771
1	-280	5	-391
9	-145	-12	148
2	-4501	-5	719
-5	-3475	-5	983
-9	6103	9	868
1	-510	-19	351
-5	1611	15	-285
-1	313	-9	-739
9	709	-1	-877
-1	-325	5	-764
6	-297	13	-405
1	-150	3	135
-9	-4489	1	737
11	-3493	-1	1015
-5	6103	-10	873
7	-495	-13	351
-7	1623	5	-293
-15	297	-17	-760
-6	717	-1	-879
-3	-309	1	-775
-13	-285	-3	-405
13	-140	-13	150
-7	-4425	3	723
-1	-3452	-23	1004
0	6006	-1	867
3	-527	-1	347
-5	1609	9	-295
-3	305	-5	-747
-7	695	-11	-887
15	-315	1	-769
-17	-293	11	-391
3	-137	4	141
13	-4452	-1	715
-8	-3416	-1	996
-1	6041	-1	845
-3	-489	10	361
-9	1597	-3	-297
-5	303	9	-723
-7	693	-15	-877
-11	-307	-1	-763
-11	-294	7	-405
-5	-131	1	137
-8	-4449	-5	711
-3	-3447	1	1003
-5	6023	7	854
4	-495	-4	355
-11	1597	1	-288
-9	319	1	-729
-11	693	-11	-887
1	-328	-1	-745
-11	-279	15	-401
5	-149	5	145
-3	-4473	-5	713
-1	-3471	13	1003
-1	6071	2	859
-13	-505	1	359
-7	1609	3	-285
5	302	17	-730
-10	703	1	-887
-1	-321	-1	-765
-2	-289	1	-413
-7	-127	-5	147
7	-4443	-1	724
-3	-3469	9	1008
-4	6038	5	869
-5	-510	-7	353
-17	1611	7	-295
1	297	-5	-737
-3	695	-11	-885
-1	-321	1	-752
-5	-283	21	-411
-9	-135	-12	145
-1	-4495	-1	713
-7	-3459	11	989
-6	6065	-3	849
-3	-500	1	355
1	1605	11	-307
11	291	-7	-738
-1	703	-5	-887
-5	-328	-1	-759
-6	-277	15	-412
-3	-159	1	151
2	-4521	13	717
-5	-3473	12	1009
-14	6129	1	864
11	-503	-7	346
5	1623	21	-300
-13	297	-12	-741
-14	703	-5	-890
-11	-349	-9	-765
-2	-275	3	-401
3	-159	-7	153
-5	-4503	-7	729
3	-3490	-6	1017
-1	6107	-7	865
-1	-508	5	353
-8	1621	3	-297
-10	279	-4	-749
-5	709	-1	-889
-3	-325	14	-761
2	-271	3	-397
-1	-163	5	138
9	-4518	-9	732
-13	-3529	-1	1001
-6	6135	-1	867
-8	-523	-11	350
-5	1633	17	-297
-1	289	-9	-753
-9	703	-11	-897
-1	-321	1	-779
-15	-280	-5	-399
3	-138	1	145
-14	-4495	-7	723
-5	-3451	9	1015
0	6083	3	887
-3	-531	3	343
-7	1607	5	-309
-1	284	-3	-742
-7	699	1	-891
-11	-323	-4	-767
-13	-270	3	-393
-5	-161	-13	137
-3	-4489	-3	725
-7	-3433	-9	997
-5	6079	-1	860
1	-528	4	355
-1	1609	-7	-289
-5	301	-9	-741
-19	694	-5	-881
-3	-320	-1	-781
-11	-283	15	-403
-1	-143	-5	143
2	-4411	11	721
-9	-3421	8	1003
-15	5999	2	867
-5	-515	-17	351
-8	1605	15	-297
-7	289	1	-746
-12	709	-9	-875
-3	-315	-3	-761
-13	-279	11	-389
4	-147	-5	147
-11	-4451	-7	715
-9	-3449	-1	984
-3	6039	5	854
-1	-519	-14	352
-4	1619	7	-295
-3	289	-3	-727
-5	699	-7	-881
-1	-318	-7	-767
-19	-286	11	-385
-13	-127	-7	127
-6	-4431	-3	715
-17	-3390	7	996
-6	5999	-1	859
5	-500	-7	359
-10	1597	5	-289
-1	307	11	-741
-11	693	-18	-865
-1	-313	-5	-761
-8	-280	9	-399
-3	-133	3	142
1	-4457	5	711
-7	-3419	10	983
-10	6041	-3	848
-7	-505	-4	341
1	1598	7	-296
7	301	-17	-721
-5	691	-9	-884
-21	-318	-4	-765
-4	-279	9	-401
1	-117	3	137
-1	-4409	5	721
-3	-3370	-1	1009
-13	5952	-13	861
7	-503	-15	349
-6	1587	7	-293
7	293	-4	-734
-15	699	-5	-873
5	-328	-5	-761
-7	-281	11	-395
-1	-127	1	136
3	-4435	-8	692
-9	-3443	3	989
-11	6022	7	838
-8	-516	-12	353
-3	1607	-1	-297
-3	289	-7	-735
-15	707	-9	-873
-5	-325	3	-753
-7	-288	10	-407
-5	-141	-13	145
-3	-4507	1	720
-5	-3452	-1	1005
1	6101	5	847
5	-509	-9	355
-2	1619	-3	-305
-5	315	-11	-736
-11	701	-16	-887
-11	-325	-6	-761
-18	-279	11	-405
-1	-157	1	135
-2	-4573	-3	715
-5	-3497	12	1011
-16	6177	-5	878
3	-516	5	355
-11	1630	-3	-298
-1	301	-1	-747
0	711	-1	-907
-3	-345	17	-770
-8	-285	3	-395
3	-159	-9	149
2	-4620	-7	731
8	-3554	13	1033
-3	6295	-13	879
-5	-523	6	355
-14	1683	11	-295
-5	281	1	-746
-15	727	-13	-917
-7	-329	1	-783
-12	-279	-3	-421
3	-145	-4	144
-5	-4675	1	754
3	-3652	-7	1056
-3	6365	-1	906
3	-536	-1	362
-13	1691	9	-309
-1	289	3	-785
-3	727	-9	-931
1	-354	-1	-794
-17	-280	7	-419
-3	-150	-12	153
1	-4765	-7	758
-1	-3645	17	1058
6	6455	3	905
1	-525	-5	371
-13	1717	11	-315
11	287	5	-779
-7	745	1	-939
-11	-349	15	-805
-2	-278	15	-423
-3	-171	-9	145
-13	-4869	-5	775
-7	-3735	-7	1057
-9	6581	5	916
-7	-549	-15	373
-11	1743	13	-323
-11	297	-7	-793
-15	757	-13	-940
1	-361	7	-813
-7	-283	9	-417
-1	-185	7	151
-9	-4938	7	781
-3	-3819	-3	1095
-5	6723	-2	941
-5	-561	-6	359
-4	1779	15	-319
3	294	-1	-808
-9	779	-7	-969
1	-355	7	-839
-9	-273	11	-429
3	-155	-13	158
-5	-4973	8	800
-1	-3835	-1	1117
-3	6723	17	964
-3	-567	5	379
-1	1787	13	-337
-12	305	1	-831
-12	773	-5	-973
-3	-357	13	-843
-7	-289	2	-425
-3	-153	-7	165
-2	-4945	-1	802
-1	-3765	-9	1111
-2	6669	7	969
-7	-559	7	385
10	1777	17	-331
-11	302	-13	-833
-5	770	-5	-961
-3	-369	1	-835
-2	-296	9	-436
-7	-163	-5	167
-4	-4995	1	793
-9	-3795	3	1109
1	6743	3	944
-3	-555	-11	371
-7	1789	17	-339
-3	323	-11	-805
-17	773	5	-973
-9	-354	-7	-836
-2	-293	13	-429
-3	-159	-3	167
-9	-4931	5	821
-11	-3776	-6	1119
-5	6679	-5	965
-13	-547	-17	377
-5	1773	9	-329
-3	319	4	-829
-3	775	-1	-983
3	-359	-1	-849
-9	-293	23	-427
-3	-158	13	168
-7	-4947	-10	800
3	-3832	-1	1100
-11	6691	5	944
-5	-571	4	371
-2	1771	9	-329
1	309	7	-811
-9	761	-1	-973
6	-343	11	-849
-11	-309	8	-447
-3	-143	-12	159
-14	-4969	-1	808
-7	-3793	6	1101
-5	6729	-7	963
-7	-573	-7	391
7	1773	-1	-335
-1	317	13	-835
-9	773	-13	-985
-5	-363	5	-843
-15	-289	-1	-444
7	-173	-1	159
-5	-5035	-7	801
-7	-3855	16	1117
-3	6811	-7	962
8	-563	-3	387
-1	1805	-3	-335
3	333	9	-829
-11	773	3	-992
-3	-351	17	-851
-8	-283	1	-449
-1	-140	10	165
3	-4953	13	807
-3	-3806	1	1133
-9	6690	0	979
1	-553	1	387
2	1788	-1	-337
3	323	12	-819
-10	763	-9	-995
3	-356	14	-831
-1	-305	7	-439
-5	-167	-23	181
1	-4967	-11	798
-3	-3863	6	1103
-16	6721	-7	938
-3	-579	-12	384
-13	1809	7	-329
-1	311	-1	-813
5	771	-19	-985
8	-353	1	-841
5	-321	-2	-443
-3	-163	6	163
6	-5067	5	804
-1	-3893	15	1119
4	6875	-1	953
-3	-565	5	399
-9	1809	13	-335
8	318	20	-835
-9	779	-13	-999
3	-355	7	-853
-11	-302	-1	-464
-3	-159	6	167
1	-5047	9	811
-3	-3901	5	1137
12	6853	-1	966
-5	-561	-1	407
-11	1811	2	-342
-11	333	-1	-843
2	777	-17	-1007
-1	-364	9	-857
-11	-307	9	-447
-3	-165	-9	167
5	-5090	-3	809
3	-3959	-7	1120
-5	6935	-13	977
-3	-559	-9	390
-9	1837	5	-351
-9	327	-1	-841
-1	789	-9	-1007
-1	-361	-9	-869
-3	-309	11	-465
4	-163	5	154
-11	-5122	-3	815
-7	-4017	-3	1149
-12	6943	3	991
3	-575	4	395
-10	1841	13	-355
1	320	-3	-855
-9	798	-9	-1003
1	-354	1	-865
-15	-305	15	-443
-11	-157	1	161
-8	-5099	-1	822
-3	-3956	-3	1145
-9	6943	1	985
-5	-582	1	397
0	1843	7	-345
6	328	-3	-853
-15	801	-13	-1023
1	-351	5	-886
-6	-305	19	-447
-9	-147	1	153
4	-4931	7	831
-7	-3799	-1	1135
-10	6685	13	983
-7	-564	-6	383
-7	1771	24	-343
1	354	5	-859
1	771	-7	-994
-7	-349	5	-853
-8	-301	7	-427
-1	-161	16	157
0	-4925	3	793
-15	-3840	-7	1086
-9	6687	1	943
-15	-539	3	387
-11	1769	11	-327
5	341	1	-814
-13	779	-7	-973
-7	-341	3	-857
-2	-320	1	-443
3	-140	-3	150
-3	-4851	-13	802
-5	-3827	-14	1106
-2	6603	5	959
-17	-553	-1	380
-11	1753	19	-329
-10	339	5	-831
-10	753	-5	-975
8	-328	-4	-849
1	-311	7	-427
1	-145	-6	161
2	-4859	7	790
-15	-3801	6	1077
-11	6607	-1	935
-5	-533	-9	373
15	1739	5	-331
6	348	-11	-808
-27	750	3	-971
-13	-323	-11	-849
-12	-312	11	-450
1	-145	-5	148
-19	-4911	-11	783
-3	-3853	-13	1095
-3	6668	-1	938
-3	-529	-7	381
-5	1741	15	-324
-5	351	-7	-809
-13	751	-3	-968
-5	-335	-5	-836
-5	-309	13	-439
1	-145	-1	151
-3	-4871	-3	781
13	-3842	13	1111
-5	6643	-1	961
3	-518	-12	380
-4	1749	7	-327
-5	333	-15	-826
0	747	-5	-979
-3	-341	16	-835
-2	-309	3	-439
3	-141	-7	164
-11	-4975	1	786
-5	-3963	-1	1100
-9	6771	7	952
5	-539	5	399
-6	1759	13	-329
5	338	5	-819
-11	760	-11	-973
1	-343	6	-851
-15	-307	7	-445
1	-138	-4	159
3	-4949	-11	791
-9	-3894	-9	1125
-10	6759	-3	969
1	-531	7	391
10	1769	-3	-341
1	343	5	-823
5	763	-18	-985
-5	-320	17	-849
-5	-304	1	-446
-11	-163	-1	159
7	-5029	-13	787
-11	-3992	-3	1129
3	6855	-3	958
-11	-547	-1	387
-7	1775	11	-345
-3	353	7	-813
-1	767	-19	-993
-3	-346	-1	-855
-11	-321	-1	-453
-7	-161	3	165
-2	-4985	-5	815
-3	-3979	6	1132
-11	6813	2	975
-15	-529	11	398
2	1785	1	-355
-9	341	-4	-847
-9	763	-9	-1001
5	-359	7	-853
-9	-307	5	-445
-5	-153	1	165
-7	-5027	3	816
-1	-4053	11	1125
-1	6886	-11	967
1	-544	-9	393
1	1791	7	-353
-10	343	-1	-839
-15	775	5	-1007
10	-321	9	-859
-11	-318	8	-459
13	-143	-11	159
-3	-5005	-9	832
-5	-3967	11	1137
-3	6847	1	979
1	-543	7	399
2	1791	19	-337
3	341	9	-845
-11	769	-5	-1005
-1	-339	-3	-859
-8	-313	7	-453
-5	-145	-1	164
-14	-4921	-1	821
1	-3894	3	1127
3	6701	-1	971
4	-539	-1	383
-9	1747	2	-338
5	354	1	-829
-17	755	-7	-989
-5	-320	3	-855
-3	-321	3	-437
3	-148	-1	161
-3	-4934	3	799
-3	-3943	11	1100
-9	6750	-2	947
-1	-503	6	390
-7	1771	17	-331
3	349	-9	-828
-2	759	-3	-977
-3	-348	-1	-851
-3	-317	17	-451
-1	-135	-23	151
-13	-4885	0	799
-13	-3948	5	1125
-9	6693	7	970
-3	-527	-9	388
-11	1751	-1	-327
1	351	1	-827
-16	741	-11	-991
4	-319	3	-863
-13	-314	19	-435
-1	-143	-11	153
-11	-4886	-5	802
3	-3921	1	1101
-5	6693	3	957
7	-516	-9	387
-5	1743	3	-331
1	354	-1	-810
-7	746	-15	-983
-3	-315	7	-849
-6	-310	15	-440
1	-127	-15	154
-5	-4853	11	787
-3	-3895	10	1101
-14	6615	-1	968
-5	-505	-1	397
-13	1715	5	-338
-3	361	-3	-819
-8	751	5	-974
-10	-319	1	-839
-4	-321	17	-443
1	-139	-3	149
-15	-4887	-9	779
8	-3940	1	1093
-7	6688	1	953
-11	-491	-3	386
-2	1741	9	-329
-5	351	-13	-810
-13	755	-9	-971
1	-318	-5	-845
-5	-335	9	-451
6	-135	-11	142
-5	-4905	5	794
1	-3992	11	1105
0	6727	7	949
-5	-526	-1	399
-7	1733	1	-339
-5	348	12	-819
-16	733	-13	-995
-11	-309	-13	-841
-1	-324	5	-443
1	-127	1	149
-5	-4927	3	790
-19	-3963	-1	1103
-7	6757	-1	961
-1	-523	-11	387
-9	1761	15	-339
-3	363	7	-817
1	756	-13	-981
-11	-305	-9	-855
-13	-333	3	-445
-11	-145	-3	169
-3	-4929	1	791
-13	-3950	3	1109
-13	6761	5	962
6	-495	13	393
-7	1755	10	-349
-1	364	6	-823
-8	749	7	-986
1	-315	19	-853
-9	-321	19	-457
3	-131	-1	159
-5	-4951	5	789
3	-4023	15	1127
-7	6807	-8	957
-1	-511	9	394
-8	1771	9	-345
-5	337	-13	-828
-8	743	1	-997
-7	-323	12	-855
-16	-335	7	-457
-1	-145	1	171
-7	-5023	-1	797
-3	-4089	6	1127
-9	6901	3	973
3	-531	3	405
-6	1791	5	-333
-7	343	12	-835
0	769	-13	-1001
6	-328	-3	-879
-11	-329	2	-461
-9	-111	5	157
-13	-4979	5	803
5	-4010	6	1153
-4	6833	-11	989
-7	-513	10	395
-5	1773	11	-343
4	343	1	-841
-5	761	-11	-1005
3	-335	-1	-867
-5	-319	17	-450
3	-140	-3	169
-11	-4969	-7	791
1	-4030	7	1131
-3	6821	1	973
1	-513	-3	393
-9	1771	8	-335
-1	361	-6	-833
-17	759	-15	-990
-5	-343	1	-867
-9	-309	7	-457
-1	-127	1	165
0	-4903	-7	813
-5	-3974	1	1135
-7	6741	-3	971
-3	-498	-1	390
-10	1757	19	-341
-5	359	-6	-837
-3	743	-1	-985
-3	-319	-7	-853
-7	-331	17	-447
4	-135	-1	174
1	-4862	-5	798
-9	-3979	-9	1108
-5	6687	5	965
5	-516	-13	407
-8	1753	9	-329
-5	347	-1	-817
-3	742	-1	-987
4	-323	-3	-863
-1	-339	16	-445
-3	-123	-12	149
-11	-4866	5	791
-3	-3935	-1	1109
2	6665	1	951
-10	-517	-7	387
7	1722	13	-321
8	351	6	-813
-9	735	-1	-979
1	-305	14	-845
-12	-306	3	-425
1	-129	3	155
-11	-4881	-9	789
-3	-3955	10	1105
0	6703	3	950
4	-501	-5	389
-11	1733	9	-327
-5	359	-6	-811
-23	751	1	-974
-3	-325	3	-853
-2	-329	9	-451
-5	-141	-1	153
-13	-4974	-7	799
-1	-4053	8	1108
-11	6823	0	973
-11	-501	-6	387
-19	1771	7	-337
-9	347	-1	-816
-9	759	-9	-993
3	-327	-7	-863
-9	-333	3	-451
10	-121	-11	159
5	-4921	-9	807
-9	-4033	-4	1141
-6	6765	13	978
-14	-508	-1	397
-4	1773	5	-351
-1	348	-9	-837
-9	740	-3	-997
3	-320	11	-851
-11	-327	8	-445
-13	-129	-7	155
-7	-5027	-3	801
-7	-4065	-9	1109
-12	6877	9	959
-10	-521	-13	399
-5	1783	1	-331
3	365	1	-827
-15	766	-9	-1007
-3	-319	1	-872
0	-333	5	-452
-5	-140	6	159
-4	-5015	-11	815
-14	-4043	18	1141
-10	6853	7	985
1	-503	3	397
-5	1773	9	-346
-1	363	-6	-843
-8	757	-11	-1001
-13	-343	1	-863
-21	-323	11	-459
1	-148	7	165
-2	-5035	-5	817
8	-4089	4	1138
-7	6902	2	983
3	-501	-17	400
-4	1787	15	-327
-1	345	-1	-845
-4	771	-9	-1017
1	-315	7	-871
-13	-329	11	-461
1	-120	-3	163
-7	-4975	-9	813
-11	-4059	-13	1143
-4	6799	1	989
-11	-534	1	415
4	1759	9	-343
1	343	-5	-831
-10	755	-7	-1001
-7	-321	11	-859
-5	-335	16	-435
3	-138	-19	167
-5	-5015	-1	808
-15	-4041	7	1123
6	6859	3	973
-5	-526	-11	397
-3	1771	11	-335
-1	353	15	-837
-7	763	0	-1005
-1	-320	9	-867
-7	-323	13	-464
-14	-139	-1	165
-7	-4995	-3	805
-18	-4043	-9	1145
-13	6835	-11	975
-5	-501	4	397
-15	1773	10	-339
5	356	1	-847
-10	761	5	-1007
-8	-328	3	-869
4	-331	1	-449
-1	-148	-15	173
-10	-4959	-11	805
-1	-4007	-4	1128
-1	6779	-3	993
1	-497	1	397
-2	1765	11	-343
3	338	1	-847
-9	771	-7	-999
-5	-327	5	-859
-10	-325	21	-441
10	-125	4	165
-9	-5020	-1	803
-3	-4087	6	1117
-7	6881	-1	966
-8	-516	-1	393
-4	1781	7	-339
3	356	-11	-827
-11	769	-11	-989
6	-331	5	-869
-9	-329	9	-455
9	-139	-13	161
-11	-5013	5	805
-10	-4035	-9	1143
2	6853	1	977
-10	-519	-13	399
0	1779	11	-347
1	351	-5	-849
-11	761	-16	-995
-5	-317	9	-861
-14	-317	7	-443
13	-150	-13	165
2	-4985	-7	815
-5	-3991	-1	1135
-10	6817	1	979
-3	-495	-1	393
3	1771	-2	-329
-3	359	-4	-831
-4	765	-11	-1004
-11	-320	-11	-859
4	-321	9	-453
-11	-145	-5	173
5	-5000	-11	823
4	-4033	11	1131
-9	6837	3	981
5	-513	-9	408
-4	1784	-3	-339
-1	338	7	-839
-11	779	-7	-995
1	-327	-5	-863
2	-318	-5	-449
3	-143	-4	158
-13	-5070	0	811
-9	-4115	19	1145
0	6941	-3	979
-9	-528	-9	401
2	1811	9	-337
-3	338	7	-839
-1	784	-13	-1009
-7	-319	-4	-881
-3	-315	8	-455
11	-125	1	173
-9	-5031	-1	819
-8	-4017	4	1149
-9	6859	1	985
5	-528	-11	401
0	1793	5	-343
-9	346	-5	-843
-11	764	-1	-1003
-3	-315	-1	-874
-7	-321	7	-453
-1	-149	-14	175
0	-5093	1	817
-14	-4071	7	1129
-3	6965	3	973
3	-505	-19	389
-11	1812	-2	-340
-7	357	-9	-843
-7	779	-13	-1013
3	-339	1	-875
-10	-323	11	-459
9	-159	-7	167
0	-5149	-7	831
4	-4136	11	1154
1	7057	-3	995
-11	-516	6	401
-6	1837	13	-351
-13	349	4	-859
-10	785	-7	-1029
3	-341	-3	-881
-1	-320	11	-465
6	-145	-15	167
-5	-5098	11	835
-1	-4089	9	1175
-2	6969	7	1011
-7	-513	-13	415
-2	1827	15	-345
-5	361	7	-871
-5	780	-3	-1019
4	-329	-4	-877
1	-331	21	-451
-17	-140	-3	173
6	-5073	5	828
-14	-4055	-9	1147
-11	6947	-1	981
-3	-544	-5	393
-11	1819	13	-343
4	351	-7	-849
-1	777	-3	-1017
1	-323	6	-878
-10	-313	15	-453
-5	-139	-1	169
6	-5005	-1	833
1	-3991	7	1147
5	6855	-5	999
21	-505	-17	399
-9	1799	15	-347
9	359	1	-849
-3	777	-5	-1009
-1	-315	-13	-867
-17	-323	13	-439
-7	-131	-9	163
-3	-4947	-1	821
-3	-3961	-4	1123
-5	6757	1	969
3	-499	-9	392
-7	1769	13	-329
-7	347	9	-839
-7	765	-1	-999
-1	-328	14	-867
-12	-330	5	-441
-5	-103	-6	162
-11	-4745	1	813
1	-3801	-3	1115
-3	6487	13	950
-1	-523	-6	388
0	1693	15	-331
-1	351	7	-827
-15	738	-3	-973
8	-300	-1	-841
3	-315	19	-419
9	-133	-1	147
-8	-4806	-1	778
-10	-3817	4	1067
-1	6567	-3	919
-3	-500	7	375
-1	1719	11	-311
1	346	-3	-788
-15	745	-3	-947
-3	-317	-9	-845
-2	-317	17	-445
-7	-151	-11	137
2	-4879	-3	781
-1	-3889	-7	1087
-11	6666	-3	932
3	-513	-9	381
-7	1733	11	-328
5	349	-1	-807
0	757	-9	-971
1	-321	1	-839
-6	-311	-1	-451
-5	-135	-9	157
-10	-4688	1	787
-3	-3719	1	1105
-13	6401	7	943
5	-491	-3	397
-9	1699	13	-337
-7	336	1	-811
-8	723	-1	-963
-3	-303	7	-823
5	-307	5	-421
-5	-55	-11	160
-9	-3753	-8	749
3	-2917	4	1061
-6	5075	3	913
-9	-453	-7	373
-12	1375	3	-305
-5	341	3	-749
-7	615	-19	-867
-11	-253	5	-691
-5	-303	8	-327
-1	63	-1	153
-2	-1939	-3	602
-1	-1277	4	816
-7	2517	-3	703
-3	-364	1	321
-2	771	-11	-188
3	323	11	-525
-11	381	-7	-601
-3	-141	6	-452
-14	-278	7	-167
-13	102	9	119
-9	-501	-7	297
1	-14	-5	371
-1	466	-11	326
-11	-221	3	185
-11	261	-9	-13
-3	261	-4	-195
-5	211	-13	-279
-13	-69	-9	-215
-1	-241	-1	-83
-10	67	-13	45
2	-56	-5	67
-5	215	6	57
1	-87	-9	67
-7	-117	-9	92
1	61	1	87
-1	179	11	31
-9	139	-3	-77
7	-22	-3	-107
-10	-191	5	-82
8	39	1	-29
-7	10	11	-23
-11	105	-1	-6
-3	-63	9	21
-9	-91	-3	68
-4	49	-3	91
7	145	3	59
0	88	-5	-13
1	-11	-3	-85
-5	-159	-1	-101
-9	22	-9	-76
0	19	3	-27
-5	35	-5	13
-4	-39	-1	39
-13	-84	-17	61
-2	56	-1	67
-13	117	17	67
-9	49	1	19
-3	-13	5	-48
-5	-140	-5	-93
-3	32	-6	-96
-5	27	-7	-47
-1	27	-3	9
-2	-7	-5	53
1	-103	-8	65
5	71	2	59
-9	127	11	44
-9	69	1	-3
-15	-55	-1	-27
-11	-129	1	-67
-7	9	-11	-93
-10	43	17	-61
-13	30	11	-13
-13	5	-7	43
-5	-125	-6	70
-13	71	-1	79
-1	114	-5	39
1	69	-5	5
3	-78	-13	-41
2	-115	13	-59
4	-7	-9	-83
-17	49	-1	-65
-3	22	6	-10
-8	27	7	41
-1	-132	-9	68
-11	47	-3	75
-7	117	-5	33
-11	72	7	-3
6	-96	6	-39
-3	-103	7	-47
-3	-6	-9	-54
-1	57	11	-39
-5	15	13	-29
-8	11	5	33
12	-114	1	61
3	55	3	85
-5	125	-11	39
-15	64	7	-9
-11	-83	-12	-46
-4	-107	-1	-63
-1	-11	-14	-68
-2	59	5	-29
-7	17	5	-17
-19	13	-3	31
-5	-135	-19	49
1	58	-3	87
-11	122	1	44
-13	67	-5	-1
-7	-93	-17	-49
-6	-107	11	-49
-7	1	-17	-65
2	42	5	-31
6	19	-1	-7
-11	-8	-3	35
-5	-117	-1	45
-9	47	7	71
-5	129	-6	47
-7	75	1	1
-7	-91	10	-39
1	-105	3	-70
11	-5	13	-57
7	57	-3	-35
13	21	1	-5
-5	5	-3	39
3	-121	1	45
-10	49	9	73
7	133	1	39
-7	73	1	-3
1	-95	-1	-37
-11	-107	2	-57
-3	11	-5	-76
-4	49	3	-45
-1	22	-7	-7
-3	7	7	35
-12	-109	7	73
-21	53	5	65
4	109	3	41
-5	64	-7	-1
-13	-81	-14	-25
-7	-115	7	-63
-8	17	1	-67
-7	45	-15	-49
-11	47	16	1
-11	-12	3	37
-1	-123	3	73
-7	54	9	71
-9	130	5	33
1	55	-3	-13
3	-99	1	-27
3	-113	-7	-71
1	30	10	-61
0	52	-15	-53
4	17	4	-15
-23	-24	-13	33
-15	-121	-7	68
-10	63	-13	59
-9	122	-9	41
-11	55	-11	-5
-3	-85	7	-21
-5	-109	-5	-55
-1	27	-7	-67
5	44	-1	-43
-3	25	5	-2
-8	-9	-5	19
-9	-127	5	68
2	67	-11	59
-1	115	-5	41
-7	57	-1	-5
-3	-81	-15	-37
-1	-99	-5	-51
-9	25	9	-67
-6	43	-1	-33
7	12	17	-13
-3	-7	-5	25
-7	-117	12	65
-5	72	5	67
-7	121	11	45
-15	57	0	-17
3	-95	1	-35
-11	-99	-3	-67
-5	23	5	-61
-14	31	1	-45
-10	9	-9	-9
-13	-16	-5	31
-3	-127	-23	53
-11	75	-5	73
-11	131	1	42
-15	51	-3	-5
-1	-99	-1	-27
-4	-123	-9	-57
1	29	-13	-71
-5	49	-1	-49
6	17	-6	-19
-9	-2	1	51
1	-109	6	70
-7	79	-1	67
3	127	-1	41
-2	55	1	1
3	-93	-1	-45
-11	-121	-3	-65
3	22	-3	-67
5	55	-1	-45
-1	24	6	-17
8	-3	3	41
-9	-121	5	69
-7	93	1	77
-1	135	1	37
-9	56	1	-11
-11	-99	5	-53
-19	-119	-5	-61
-3	27	-3	-80
-22	51	3	-43
-1	14	1	-23
2	-3	5	45
-7	-125	-1	69
-2	72	-9	79
-3	127	-13	37
-11	49	-1	-5
-5	-107	-6	-44
-14	-109	-1	-49
-10	19	-1	-72
-13	53	-1	-41
1	21	1	-11
-10	9	3	41
6	-121	-8	71
-7	69	3	87
-1	129	-1	31
-3	55	5	7
1	-101	-3	-37
-11	-101	13	-67
-5	41	-9	-77
-7	38	-3	-41
-3	6	7	-19
-5	2	15	27
-15	-125	-1	63
-3	65	13	69
-3	122	-7	29
-4	45	5	1
-10	-94	3	-41
-7	-115	-3	-61
-7	45	1	-65
-5	36	-3	-53
-3	25	-1	-10
-6	-1	-5	39
-3	-104	1	74
-5	61	1	79
-5	138	-1	27
-5	44	9	-5
1	-89	-17	-35
-7	-131	-1	-67
3	55	1	-64
-6	25	11	-45
-14	43	-5	-23
-4	-5	3	37
-3	-102	1	69
-5	41	-3	73
4	161	6	41
-7	35	7	3
-1	-85	1	-40
-10	-116	-1	-67
-7	63	1	-67
-2	23	-5	-41
-3	39	7	-15
-9	-12	-3	41
-7	-107	-11	71
-3	45	-2	73
-7	149	-5	36
-7	47	-5	1
-9	-81	-7	-37
-13	-125	3	-65
-5	59	-5	-63
-5	13	-3	-49
-1	45	15	-13
-5	-8	-10	27
-5	-119	-12	79
-16	73	3	65
-3	149	-1	49
-6	45	-7	-9
-3	-85	16	-43
3	-117	9	-68
3	60	3	-67
-7	23	-5	-43
1	37	-1	5
-8	-7	-5	29
-1	-117	-1	82
-11	75	-1	79
-1	157	-5	53
-2	37	-7	-9
-1	-95	-4	-37
1	-135	-3	-59
-7	60	1	-47
-6	17	7	-47
1	39	-15	-11
3	-13	-3	33
5	-111	-9	73
12	61	-1	73
4	135	7	43
-7	56	3	-7
-3	-93	-1	-43
13	-135	3	-65
-7	60	5	-65
-1	15	-7	-35
-12	45	12	-13
-5	-6	-11	35
-9	-127	1	79
1	75	-9	73
-5	143	3	31
-8	51	-9	-19
-3	-97	-4	-51
-5	-111	-9	-57
-3	69	14	-61
3	29	-5	-41
-1	57	5	-21
-1	-4	-1	47
-9	-133	7	65
-12	85	-1	69
-8	147	-7	41
-4	47	-13	-9
-7	-102	-9	-41
-2	-119	3	-57
-3	35	13	-67
-9	25	3	-39
-3	41	-12	-7
-12	-7	-1	37
1	-132	1	72
-4	91	7	67
-7	148	-1	45
-1	43	-3	-3
-15	-91	-3	-35
-9	-119	-1	-75
-3	55	6	-60
-3	23	-5	-29
-9	53	1	-9
-5	3	9	37
-7	-138	-11	67
2	84	1	83
1	151	1	43
-9	44	9	-11
-3	-86	-1	-46
-15	-111	1	-57
1	55	-3	-64
-9	19	5	-45
-5	40	-9	-13
-17	18	7	49
1	-131	3	67
-5	87	5	89
-9	153	-7	28
-15	53	-3	-1
3	-97	-9	-41
-1	-105	9	-63
-1	50	3	-79
-5	20	5	-39
-9	30	-6	-13
3	15	1	59
-13	-147	-9	63
-8	91	1	89
-9	143	-14	43
-7	31	1	-1
-5	-83	-9	-41
-3	-103	5	-55
-7	63	-3	-83
-9	28	13	-27
9	51	4	-5
-11	15	13	51
-9	-150	-5	68
-3	89	1	81
5	161	-9	49
-1	37	3	1
3	-102	-13	-47
-15	-95	-2	-69
5	39	-15	-73
-8	23	-1	-39
-3	48	-3	-15
-11	27	1	43
-3	-148	3	77
-2	78	-9	69
6	155	-17	45
-7	41	3	13
-13	-109	12	-48
-5	-99	1	-53
-3	45	-9	-67
-8	29	-9	-43
-3	55	3	-9
3	18	-3	53
-11	-168	-15	79
-7	77	2	71
-9	149	3	53
-9	35	5	-9
-8	-109	4	-43
-4	-101	5	-57
-3	43	-3	-71
-14	15	5	-41
-3	41	-9	-13
-5	8	-1	47
-5	-161	-13	70
-19	85	-5	71
-5	165	-7	35
-14	35	-9	-3
-3	-89	-1	-31
-9	-107	3	-63
-17	40	-1	-63
-9	17	-9	-35
-7	53	-13	-5
-11	9	-5	33
-5	-158	4	78
4	79	-11	67
-7	151	1	43
-10	36	-5	-3
-9	-109	3	-31
-1	-119	-8	-65
-9	53	-9	-60
11	17	15	-39
3	65	3	-5
-11	21	7	43
9	-166	-5	77
13	71	7	75
3	173	13	39
-7	31	13	-7
1	-104	14	-45
4	-99	-1	-75
-5	53	9	-56
-2	13	7	-49
-7	45	3	1
-21	13	7	33
-1	-155	4	75
-11	71	-5	79
-15	151	6	35
-9	17	-7	1
-12	-99	-12	-25
-11	-117	-3	-69
-23	51	-17	-55
-17	1	-13	-43
-3	55	-4	-9
-11	17	0	39
-13	-177	6	75
-11	83	-7	75
-1	179	1	41
-11	21	-5	-1
-16	-103	-7	-37
-1	-107	9	-68
4	53	17	-69
9	8	13	-39
13	55	21	-4
5	21	11	49
-9	-150	-1	69
3	91	9	79
-3	171	1	49
-9	34	7	-7
-1	-107	17	-29
3	-111	9	-53
1	43	7	-63
-12	-11	11	-41
-23	50	21	-3
-7	19	-1	37
-16	-163	-17	79
-12	92	-17	83
-20	163	4	41
-11	22	-3	-9
-17	-112	-17	-47
-14	-118	-3	-69
-10	51	-1	-77
-7	-1	-19	-37
-7	39	-17	-25
-11	20	-9	45
-9	-174	-5	67
-7	91	13	79
-9	171	6	39
12	29	13	-21
3	-91	9	-49
9	-99	11	-61
16	41	22	-71
16	12	9	-41
11	35	8	-9
5	32	15	39
-3	-173	7	76
5	95	13	75
8	161	9	35
-10	19	5	-3
-9	-97	5	-61
-21	-102	-5	-61
4	27	3	-63
-21	4	0	-37
-25	25	-11	-4
-23	17	-19	43
-17	-175	-25	74
-23	87	-19	75
-27	163	-21	33
-14	24	-17	-3
-19	-109	-5	-39
-15	-97	-5	-59
-11	43	-17	-70
-7	13	-11	-25
-9	49	5	-15
7	37	13	55
15	-158	-1	69
12	107	11	77
15	183	4	29
7	27	16	-5
21	-89	24	-49
9	-87	23	-57
12	53	32	-77
10	13	19	-47
5	66	7	-7
10	23	21	39
-7	-179	1	67
3	101	15	71
-3	175	5	44
-3	11	3	-9
-15	-114	-17	-53
-19	-93	-5	-71
-33	35	-23	-89
-23	-6	-3	-55
-19	55	-21	-15
-19	3	-21	33
-27	-179	-24	60
-14	105	-13	81
-9	156	-14	39
-12	27	-13	-7
-1	-95	-21	-53
-16	-94	-3	-76
4	43	-3	-69
-5	20	1	-43
1	68	12	1
4	27	19	41
17	-159	13	76
16	107	13	73
18	179	18	27
9	28	21	-5
1	-81	32	-39
5	-85	11	-71
7	51	13	-76
11	13	17	-41
-9	57	17	-13
-21	23	1	31
-14	-181	10	67
-9	98	-3	63
8	171	-4	29
-13	-3	-13	-5
-21	-97	-3	-48
-18	-101	-15	-63
-17	29	-6	-57
-14	-5	-9	-57
-13	67	-11	-3
-16	23	-19	31
-1	-174	-15	65
-1	95	-2	85
-9	185	-9	47
0	13	3	-7
11	-83	1	-37
-3	-85	9	-69
5	42	-9	-57
2	8	5	-49
8	73	25	-3
7	27	9	41
3	-166	1	63
2	99	11	75
1	179	19	45
-4	7	-3	-7
-3	-95	24	-31
-1	-98	-1	-76
-9	49	7	-67
-1	5	-9	-61
-9	53	-1	-11
-11	11	3	43
-14	-177	-17	68
-17	97	1	79
-7	179	-3	47
-14	9	1	-11
-5	-97	-23	-39
-7	-103	-18	-71
-1	43	-6	-70
-4	-73	-11	-37
-5	-29	-4	-13
3	141	-1	39
-1	-168	-9	95
-7	123	5	69
13	171	13	35
-7	31	-3	-15
1	-91	17	-41
0	-97	3	-67
5	-109	23	-60
-2	-1843	3	-33
-1	-1765	10	9
5	2741	15	55
8	-217	17	85
-1	689	15	47
-5	186	3	-25
-18	254	-9	-177
-8	-207	11	-287
-2	-123	9	-293
-12	131	-1	-81
-13	5	-1	269
-15	132	5	497
-15	-4	-7	475
-9	-246	-1	207
-22	166	3	-123
-8	219	6	-293
-19	-9	-1	-233
-14	-71	5	-43
-9	-99	-1	63
-9	37	1	37
-15	-4	19	-63
-3	145	-3	-119
-6	-7	7	-31
-1	-212	9	74
-1	91	7	157
1	189	-1	113
-1	52	11	5
-3	-107	-1	-91
3	-159	0	-109
-11	50	3	-67
-3	-19	9	-19
-8	119	-1	23
-3	5	3	55
-1	-175	5	51
-1	117	3	33
-3	179	5	21
-9	30	7	-1
-7	-107	-9	-17
-6	-99	5	-15
-7	1	1	-47
-17	27	3	-57
-7	40	-3	-43
-13	27	-3	27
-1	-186	-1	93
-1	95	-1	113
-1	153	-1	45
-3	23	5	-29
1	-49	9	-80
-1	-109	5	-75
3	53	3	-59
-7	10	9	-21
11	91	-11	-23
1	-5	10	33
7	-158	-12	41
-2	93	5	79
-10	176	1	67
-13	-13	-9	21
-7	-49	-3	-49
0	-111	9	-82
-3	21	-1	-95
-11	7	2	-43
-3	59	-4	15
-13	-9	-7	59
-5	-175	-1	76
-8	97	3	71
-3	153	-11	29
-5	-2	-1	1
3	-81	-1	-31
-5	-113	5	-63
-3	35	-15	-60
-7	23	-5	-51
-9	71	1	-23
-17	11	-11	51
-3	-176	-11	75
-3	101	13	71
4	171	-8	43
-3	-4	8	1
-9	-75	-14	-33
-15	-106	5	-55
-1	19	1	-67
-9	7	3	-41
-1	66	5	-11
-9	12	-3	43
-5	-161	6	71
-5	91	11	73
-7	169	-9	27
-15	1	1	-1
-7	-59	-1	-29
4	-107	-1	-53
-14	32	-5	-59
-10	6	-1	-43
4	63	-21	-29
-7	20	2	35
-15	-171	-6	76
-1	89	5	87
1	171	-1	43
-4	-17	3	-1
3	-77	-7	-49
-15	-107	-9	-72
-11	21	-11	-59
-9	10	13	-33
-3	75	-1	-20
0	15	7	33
5	-183	1	69
16	107	5	73
-5	163	5	45
-5	-5	5	-11
10	-49	13	-43
-11	-111	7	-69
-11	9	5	-60
-4	3	9	-33
-1	67	9	-15
-2	23	1	33
-7	-175	-7	65
1	100	-13	71
-11	169	9	55
-17	-12	-5	1
-5	-76	-13	-30
-11	-93	-5	-79
-7	3	12	-66
1	15	-7	-49
-7	67	-1	-3
-9	8	-7	35
-3	-167	-15	75
-11	101	0	81
-3	165	9	52
2	3	-3	-9
-9	-58	1	-33
-4	-99	-1	-63
7	7	16	-57
2	27	1	-47
4	65	4	-9
-3	10	-2	39
3	-173	-9	82
-1	110	5	71
-7	157	17	43
-3	-3	5	-1
-3	-58	20	-33
-13	-99	1	-61
6	7	-4	-73
-5	7	-7	-51
-1	59	6	-16
1	17	-3	41
-14	-184	-7	65
-8	103	1	81
5	153	-1	47
-9	-6	-1	-5
-9	-69	-4	-37
-13	-91	-5	-57
1	11	7	-64
5	9	-1	-43
7	68	-1	-13
-7	25	-3	33
-1	-184	-3	71
3	111	9	67
-5	183	9	43
-21	-2	3	9
-3	-57	9	-28
8	-101	11	-47
3	-1	5	-70
1	21	13	-47
-5	49	14	-13
-9	20	13	39
-5	-179	8	73
1	99	11	83
-1	161	1	51
-10	-9	7	1
-5	-81	7	-27
-2	-107	11	-63
-3	17	14	-59
-2	31	-3	-45
-3	48	1	-15
3	24	9	41
-3	-166	-5	73
-10	101	9	81
3	177	-9	37
-12	3	-1	-1
-7	-67	-5	-33
-7	-103	11	-55
-5	5	4	-65
1	16	3	-37
-1	60	1	-28
2	5	7	41
-1	-181	-6	67
-3	119	-1	83
7	179	-7	41
-5	-9	5	1
-5	-45	-4	-53
-13	-105	5	-63
-1	14	-1	-78
-6	21	3	-41
-7	66	11	-17
-4	-1	17	39
-3	-169	3	65
-10	131	3	83
4	185	4	41
-11	-1	15	1
1	-67	1	-30
-3	-85	7	-57
7	4	-1	-79
-4	27	7	-47
-1	53	-3	-11
-16	16	3	39
-11	-171	1	71
-9	105	15	87
-1	174	3	47
-8	-9	9	7
-5	-53	-1	-47
-5	-89	13	-55
-3	9	-1	-63
-2	25	3	-55
3	55	-3	-25
-15	-7	-7	39
1	-148	-4	79
-1	106	3	89
3	169	-9	39
-2	7	-1	3
3	-45	-5	-47
-12	-98	-3	-59
-15	-1	7	-63
-7	34	3	-47
-5	61	-1	-16
-2	-3	-7	47
-1	-161	1	65
-13	111	5	81
5	161	-1	37
-3	-5	3	7
-1	-37	8	-43
-11	-101	9	-55
-3	-5	-3	-80
0	33	3	-37
-3	50	1	-25
1	-7	-3	37
-3	-156	14	85
-5	109	1	69
4	163	5	51
-9	-9	3	-1
1	-59	4	-35
-13	-113	7	-65
-15	-15	-1	-58
-1	27	-13	-37
-7	57	16	-23
-14	-12	-5	35
-9	-181	4	81
3	97	3	75
-1	166	-9	51
-6	-15	-5	-5
5	-55	6	-29
0	-85	-1	-63
-10	-12	-1	-59
10	29	-5	-45
13	58	-13	-11
-1	-5	17	39
-3	-157	3	68
2	109	-1	85
-5	174	14	53
-2	-13	-1	-11
-7	-30	12	-33
-2	-105	7	-74
-5	-12	-3	-55
-5	21	13	-43
-9	50	1	-5
-16	-9	-3	33
-17	-177	3	73
-5	111	1	85
-7	145	-3	43
-3	-15	-17	1
-1	-30	-7	-47
-7	-95	-15	-55
-7	-11	-5	-67
-7	33	-1	-45
-5	49	-9	-1
-6	3	1	49
-7	-161	-3	85
-11	119	-7	71
6	159	-4	53
-11	-9	10	1
5	-47	1	-40
-3	-91	9	-59
1	-14	9	-59
-1	43	3	-49
1	45	22	-1
3	-4	13	41
4	-171	15	77
-1	119	-3	77
1	151	23	37
-8	-13	11	-5
1	-60	4	-41
-12	-89	1	-55
-1	-27	14	-63
2	43	-7	-49
-3	31	4	-11
-5	-2	-9	29
1	-171	-1	65
-15	108	-5	85
-8	156	1	49
-7	-15	-11	1
-13	-37	-5	-37
-9	-100	-7	-61
-17	-7	-5	-67
7	35	1	-47
-17	53	4	-9
-12	-3	-1	31
-15	-166	5	69
6	131	3	77
3	149	-1	43
9	-3	3	1
4	-32	15	-35
-9	-97	13	-53
-5	-12	7	-76
0	43	7	-39
-5	50	-4	-9
-5	-3	11	35
-7	-153	10	77
17	125	11	75
3	163	-5	45
-13	-8	11	-11
-11	-35	-3	-40
-4	-87	9	-57
-3	-9	1	-78
-7	43	3	-47
-3	42	10	-11
-7	-8	5	45
-9	-181	4	63
-3	123	13	81
-3	161	-7	28
-22	-9	3	-9
-19	-39	-3	-53
-16	-97	3	-55
-3	-12	-9	-73
-2	45	7	-33
-11	53	-11	-15
-15	-3	9	27
1	-169	-3	64
-14	125	-1	83
-1	153	-9	35
-13	-9	-3	13
1	-49	7	-47
-5	-93	5	-63
-1	-4	5	-63
-3	41	-3	-45
-1	63	-9	-25
-10	3	9	41
12	-168	9	65
11	119	17	79
9	179	14	33
2	-8	9	3
6	-27	-4	-45
-5	-97	21	-53
5	-15	14	-65
2	35	15	-43
8	51	7	-11
-5	-15	9	37
-5	-184	10	81
-9	117	-3	71
3	150	1	47
-15	-17	2	-5
-7	-37	-11	-46
-19	-103	-9	-67
-25	-14	-19	-60
-13	35	-7	-49
-16	59	-21	-15
-23	-28	-5	39
-3	-175	-23	65
-11	105	-11	81
-9	163	-12	42
-14	-15	-1	-3
-18	-32	-7	-35
-9	-113	3	-51
-5	-12	-9	-63
7	46	-3	-41
-7	66	8	-13
17	-3	-1	57
7	-153	1	75
8	135	15	91
8	176	9	43
18	-9	23	3
12	-22	10	-27
10	-115	13	-66
13	1	17	-61
-3	39	23	-39
-1	48	14	-1
-3	-19	7	33
-13	-163	5	65
-13	111	5	77
-21	156	-5	53
-7	-1	-1	-9
-11	-48	1	-35
-19	-105	-7	-67
-11	-21	-22	-52
-15	41	-15	-39
-25	57	-17	-11
-19	-33	-23	33
-14	-181	-15	71
-17	115	-7	69
-15	165	-5	59
-15	-16	-5	-1
-9	-29	-1	-31
-3	-116	-7	-69
-1	-5	-3	-61
5	49	3	-35
15	67	5	-3
-5	-24	5	35
8	-139	1	69
19	125	-7	77
15	171	9	37
1	9	7	-3
1	-30	25	-39
10	-115	7	-61
-5	-6	7	-71
15	53	9	-45
1	63	15	-13
-1	-16	-2	25
-1	-163	-1	53
-14	116	-9	69
-12	159	-3	45
-2	-3	-15	-11
-29	-35	-7	-39
-10	-107	-15	-74
-20	-17	-15	-59
-15	42	-7	-41
-13	53	-23	-8
-6	-17	-13	33
-14	-157	-5	72
1	127	-5	75
3	163	-9	53
-10	-3	-7	3
-3	-35	11	-41
-1	-103	-1	-57
1	-15	11	-54
7	51	15	-31
5	57	11	-19
-3	1	3	39
-3	-163	10	73
-2	117	5	83
10	159	8	47
-9	-4	9	-5
-9	-30	-3	-46
1	-107	7	-57
-5	-22	3	-63
-6	45	-1	-39
-7	37	-3	-19
-11	-28	-17	35
-19	-163	-8	67
-21	103	-13	79
-19	159	7	49
-8	-1	-5	-1
-8	-33	-12	-47
-19	-111	-13	-63
-7	-30	-9	-71
-3	45	-5	-37
11	47	-13	-1
-7	-16	10	39
3	-148	1	79
-1	109	3	79
11	175	1	45
-4	-7	5	1
9	-32	-1	-47
3	-109	17	-57
17	-19	-3	-69
3	53	7	-41
-11	45	-1	-17
-12	-27	7	53
-7	-153	19	55
-13	101	5	81
-9	158	-1	41
-9	-18	-1	7
-5	-17	-15	-47
-15	-95	17	-55
-7	-14	-12	-79
-11	53	13	-39
-17	37	-11	-15
-17	-31	-5	45
-13	-148	-7	67
-10	119	-3	73
3	165	-4	39
-3	-13	-1	11
-5	-24	-19	-48
-24	-109	1	-45
-8	-22	4	-64
4	59	5	-39
-5	49	-7	-17
-1	-15	3	33
-5	-135	-1	69
-3	109	7	77
-1	163	1	44
-6	-7	13	7
-15	-25	-1	-43
-6	-115	-3	-63
-5	-17	3	-75
-9	45	-3	-35
-7	39	8	-7
-15	-19	-13	39
-11	-150	-12	71
-6	106	5	85
-5	161	-11	43
-4	-13	-9	1
-14	-21	-9	-31
-11	-109	-1	-65
-9	-1	-1	-63
-13	50	-3	-35
-7	49	-1	-21
-8	-31	-3	33
-1	-148	-7	76
-1	111	-3	75
1	166	-19	37
-17	-8	5	1
8	-11	13	-37
-9	-105	5	-59
-11	-11	-1	-61
-7	37	3	-37
-9	48	1	1
0	-31	7	41
1	-137	3	75
5	105	5	69
-5	176	-1	39
-11	-11	13	-9
-9	-31	7	-34
-12	-93	3	-65
-11	-5	4	-63
-5	43	5	-47
-7	47	3	-3
-17	-35	-5	21
-5	-143	-1	63
-7	105	-3	73
-3	175	6	47
-9	-1	-9	-1
-10	-22	-9	-31
-11	-97	-7	-63
-1	-15	-5	-67
-2	55	-3	-45
-5	48	-6	-15
1	-27	-2	31
-5	-143	7	79
-3	114	5	69
3	156	11	47
2	-7	-5	-5
-11	-35	10	-29
-13	-111	5	-68
6	-21	-9	-59
1	53	-9	-47
-11	23	-9	-11
-4	-27	1	43
-9	-149	-3	63
-4	91	1	69
1	161	-1	43
-12	0	7	-1
-3	-35	-4	-39
-3	-115	-5	-65
9	-15	-9	-62
2	49	5	-41
-15	25	-3	-19
-8	-27	1	27
-1	-138	-5	65
2	111	5	65
1	165	19	51
-5	12	3	-3
-5	-47	1	-41
4	-93	9	-53
12	-19	19	-61
-5	55	7	-41
3	19	10	-27
-1	-23	1	37
-9	-151	1	65
-5	93	8	67
-1	153	-6	46
-9	-3	7	-7
-3	-24	-15	-41
-17	-109	1	-61
-1	-15	-9	-65
-9	46	3	-39
-3	9	-3	-11
-1	-19	-8	41
3	-153	1	58
-6	107	3	85
-8	151	-1	39
10	3	7	-1
1	-37	5	-35
3	-107	5	-59
-3	-17	3	-61
1	52	3	-39
3	-1	-4	-6
-5	3	3	25
5	-141	4	62
-7	107	-3	71
7	151	5	37
2	12	7	-1
11	-25	-1	-43
5	-105	-3	-55
-3	-24	-4	-58
-3	-138	1	-39
-5	-186	11	-11
-9	261	3	39
5	-158	-9	59
0	165	9	67
1	156	8	27
-15	17	-11	-17
-9	-37	1	-71
-14	-119	-9	-71
-3	-49	-6	-57
-9	-555	-7	-3
-3	-615	-11	51
-5	868	-11	87
-7	-159	-4	77
-7	312	-8	39
5	179	-9	-10
-7	65	-5	-71
-9	-45	1	-118
-9	-133	1	-121
-1	-48	-7	-55
5	-872	-11	57
4	-932	15	155
-1	1364	1	174
-5	-159	1	120
-6	423	11	13
3	185	3	-99
4	105	1	-155
1	-75	7	-173
-10	-131	-3	-142
3	-55	-6	-37
-3	-1059	-5	123
-5	-1091	-12	223
-12	1599	1	231
-14	-189	-4	145
-2	499	-1	-17
-7	210	7	-135
-9	139	-7	-219
4	-81	3	-206
1	-149	7	-150
-9	-39	1	-17
-9	-1100	-7	153
-10	-1086	6	255
3	1637	13	269
-1	-189	-1	147
0	498	3	-27
4	217	1	-175
-15	165	-5	-229
3	-95	15	-225
-9	-160	7	-147
-8	-45	9	-15
4	-1209	-3	159
-7	-1156	10	257
-5	1783	1	269
-7	-191	-8	162
-9	522	11	-27
-5	240	-4	-179
-5	176	-15	-261
1	-91	7	-245
-4	-175	1	-169
-3	-51	-1	-3
-9	-1349	-3	171
-5	-1307	-6	277
-3	1975	-11	282
1	-204	-1	169
-2	560	-9	-27
11	239	-15	-201
-4	191	-3	-275
7	-89	-21	-267
-5	-181	-1	-168
-3	-53	-6	-5
-5	-1549	2	207
-9	-1491	-1	331
-1	2259	3	303
-1	-229	-6	163
-5	631	7	-57
-1	259	5	-223
-10	215	5	-311
8	-107	-11	-315
3	-187	8	-192
-7	-61	-4	-8
-10	-1669	3	239
5	-1581	-5	371
5	2431	-1	359
-10	-225	-13	179
-1	675	3	-74
8	261	-8	-260
-7	235	7	-343
1	-109	-5	-327
4	-190	9	-197
3	-57	4	-1
4	-1877	-1	257
3	-1747	1	403
3	2687	9	380
6	-231	-1	186
-1	736	15	-87
3	263	1	-281
5	251	5	-373
9	-115	4	-365
0	-215	-1	-221
-5	-59	-5	7
-2	-2023	5	279
1	-1886	5	445
-7	2908	13	421
-3	-231	1	201
7	797	9	-95
-3	264	-3	-322
-10	273	-15	-407
13	-123	-13	-383
-7	-201	11	-225
-1	-55	-15	21
-7	-2157	-1	311
-13	-2011	1	486
-8	3087	1	449
3	-248	-11	225
-12	831	-1	-103
7	277	10	-343
-9	301	-3	-429
1	-107	-6	-403
5	-224	8	-232
-1	-63	-9	29
1	-2332	5	353
-8	-2151	6	507
-11	3321	9	475
-3	-257	-3	231
-1	890	13	-120
4	294	9	-379
-9	312	2	-467
-3	-131	-3	-432
-2	-236	-3	-259
9	-55	1	33
-2	-2429	9	375
-1	-2227	-5	545
-3	3457	3	503
6	-265	8	236
-11	919	-5	-131
-11	301	-3	-399
-5	331	-3	-500
-1	-130	-4	-461
-9	-247	3	-265
1	-39	3	49
-2	-2497	-1	386
-5	-2271	11	573
-1	3545	8	523
3	-256	-4	235
-15	945	3	-135
-3	310	-4	-409
-10	359	-7	-509
10	-127	10	-459
3	-235	13	-263
4	-45	-5	57
-7	-2432	11	411
3	-2189	-14	592
-11	3437	-1	530
3	-274	3	243
-9	931	7	-143
5	311	-3	-417
0	334	-3	-519
-1	-129	-17	-455
-3	-262	1	-253
3	-32	-12	55
4	-2397	-5	385
-9	-2140	11	562
3	3399	-7	511
-5	-274	3	245
-3	901	-5	-132
1	315	9	-401
9	333	-13	-505
-11	-125	-5	-455
-2	-254	1	-253
-1	-30	-6	57
-1	-2329	3	383
-7	-2075	-5	575
3	3287	-1	507
-1	-261	7	238
5	889	7	-134
-5	325	9	-383
-14	341	-5	-491
-10	-121	1	-451
-4	-251	7	-233
5	-41	-7	55
-5	-2259	-11	360
-1	-2004	1	541
-5	3178	5	491
-13	-253	1	227
-12	861	1	-127
-1	319	-6	-381
4	331	-1	-481
-7	-107	-5	-431
3	-245	7	-245
3	-45	4	63
-11	-2225	-7	357
1	-1993	-6	532
-4	3133	-1	476
-3	-279	6	231
6	853	15	-121
3	311	-1	-367
1	321	-5	-469
4	-105	3	-433
-9	-256	0	-240
-9	-43	9	54
-15	-2253	-1	351
-1	-2020	6	511
-11	3195	1	471
-10	-274	-9	237
-21	854	1	-118
-11	315	5	-367
-3	313	-2	-463
-1	-105	-11	-440
1	-251	9	-241
-5	-60	-5	39
-7	-2393	1	357
-9	-2176	-7	527
3	3419	7	481
-3	-274	-4	227
-11	901	-5	-113
-3	323	1	-373
0	343	5	-480
9	-123	-3	-461
-5	-243	11	-263
-1	-68	-5	23
-13	-2581	9	388
-3	-2349	13	563
-7	3677	-7	527
-1	-264	5	239
-13	975	-1	-125
-3	331	3	-411
-5	361	3	-515
1	-139	3	-483
7	-249	9	-279
4	-75	1	45
-13	-2885	7	405
-9	-2629	-12	614
-1	4101	7	555
-1	-311	-4	251
-10	1061	5	-151
-3	346	10	-443
-7	411	9	-557
-3	-153	3	-523
-5	-264	8	-301
5	-83	-3	44
-6	-3151	3	451
-3	-2819	-6	677
5	4445	3	617
3	-323	14	285
3	1148	1	-190
-1	341	8	-493
-13	439	-9	-620
-11	-163	3	-571
-5	-267	13	-323
-14	-93	5	61
-13	-3409	-11	503
-3	-3047	12	731
-11	4805	11	671
-11	-359	-19	293
-13	1249	1	-197
-5	369	-1	-533
-5	467	-5	-669
-8	-174	-1	-615
-20	-273	3	-335
-14	-104	-13	67
-12	-3531	-3	543
-7	-3137	-13	802
-7	4995	-5	711
-13	-346	-4	303
-5	1291	11	-213
-10	377	1	-595
-19	495	1	-711
-7	-195	-13	-643
-7	-279	7	-349
-11	-105	13	93
5	-3633	-2	557
-5	-3218	17	813
0	5105	-1	727
-7	-364	3	326
-3	1319	5	-233
-1	393	7	-597
-3	515	-5	-739
-3	-197	15	-657
-15	-294	5	-359
-5	-87	-6	96
-2	-3675	-1	579
-8	-3215	-3	845
-5	5149	9	737
-7	-372	-9	319
-16	1333	-5	-233
-5	379	11	-613
-1	526	-5	-746
-3	-191	-1	-671
-11	-288	5	-357
5	-97	-7	110
4	-3661	1	591
-5	-3179	-1	853
-3	5109	5	749
3	-369	-8	326
9	1324	-3	-236
-9	409	4	-607
2	517	-15	-738
-5	-211	11	-659
-11	-297	5	-365
-1	-89	7	91
5	-3707	5	587
1	-3246	15	847
-5	5185	-5	742
-5	-364	1	337
-6	1359	-1	-223
3	393	-6	-600
-9	537	-7	-761
-5	-211	12	-671
-14	-311	3	-369
3	-81	6	107
7	-3686	-13	603
-7	-3237	-13	867
9	5155	-1	765
-7	-374	-9	336
-9	1355	-5	-243
7	383	1	-623
2	529	-3	-759
-1	-191	7	-654
-1	-305	3	-359
-9	-86	6	106
-11	-3719	5	599
-5	-3241	-1	859
-3	5215	-1	753
-1	-389	7	329
-5	1363	-5	-237
-1	405	-8	-611
-3	544	1	-750
3	-207	-7	-685
-4	-304	15	-353
-15	-91	-5	101
-4	-3681	1	607
-9	-3215	-7	867
-12	5177	1	773
1	-385	-11	329
-1	1339	11	-227
-1	403	3	-627
-8	535	-1	-745
-5	-209	-6	-673
6	-307	11	-363
-1	-79	3	97
-9	-3778	3	591
4	-3317	-4	853
-1	5309	-13	756
-1	-373	5	335
5	1386	15	-229
-10	399	-14	-617
3	551	-9	-763
-1	-197	-9	-689
-9	-289	13	-365
4	-97	4	91
-13	-3817	-15	624
-9	-3365	1	872
-11	5343	-1	781
1	-390	-5	325
-13	1399	5	-243
1	393	10	-647
-1	547	5	-775
-3	-207	-1	-685
-7	-307	11	-365
-9	-91	1	95
-9	-3853	-9	619
3	-3359	9	885
-8	5411	-1	777
-5	-400	-7	337
-7	1401	19	-241
-1	399	5	-640
1	559	7	-770
-9	-201	1	-703
-14	-301	-1	-379
-1	-117	-7	100
-2	-4001	-1	631
-10	-3495	-9	897
5	5593	-7	799
-3	-379	-21	342
-23	1443	-1	-239
3	403	-1	-647
-5	591	-9	-795
-9	-217	-7	-721
-2	-321	3	-381
-5	-121	-13	119
-12	-4043	-1	649
-17	-3543	-5	923
-7	5663	-3	823
9	-381	-3	359
-10	1464	11	-245
-3	417	-21	-671
-9	575	-1	-815
1	-229	3	-735
2	-313	7	-395
4	-107	3	107
11	-4109	-8	656
-1	-3611	1	942
-5	5761	15	823
7	-393	-9	364
-3	1471	1	-257
3	401	12	-687
-7	595	-3	-841
-3	-223	-6	-738
-5	-315	9	-385
-1	-97	1	103
0	-4201	5	670
-13	-3645	11	955
8	5867	-9	847
3	-390	-5	363
0	1495	-1	-267
4	417	-7	-692
-9	596	-3	-853
-15	-240	-4	-765
-5	-308	7	-399
-3	-117	-7	121
-7	-4303	-7	683
-11	-3719	12	973
-3	5979	11	852
-5	-410	6	369
-5	1529	1	-279
5	425	1	-703
-9	623	-9	-859
-5	-229	-1	-766
-10	-309	15	-413
-3	-122	-7	117
-7	-4258	3	701
-7	-3707	-3	1001
-5	5963	-2	867
3	-395	1	375
-8	1539	15	-271
-5	426	9	-721
-6	617	-9	-873
3	-229	1	-755
-9	-309	11	-413
8	-112	-1	124
-9	-4300	-8	697
1	-3755	-3	1000
-1	6006	-5	877
3	-427	5	376
-10	1535	3	-281
3	415	-9	-723
-3	623	-5	-865
-3	-238	13	-764
-15	-314	11	-409
3	-104	-3	120
-12	-4311	7	697
-1	-3739	-6	998
2	6025	-1	865
-5	-413	-9	367
-5	1531	5	-281
-7	436	3	-729
-7	627	-3	-873
3	-233	-4	-773
0	-312	7	-415
-7	-105	1	132
-5	-4225	-1	691
-7	-3660	1	997
-13	5905	-3	876
3	-408	-15	379
5	1515	1	-280
-9	433	-3	-733
0	640	-11	-860
-7	-246	-17	-754
-15	-317	3	-411
-3	-103	-9	121
-12	-4190	5	681
-1	-3634	-3	979
-1	5856	3	855
-9	-393	-9	365
-17	1506	5	-265
-5	421	-5	-713
-7	631	3	-847
9	-240	10	-767
-3	-325	3	-401
1	-99	-6	117
-7	-4171	-3	677
-3	-3647	17	970
-7	5837	-1	857
-11	-408	3	361
-14	1511	5	-275
-1	429	5	-709
-12	625	3	-861
-5	-228	-5	-756
-11	-318	7	-417
-13	-97	1	124
-3	-4243	-1	670
3	-3675	1	968
-11	5903	-1	853
-3	-390	-9	369
-15	1511	11	-267
8	438	-4	-704
-11	625	-5	-849
-9	-227	4	-765
-10	-317	15	-413
-7	-99	-13	119
-5	-4169	-3	685
-3	-3619	-5	989
-17	5829	9	862
-1	-385	-1	365
5	1489	5	-266
-9	435	-11	-705
-11	624	-5	-860
-14	-235	-15	-760
-10	-313	5	-397
-5	-105	-9	119
-7	-4219	-7	677
-13	-3668	-15	965
1	5875	-9	849
-7	-387	-15	374
-11	1498	-1	-271
-8	419	1	-689
-6	623	-9	-859
-3	-229	-3	-753
2	-328	-5	-415
11	-113	-6	113
-1	-4266	-7	688
-9	-3747	3	974
-6	5967	-1	866
13	-393	-12	357
-12	1527	13	-271
1	421	-1	-709
5	631	-3	-871
-3	-235	13	-757
-7	-323	16	-411
-5	-99	1	121
-6	-4217	-1	692
-5	-3678	-11	987
2	5907	-9	875
-12	-397	-9	371
-14	1485	7	-267
-3	419	-1	-716
-21	615	-13	-863
-11	-227	-14	-767
-15	-321	7	-417
-15	-115	-9	123
-29	-4309	-13	679
-15	-3778	-1	975
-5	5999	-5	860
1	-393	-15	371
-13	1511	3	-270
-7	436	-4	-713
-18	643	-17	-866
-1	-225	-6	-778
-5	-319	5	-419
5	-103	-9	117
2	-4290	11	695
13	-3776	1	1011
-1	6011	0	893
7	-374	19	381
-3	1524	23	-277
11	437	17	-728
-5	637	5	-883
5	-251	5	-785
0	-317	5	-411
11	-105	-1	128
1	-4353	8	691
3	-3875	6	997
-17	6094	11	877
-5	-405	-19	371
-6	1541	1	-277
-14	429	-17	-735
-16	647	5	-891
-17	-233	-3	-779
-15	-312	13	-423
-7	-94	-9	124
-9	-4297	-7	712
-14	-3745	1	1024
-15	5991	-3	889
-16	-415	-7	379
-15	1515	3	-279
-9	426	-1	-725
-5	641	-9	-883
-7	-231	9	-775
-6	-310	15	-397
-1	-112	4	128
1	-4317	9	693
7	-3768	16	991
7	6023	19	870
1	-389	3	375
-7	1521	9	-271
-7	439	9	-729
-1	651	7	-877
-5	-230	1	-784
0	-315	9	-417
3	-94	-7	127
0	-4230	11	701
1	-3725	-1	999
-15	5926	-3	883
-3	-375	-19	383
-11	1503	9	-275
-5	421	-1	-727
-12	623	-5	-877
-7	-225	-9	-775
-7	-317	-1	-405
3	-99	-1	131
-3	-4319	3	693
-3	-3815	-3	985
-6	6031	3	867
-5	-379	-1	368
-7	1525	11	-265
-3	431	12	-711
-10	647	-9	-877
19	-230	3	-787
7	-311	15	-417
-1	-84	9	108
0	-4369	-1	702
-11	-3812	6	1008
2	6107	-1	897
1	-379	3	381
-1	1529	15	-283
-15	441	-5	-734
-3	637	-9	-879
-9	-229	-11	-785
-13	-319	7	-415
-10	-102	-9	113
-4	-4349	-7	717
-17	-3806	7	1011
-7	6066	-3	902
-11	-397	-11	383
-13	1531	1	-277
-11	431	4	-733
-14	656	-11	-895
-17	-233	-1	-787
-11	-337	1	-417
-7	-93	3	123
-9	-4461	-7	711
-3	-3917	9	1011
-11	6237	-13	885
-11	-371	9	393
-7	1571	11	-275
-11	438	4	-725
4	667	-11	-905
5	-253	7	-791
3	-331	9	-437
1	-86	1	117
-1	-4421	-1	711
3	-3897	9	1051
-4	6175	5	909
-7	-383	-9	390
0	1565	13	-295
-10	433	-5	-747
-12	653	-3	-909
-7	-253	-4	-787
1	-332	-2	-415
-1	-91	-9	133
-2	-4489	-1	711
-5	-3921	-1	1024
-4	6261	-5	897
-3	-385	-11	383
-9	1572	-9	-287
-11	441	9	-753
1	657	-5	-907
-13	-251	-9	-803
-1	-331	1	-436
-17	-96	-7	117
-1	-4475	-3	731
-5	-3937	7	1041
-3	6255	5	920
-3	-392	6	397
-7	1582	13	-292
-1	446	-5	-765
-6	670	-9	-921
-9	-265	-6	-802
1	-315	15	-419
7	-103	-9	127
-5	-4570	-3	733
1	-4038	13	1047
-1	6396	-3	913
9	-383	3	398
2	1603	7	-289
-8	435	17	-759
6	687	1	-913
3	-246	18	-815
-9	-332	9	-455
-3	-104	-3	133
-5	-4614	8	738
-9	-4115	17	1062
-7	6455	-7	942
-7	-400	-1	397
-4	1643	9	-297
-19	426	-9	-779
-17	693	-3	-947
-5	-249	-7	-827
-19	-343	5	-437
-9	-91	-13	131
1	-4599	-7	759
-25	-4063	1	1077
-10	6431	-11	943
-7	-411	-1	411
-15	1608	-7	-309
-7	459	1	-779
-5	679	-9	-937
-5	-261	-9	-837
-6	-329	11	-433
-5	-91	-3	146
6	-4627	7	757
9	-4091	-7	1069
0	6487	13	934
6	-400	-1	399
-3	1616	21	-289
9	473	9	-781
9	698	3	-962
3	-264	15	-836
12	-325	25	-449
-3	-99	-9	123
-9	-4633	3	757
-1	-4119	11	1078
-13	6491	1	937
-11	-382	-7	395
-14	1631	17	-305
-18	456	-7	-792
-14	697	-15	-943
-7	-273	-23	-843
-17	-347	1	-449
-9	-109	-15	132
-19	-4739	-11	755
-5	-4235	-9	1072
-11	6621	-5	955
-16	-415	-17	397
-8	1659	-3	-291
-1	451	5	-795
-3	717	-7	-961
3	-274	4	-869
7	-341	13	-445
5	-83	-5	129
3	-4740	3	777
8	-4171	17	1113
16	6621	11	963
15	-418	10	417
-1	1666	21	-309
4	465	15	-813
-3	703	1	-963
5	-251	15	-861
-1	-333	9	-455
-3	-95	6	129
-16	-4833	-11	775
-9	-4261	-11	1101
-3	6729	3	962
-24	-402	-23	403
-13	1670	-1	-305
-9	477	-1	-813
-17	721	-9	-984
-5	-282	3	-883
-9	-349	7	-465
-3	-112	-11	137
7	-4893	-19	793
10	-4321	-3	1133
-1	6835	-5	991
11	-391	-15	416
-1	1719	5	-313
3	477	-3	-825
10	731	-5	-991
13	-269	16	-881
-1	-348	7	-459
11	-99	-11	152
7	-4905	10	795
9	-4364	9	1157
-1	6865	3	999
-1	-425	9	419
-10	1725	7	-329
1	467	1	-841
-19	722	-15	-1005
3	-271	1	-881
-21	-351	0	-465
-3	-75	-1	147
-9	-4873	-21	802
-8	-4265	-7	1143
-17	6791	-7	999
-1	-415	7	425
-7	1702	1	-337
17	461	6	-847
-5	731	-19	-1005
1	-269	-4	-878
-7	-345	5	-458
3	-81	4	149
0	-4853	-7	783
5	-4215	7	1143
5	6759	7	985
3	-407	-6	419
9	1683	13	-323
-11	475	3	-829
-2	717	-7	-994
-11	-279	19	-867
-4	-359	13	-461
-10	-114	-7	151
-1	-4936	-13	797
-13	-4341	1	1118
-9	6891	-11	973
-11	-397	1	414
-10	1707	-1	-319
5	467	3	-821
-9	731	-7	-1011
3	-300	3	-887
-12	-342	3	-465
4	-78	3	146
-1	-4860	3	814
-7	-4303	12	1153
3	6807	-3	1001
-3	-400	-6	415
-5	1703	25	-327
7	467	10	-839
-7	718	-11	-1011
6	-269	5	-875
9	-343	29	-459
7	-96	-7	155
-2	-4931	3	792
-3	-4313	11	1119
0	6881	-7	991
-3	-413	7	421
-10	1703	19	-323
1	459	-1	-827
-13	723	-16	-1003
-9	-277	-4	-887
-12	-345	-1	-461
-9	-95	-13	148
-12	-4935	-7	805
-5	-4303	1	1151
-10	6859	-13	1005
-1	-409	-6	415
-11	1699	0	-341
-11	493	3	-845
-1	733	-15	-1010
-7	-284	3	-879
-3	-361	19	-453
3	-71	-1	149
-3	-4875	11	811
4	-4280	3	1147
-1	6803	8	987
-1	-408	-19	414
-14	1699	17	-329
-5	465	9	-839
-7	739	-5	-1015
10	-301	-7	-885
-7	-358	13	-469
-5	-97	-15	155
-7	-4786	2	804
-19	-4241	-1	1121
1	6697	-5	985
-9	-411	-14	409
-17	1667	-3	-323
-11	474	-1	-831
-23	723	-9	-993
-5	-279	-13	-863
-5	-349	8	-443
-1	-84	-22	149
-8	-4851	-17	788
-9	-4255	-7	1111
-1	6781	-1	975
3	-405	-15	413
-9	1674	5	-309
-3	477	9	-825
-3	735	-11	-983
1	-283	1	-880
11	-345	19	-467
-3	-73	3	129
-3	-4869	-11	797
3	-4256	3	1141
-5	6813	-5	983
-1	-395	6	419
1	1681	2	-323
-5	469	-4	-839
-14	725	-3	-989
-8	-279	6	-883
-11	-357	15	-467
-12	-87	-17	135
-9	-4861	-7	791
-3	-4285	-3	1123
-9	6795	-10	989
-1	-381	-17	412
-7	1687	15	-327
3	456	-9	-821
-3	725	-17	-989
-7	-274	-3	-891
-7	-358	9	-469
-3	-89	5	148
-15	-4913	0	799
-5	-4349	5	1133
-11	6870	5	988
-3	-389	1	417
-7	1691	-1	-325
13	469	3	-827
-3	740	9	-1015
4	-283	5	-893
-9	-349	21	-477
3	-73	9	143
-11	-4833	-1	804
-3	-4235	1	1147
-13	6755	3	991
-5	-395	3	421
-3	1660	-1	-333
1	459	-4	-849
-1	713	-25	-1007
-3	-261	4	-881
-9	-335	-1	-459
-7	-95	-3	156
-10	-4817	-3	795
-3	-4211	-3	1117
3	6738	-3	979
-3	-371	3	409
7	1638	16	-321
-9	477	-1	-819
-7	723	3	-994
1	-285	1	-873
2	-345	9	-461
7	-114	-9	145
7	-4811	-7	793
-5	-4225	1	1133
3	6715	-3	965
-7	-348	-3	402
-5	1657	23	-339
-9	455	14	-823
4	717	-15	-993
-10	-281	-9	-871
-10	-327	17	-469
13	-123	8	135
-7	-4885	3	792
-9	-4311	-3	1131
1	6801	7	986
-5	-297	1	405
-8	1661	11	-323
-5	425	-13	-821
3	724	-11	-981
-1	-273	-6	-887
-11	-328	13	-481
-1	-111	1	127
-7	-4878	-9	792
-11	-4265	4	1135
-5	6741	5	991
1	-246	7	405
-2	1637	5	-321
3	377	5	-825
-13	729	2	-983
-15	-233	-1	-876
-8	-274	15	-475
-1	-99	-12	131
2	-4929	-5	785
-24	-4341	-1	1129
-9	6796	-5	973
-7	-215	6	403
3	1620	-5	-326
-3	311	4	-827
-11	729	-3	-980
-9	-230	-9	-871
-5	-251	13	-467
-1	-81	1	141
3	-4958	-1	795
-5	-4395	-7	1140
-1	6879	3	979
-7	-203	-17	387
-11	1631	15	-361
5	284	1	-849
-2	723	-1	-1001
-3	-220	-1	-873
-7	-251	21	-439
6	-77	-5	174
-9	-4961	-15	831
-9	-4408	7	1157
1	6880	7	987
-1	-235	3	361
-17	1619	-5	-377
-5	273	12	-875
-11	715	-13	-1007
-1	-227	18	-855
-19	-258	11	-411
-7	-55	11	209
-16	-4979	-7	845
-13	-4351	12	1155
0	6863	3	979
-3	-231	-3	353
-3	1610	17	-385
4	291	3	-869
-5	715	-3	-1003
1	-211	-3	-839
-2	-235	15	-397
5	-78	-4	207
-3	-4999	-5	845
7	-4403	-1	1147
-2	6917	-9	956
6	-223	3	346
-9	1613	11	-393
-1	284	15	-863
-8	731	-9	-984
3	-221	9	-839
0	-263	11	-399
3	-76	5	211
-2	-5040	-9	854
-13	-4441	6	1163
3	6977	9	959
-11	-213	1	345
-22	1635	3	-409
3	279	4	-881
-4	725	-5	-1003
-9	-225	-1	-841
-7	-257	7	-407
-3	-68	4	225
-7	-5021	-10	873
-9	-4444	9	1181
-2	6943	-1	970
-1	-245	3	349
4	1627	1	-411
-3	285	16	-883
-11	732	-11	-1001
6	-222	-3	-839
-9	-248	3	-393
-3	-73	-11	215
-10	-5033	5	857
-5	-4399	-1	1167
-3	6975	1	963
5	-223	-9	357
-15	1631	1	-401
1	269	-4	-889
-7	731	-13	-1005
5	-225	-3	-841
2	-253	9	-401
-17	-75	-3	223
-3	-5037	-3	857
-10	-4391	20	1169
-5	6933	3	979
4	-219	3	351
-1	1626	10	-419
-7	291	-9	-887
-6	733	-7	-1009
-1	-222	-1	-845
-9	-243	9	-407
-3	-75	-7	221
1	-5037	-11	856
-1	-4416	-11	1166
3	6951	1	967
5	-220	-3	343
-9	1643	5	-413
-3	261	7	-885
-1	723	-7	-1013
5	-235	-9	-835
2	-257	11	-413
-3	-79	5	211
-9	-5005	-11	855
1	-4433	-9	1173
-7	6925	-3	973
-8	-230	-9	345
-4	1621	7	-409
7	287	-1	-891
-13	725	-11	-1013
-5	-220	-1	-847
-7	-261	7	-405
3	-57	1	217
-4	-4975	-3	862
-5	-4367	1	1161
-9	6897	-1	959
-5	-253	-5	343
-2	1616	5	-409
4	261	9	-889
-13	729	-13	-1005
-3	-222	-9	-839
-11	-260	7	-407
-1	-71	-7	207
-17	-4997	5	855
-1	-4381	-1	1149
-7	6903	-5	968
3	-245	-15	344
-5	1606	8	-399
3	287	3	-887
-7	733	-7	-992
-11	-227	-1	-845
-5	-253	13	-401
-1	-69	-9	215
5	-4879	5	854
-1	-4262	1	1156
1	6715	7	959
-11	-215	1	347
-1	1581	11	-401
3	266	9	-877
-2	707	-5	-991
3	-227	-3	-817
3	-257	21	-379
8	-75	-13	228
7	-4834	-3	823
3	-4255	-1	1119
0	6673	-1	938
-9	-233	-7	326
-5	1569	9	-387
1	267	3	-855
-1	701	-9	-975
-9	-207	1	-817
-5	-273	5	-379
5	-63	-11	211
-12	-4795	-1	830
-15	-4185	9	1119
-4	6629	5	933
-1	-243	-1	335
-9	1554	5	-391
-1	269	13	-857
-15	693	-9	-967
-5	-199	11	-809
-1	-248	11	-395
-1	-75	-11	201
-10	-4867	-3	819
-1	-4273	14	1105
-3	6717	-1	924
6	-215	-4	339
7	1569	15	-401
1	271	21	-849
-7	713	-7	-969
-13	-220	-7	-819
-4	-251	11	-397
-3	-81	-1	213
-2	-4889	-9	833
-11	-4291	8	1131
-11	6763	10	945
3	-215	-9	351
-10	1589	11	-385
3	248	-1	-853
-5	715	-11	-969
-1	-207	5	-811
-17	-255	5	-399
-1	-59	-13	212
-5	-4839	-16	841
-7	-4267	7	1145
0	6703	-5	943
-7	-235	7	352
-6	1565	7	-391
9	261	-1	-859
-17	699	-5	-975
4	-203	1	-816
-5	-256	19	-387
-5	-53	1	229
-4	-4869	-1	823
-5	-4253	-4	1125
-13	6735	1	921
-1	-233	1	343
-14	1577	17	-405
6	251	11	-861
-11	709	-18	-965
-5	-225	-11	-821
1	-237	15	-401
-7	-69	-17	217
-1	-4905	-17	827
-10	-4272	16	1137
-7	6779	-7	924
-1	-222	-4	342
-1	1593	18	-403
-7	261	13	-853
-15	714	-9	-981
-9	-222	-1	-826
-10	-253	9	-389
3	-63	5	215
-2	-4951	3	837
-1	-4335	8	1128
-1	6851	9	945
-5	-215	-3	343
-12	1631	7	-397
-11	243	-1	-861
-12	727	-9	-987
-7	-215	-1	-829
-16	-243	13	-393
4	-65	-6	199
-9	-4883	0	851
-9	-4285	1	1145
-16	6745	5	949
-8	-243	7	341
-4	1603	3	-405
-1	253	12	-877
0	705	-3	-981
-9	-199	5	-835
-19	-246	5	-375
-5	-67	-3	213
-6	-4997	-9	841
3	-4352	3	1131
-5	6899	7	947
-5	-246	5	331
-7	1614	5	-403
6	264	-4	-869
-7	725	-5	-983
-3	-220	17	-847
-11	-257	15	-416
-5	-63	-14	197
-5	-4949	7	853
-3	-4329	7	1159
-14	6852	-3	971
-11	-233	-17	332
-11	1598	27	-409
-3	263	9	-885
-10	717	1	-991
-1	-223	-6	-841
-5	-257	7	-405
-3	-67	-17	203
-7	-4990	-7	839
-15	-4364	-13	1126
-7	6900	5	937
-3	-229	-22	337
-19	1631	3	-401
-7	256	3	-877
-11	725	-9	-989
-3	-230	7	-849
-2	-249	7	-397
3	-48	-1	211
1	-4965	3	859
-3	-4362	-1	1143
-11	6872	17	954
-1	-240	-5	348
2	1633	13	-411
-3	253	3	-893
-9	729	7	-999
13	-223	-13	-835
-9	-241	5	-393
3	-63	-11	213
-12	-4969	15	850
-8	-4325	9	1139
1	6877	1	957
-11	-243	-1	343
-13	1616	7	-401
1	239	13	-877
-17	725	-13	-995
-11	-207	5	-847
-3	-243	-1	-405
-3	-76	-3	219
0	-5009	-5	849
1	-4349	7	1159
-13	6899	5	956
-3	-227	-4	340
-3	1624	21	-415
-1	269	-9	-882
-3	731	-5	-1000
-9	-215	6	-841
0	-261	1	-399
5	-66	-3	209
3	-4977	1	856
-1	-4316	13	1155
-13	6849	8	961
3	-223	-11	359
7	1619	7	-407
-3	258	-3	-883
-3	723	-9	-1003
5	-203	-9	-843
-3	-267	-1	-405
-3	-51	3	223
-9	-4937	1	833
-5	-4319	6	1145
-6	6828	-3	946
-7	-247	-3	342
-9	1629	11	-407
-3	258	3	-871
5	707	-11	-989
-7	-215	-1	-837
-7	-258	5	-399
-5	-48	1	203
-4	-4920	-11	841
1	-4254	3	1145
-5	6797	3	941
-1	-249	3	351
-9	1600	5	-405
3	253	13	-875
-1	701	-13	-995
-5	-209	5	-821
-12	-246	-7	-409
-1	-71	12	205
-4	-4987	-11	837
-7	-4323	-3	1141
-9	6871	-11	938
-9	-237	-8	333
-9	1615	-3	-405
3	253	7	-859
-7	717	-15	-999
3	-219	-7	-837
-7	-253	1	-413
-9	-57	1	213
-5	-4982	-13	852
4	-4357	-9	1154
1	6887	-2	951
9	-223	-13	349
0	1633	15	-407
1	243	-1	-879
1	717	-17	-1017
-3	-229	1	-847
-9	-259	9	-409
10	-57	-1	213
-13	-5028	-1	851
-5	-4419	-3	1149
-3	6964	-3	966
-9	-240	-9	346
-11	1655	5	-407
-1	251	-1	-875
-5	726	-3	-1005
-11	-225	-15	-845
-5	-257	10	-401
-9	-63	5	211
-9	-5057	-9	859
-8	-4387	-4	1167
-11	6983	1	973
-5	-251	7	353
-7	1651	11	-417
3	263	4	-893
-19	723	-5	-1009
-7	-215	1	-851
0	-252	19	-397
-5	-68	-1	223
-2	-5001	-1	867
-1	-4346	3	1173
1	6925	7	962
-5	-240	-4	345
-9	1638	10	-405
-7	261	-4	-882
-14	722	-1	-1005
-9	-215	6	-853
-4	-261	9	-397
-7	-68	3	221
-3	-5053	-1	856
-5	-4403	7	1163
-7	6980	2	965
-3	-230	-4	355
1	1663	3	-397
-11	245	-5	-887
-4	729	-11	-993
-1	-223	12	-853
-9	-259	23	-403
8	-41	-11	214
-7	-4975	-3	871
-11	-4353	-3	1175
-5	6878	11	979
-1	-251	-7	352
4	1629	7	-411
5	243	-5	-895
-16	719	-3	-1015
3	-191	1	-845
-5	-256	16	-385
9	-49	-7	215
-7	-5039	-3	860
-13	-4377	7	1145
-8	6971	13	957
5	-265	-3	345
7	1645	7	-409
10	239	-8	-885
-9	709	0	-993
-5	-207	-7	-839
-4	-263	15	-401
3	-68	-11	213
-1	-5033	-7	869
-9	-4351	1	1159
-11	6940	-9	975
8	-251	1	346
-9	1632	15	-405
7	258	-9	-890
-3	709	-11	-1000
-3	-223	-13	-839
-4	-259	31	-397
3	-65	-1	207
-13	-5096	-9	864
-9	-4447	-1	1166
5	7047	3	977
3	-238	-13	349
-3	1677	17	-401
19	248	-5	-891
-2	731	-11	-1009
-1	-203	-7	-863
-12	-261	11	-413
10	-47	5	209
-17	-5096	11	873
-5	-4441	14	1181
-3	7011	-1	982
-1	-235	-7	356
5	1655	9	-423
3	251	12	-895
-10	725	-19	-1011
4	-207	-7	-855
1	-270	10	-407
-3	-45	-9	217
-9	-5013	1	870
-15	-4339	6	1180
1	6919	9	979
-11	-256	-11	345
-7	1651	23	-407
1	243	4	-885
-13	717	-16	-1005
-1	-217	7	-847
0	-248	7	-405
-5	-69	-3	217
-3	-5035	-3	845
1	-4352	3	1161
-5	6926	-3	956
6	-235	-1	338
-7	1636	-2	-415
-11	249	6	-868
-20	718	-13	-1007
-9	-223	23	-841
-11	-257	7	-409
3	-71	5	217
-1	-4980	-3	858
-9	-4334	11	1158
-5	6879	7	955
-3	-229	7	359
-7	1641	11	-412
-1	248	12	-877
-2	727	1	-1009
3	-209	1	-839
-9	-261	13	-401
4	-63	7	226
1	-4941	-8	855
-5	-4326	19	1161
-4	6838	-1	946
-8	-253	5	343
-9	1633	-3	-407
-5	235	-3	-871
-9	707	-9	-999
3	-223	3	-821
-9	-269	8	-405
-3	-63	-5	219
-9	-4913	-3	831
-13	-4231	-1	1143
-15	6751	-3	937
-13	-249	14	349
-15	1611	9	-419
-3	233	8	-865
-5	699	-8	-983
-13	-209	1	-831
-5	-238	9	-397
1	-76	9	209
2	-4909	-9	827
-5	-4267	18	1135
-10	6787	-11	926
19	-230	-6	331
-1	1616	2	-399
-7	227	3	-853
-9	718	3	-990
-1	-213	-1	-827
6	-241	9	-395
-3	-53	7	211
-9	-4821	-9	841
-11	-4173	-11	1130
-9	6640	-3	943
-3	-248	-6	337
-16	1597	7	-389
-9	212	-13	-869
-16	691	-5	-971
1	-211	7	-817
-10	-253	15	-385
-3	-65	-3	206
-13	-4858	-5	833
-9	-4253	-9	1104
-8	6713	5	916
-12	-243	-7	326
-16	1599	9	-375
-3	212	-9	-861
-1	709	-7	-965
6	-207	1	-829
1	-263	9	-387
-3	-57	-13	195
-11	-4900	-5	839
-9	-4237	-7	1127
-6	6769	7	933
3	-255	-19	333
5	1609	9	-397
-1	235	-21	-857
-3	705	0	-975
-7	-212	12	-827
-14	-248	13	-391
-1	-73	-7	207
10	-4865	-1	835
-3	-4193	1	1127
-2	6725	7	948
3	-235	6	329
-3	1593	11	-393
-9	217	-13	-861
-7	693	-5	-973
-1	-211	3	-821
-7	-257	17	-389
-11	-50	-7	197
13	-4911	-5	831
-1	-4254	-3	1117
-7	6763	11	933
5	-235	-13	319
-7	1619	9	-389
1	215	5	-857
-4	703	-7	-981
-7	-222	-7	-825
-10	-267	19	-387
4	-27	5	215
-7	-4872	-11	839
13	-4259	1	1145
-11	6745	7	943
11	-289	-1	336
1	1619	17	-393
7	231	12	-873
-10	699	1	-977
8	-202	-3	-823
-5	-257	9	-385
-5	-55	3	219
-11	-4894	1	835
-13	-4213	9	1117
-13	6725	-3	937
3	-256	-11	343
-5	1607	1	-393
8	225	-9	-869
-11	687	-15	-989
-1	-197	-12	-831
-7	-249	5	-379
-9	-55	-4	223
10	-4787	-9	845
-17	-4081	10	1133
-7	6603	3	926
3	-297	-13	325
-17	1587	13	-405
-1	279	1	-847
0	683	-9	-970
-3	-217	9	-804
4	-283	9	-383
14	-89	-1	205
5	-4783	-3	819
8	-4125	-1	1114
-9	6611	10	925
3	-231	-3	339
-2	1601	7	-385
5	248	7	-845
-11	713	-5	-959
-7	-221	10	-793
-2	-265	11	-393
6	-76	-6	212
-13	-4855	-5	816
-11	-4213	14	1121
-4	6689	7	921
-1	-249	-5	344
2	1607	5	-367
7	202	-5	-827
-3	699	-5	-957
6	-197	5	-809
3	-255	3	-423
-3	-55	-13	173
-1	-4769	-3	801
3	-4093	9	1113
-2	6567	-3	933
-5	-258	3	353
-10	1579	13	-391
-3	227	-1	-855
-13	679	-16	-973
-3	-209	7	-803
0	-247	13	-385
-3	-61	-5	211
-11	-4729	3	807
-3	-4037	12	1113
-7	6507	-5	912
3	-240	-3	330
-3	1544	2	-389
-5	202	5	-843
-11	682	-13	-950
-9	-207	7	-787
-5	-237	-5	-377
10	-57	-13	213
-9	-4621	-9	801
6	-3947	4	1091
-3	6356	-5	903
-11	-238	-11	329
-12	1537	7	-383
7	197	-9	-832
-2	677	-3	-943
-12	-207	-5	-783
-1	-251	7	-373
6	-59	1	206
-5	-4641	-8	794
5	-4005	-5	1064
-6	6421	5	874
-10	-263	-13	318
-5	1555	7	-381
3	189	-7	-811
-16	681	-5	-927
1	-203	1	-776
5	-249	-7	-383
-9	-53	-7	199
-11	-4597	-17	791
-8	-3914	-1	1071
4	6317	-1	893
-1	-246	-1	319
-7	1513	-1	-379
6	192	3	-816
-7	675	2	-923
-9	-197	6	-771
0	-232	15	-365
-10	-76	3	195
-4	-4629	-1	777
-9	-3974	-1	1035
-2	6381	17	868
1	-237	-7	301
-19	1521	-1	-371
3	195	15	-803
-7	672	-1	-915
5	-213	-1	-774
-1	-233	9	-371
1	-76	-1	193
-9	-4599	1	785
-3	-3919	4	1060
1	6327	2	897
-3	-247	-1	315
-18	1518	11	-373
3	179	-7	-829
-9	675	-3	-913
-3	-197	-9	-767
3	-253	9	-363
11	-60	13	205
-15	-4665	-8	804
-13	-4031	-1	1049
-14	6456	1	872
1	-253	-14	301
-9	1545	13	-365
10	181	7	-813
-9	679	3	-905
8	-195	-13	-782
-9	-251	7	-365
-1	-69	-12	199
2	-4721	7	802
-3	-4020	-1	1075
-11	6491	1	891
-7	-237	5	313
-5	1563	1	-395
6	203	-6	-837
-7	673	-11	-919
-9	-197	1	-783
-11	-235	19	-375
1	-73	-4	203
-9	-4665	3	803
-7	-3939	-9	1087
-14	6417	7	898
6	-261	-13	326
-5	1537	8	-393
-17	194	1	-827
-8	678	-13	-928
-11	-202	14	-776
-9	-261	11	-357
5	-66	-9	207
2	-4767	-5	795
4	-4049	-1	1075
-3	6575	-7	887
-5	-233	-17	307
-3	1583	17	-377
-8	183	5	-832
-11	693	-7	-939
-3	-211	-7	-797
-11	-253	11	-387
-5	-42	1	200
-7	-4681	-7	810
3	-4015	5	1107
-15	6438	-5	908
-1	-276	-5	321
10	1543	-7	-397
-5	195	7	-847
-17	677	-3	-937
-9	-204	13	-779
-3	-258	17	-363
3	-65	-5	219
5	-4663	7	796
-10	-3938	1	1069
2	6415	9	873
-7	-267	1	317
-3	1549	13	-391
-1	197	-5	-810
-1	675	-11	-929
-11	-191	-9	-777
-7	-251	-5	-375
-9	-60	-3	205
7	-4543	-5	797
-17	-3830	3	1071
-1	6226	-17	884
-3	-259	-7	325
-9	1503	-9	-397
-5	187	5	-805
-9	662	3	-922
-11	-197	3	-745
-2	-251	5	-349
-7	-73	-7	201
-1	-4560	-13	777
4	-3869	1	1033
-7	6279	-3	861
-1	-243	-1	311
-3	1508	5	-365
3	168	-6	-794
-13	669	-9	-909
-5	-197	22	-765
-9	-245	11	-361
10	-63	-3	199
3	-4619	-11	788
-7	-3923	1	1053
-8	6347	-1	876
-8	-273	-3	303
-10	1545	7	-369
1	163	14	-799
-9	677	-17	-931
-5	-210	-15	-775
-13	-238	15	-369
1	-67	-7	207
-11	-4651	-13	788
-8	-3911	-1	1065
-4	6371	-15	875
-1	-264	-1	309
-3	1533	5	-391
-7	171	-4	-810
1	677	3	-909
-5	-202	-3	-765
-8	-241	7	-353
-15	-87	-1	197
-4	-4669	-3	789
-3	-3927	7	1067
-7	6419	-5	874
13	-257	3	301
1	1542	10	-371
-5	179	-1	-821
-6	684	5	-921
-3	-215	1	-767
-4	-235	17	-373
3	-67	-7	197
-9	-4667	-5	791
-15	-3935	-1	1071
-5	6421	-13	889
1	-255	-12	311
-6	1571	9	-381
-15	163	1	-820
-4	687	-7	-931
-1	-201	-1	-773
-7	-249	11	-373
-5	-71	-5	213
-3	-4786	-2	792
-7	-4069	7	1066
-12	6578	1	888
-1	-285	-7	313
-10	1589	13	-379
3	163	-9	-833
-7	701	-3	-923
-7	-217	5	-798
-7	-241	10	-381
7	-76	1	203
-7	-4733	5	821
-3	-3981	1	1103
-4	6527	5	921
5	-305	-17	333
-3	1582	3	-391
4	175	-5	-849
-7	685	-7	-943
-3	-211	-1	-781
-11	-236	9	-373
9	-86	3	215
-13	-4815	3	813
-1	-4045	20	1087
1	6622	-3	898
-9	-276	-13	319
3	1606	17	-395
-3	183	5	-835
-15	712	-17	-952
-9	-221	9	-797
-14	-243	7	-383
-5	-79	-1	205
-3	-4841	-3	831
-1	-4084	1	1117
-11	6668	-5	909
3	-265	-9	313
-1	1617	15	-397
3	171	4	-847
-25	713	-11	-955
3	-222	10	-801
-5	-249	15	-379
4	-97	-5	220
-1	-4866	1	835
-5	-4120	-1	1106
-13	6689	-1	917
-8	-300	1	334
-6	1631	13	-403
-7	171	-13	-855
-10	722	-9	-967
6	-209	3	-800
-13	-268	11	-377
-7	-61	-5	215
-9	-4811	-1	836
-14	-4030	1	1121
0	6607	1	925
-1	-289	-1	327
5	1601	7	-403
6	173	13	-857
1	699	2	-955
-11	-209	1	-793
-22	-237	21	-375
-5	-83	5	223
-8	-4731	1	835
-10	-3921	3	1093
-7	6487	3	910
-3	-281	-1	324
7	1572	21	-401
-3	187	13	-835
-16	706	-7	-949
-3	-210	1	-783
-20	-265	3	-369
3	-81	1	207
-13	-4688	-3	815
-3	-3938	-1	1081
-7	6448	-3	897
-17	-257	1	315
-6	1573	15	-381
3	171	-7	-818
-7	691	-11	-937
-5	-221	-3	-791
-2	-267	5	-381
11	-60	-19	221
-7	-4541	3	800
11	-3833	9	1078
-8	6241	-5	888
3	-295	3	319
-7	1531	1	-387
1	171	-9	-817
-9	675	-13	-927
1	-179	11	-756
-1	-253	7	-361
-5	-63	6	197
-9	-4583	-5	775
3	-3825	-7	1034
-4	6285	3	857
-11	-267	-5	301
-7	1527	15	-367
-1	185	4	-791
-15	673	-18	-901
-9	-185	-1	-761
-7	-243	1	-365
-1	-73	-15	191
6	-4539	-5	789
-11	-3811	-1	1047
-12	6235	-3	866
-1	-261	-1	307
-7	1509	11	-373
-7	174	1	-807
-9	667	-7	-906
-8	-193	5	-742
-13	-237	11	-361
3	-59	3	213
-13	-4545	3	779
6	-3842	20	1037
-1	6245	-3	853
-13	-253	-12	295
-12	1518	7	-363
-1	149	9	-799
-8	677	-13	-903
-5	-195	-3	-761
-9	-251	13	-361
-5	-42	-13	194
7	-4536	-9	782
-11	-3868	7	1049
-11	6247	11	866
-13	-253	5	298
-19	1511	17	-369
1	176	1	-797
-10	669	-13	-905
-5	-191	1	-746
-13	-254	15	-357
5	-48	-9	197
0	-4597	-1	761
-12	-3853	7	1029
1	6321	5	871
3	-251	-3	309
0	1523	11	-377
-9	171	9	-801
-17	679	-13	-907
5	-187	9	-749
-1	-243	3	-367
-10	-87	-1	195
-5	-4635	-9	781
5	-3925	-7	1053
-10	6369	3	866
1	-249	-4	298
-3	1542	-9	-379
-11	181	19	-809
-4	686	-11	-919
-5	-197	-1	-769
-11	-259	11	-365
5	-65	-3	203
-9	-4571	-11	783
4	-3896	4	1058
-7	6321	3	887
-3	-251	5	313
-16	1537	9	-385
-7	161	12	-811
2	667	-7	-925
-3	-195	-9	-759
2	-249	5	-357
-1	-59	-5	195
11	-4625	0	785
3	-3953	-4	1055
0	6394	-5	874
5	-261	-9	301
6	1545	7	-379
9	177	12	-811
-3	675	7	-907
-1	-209	4	-760
-7	-249	0	-361
-1	-58	-3	193
1	-4625	-3	793
-11	-3921	11	1063
2	6363	11	891
1	-251	-1	311
-9	1525	13	-387
4	179	7	-819
-1	671	-5	-929
-3	-191	7	-763
-7	-240	11	-383
11	-63	-1	199
-17	-4583	-7	785
-3	-3904	-5	1065
5	6315	-5	870
3	-243	3	311
1	1521	-3	-375
-7	187	9	-815
-3	682	-3	-921
-14	-181	4	-766
-3	-253	1	-365
-5	-48	-19	195
3	-4583	-5	777
-7	-3912	6	1061
-13	6323	2	877
-13	-222	-15	315
-16	1522	7	-383
-13	175	9	-808
-9	675	-7	-905
-7	-197	-9	-761
2	-251	11	-359
-1	-78	-1	196
-11	-4605	-1	781
-11	-3975	-1	1061
-3	6381	-1	869
-3	-264	5	310
1	1525	13	-385
-3	181	10	-815
-7	675	-11	-921
6	-179	-3	-764
-3	-251	9	-361
-1	-47	-3	207
-1	-4591	3	783
-13	-3920	-11	1069
-1	6321	-7	881
-7	-243	-5	317
-7	1529	13	-381
-1	186	3	-819
-17	673	-5	-921
5	-186	-1	-763
-2	-242	3	-363
-8	-53	-17	207
0	-4613	-11	777
-7	-3963	-11	1043
-5	6383	3	880
6	-255	-4	301
-15	1523	3	-373
9	207	-3	-807
-3	673	-9	-914
-12	-202	1	-767
4	-267	7	-371
-10	-58	-3	203
-7	-4649	-3	801
11	-4039	4	1052
-15	6455	3	887
-7	-231	-7	315
-11	1557	15	-365
-14	195	6	-815
-4	679	-9	-931
3	-201	10	-773
3	-259	11	-373
-3	-39	-9	201
-5	-4600	0	797
-7	-4009	-3	1071
-1	6371	7	898
-17	-243	-12	318
-8	1553	1	-383
-1	185	-1	-825
-3	663	-7	-925
-9	-179	-5	-768
-7	-263	3	-365
7	-40	-9	203
1	-4581	1	785
-5	-3965	1	1055
-5	6363	1	877
-1	-256	-5	319
-13	1513	1	-377
4	210	7	-809
1	669	-11	-917
3	-161	-6	-771
-20	-270	11	-369
-1	-60	-9	183
-2	-4617	-5	785
-7	-3989	-5	1061
3	6383	9	874
-1	-229	6	308
-7	1523	15	-375
-5	213	-1	-813
-9	677	-7	-910
-5	-177	1	-774
-8	-263	9	-365
-1	-51	-7	199
-9	-4630	-3	789
-7	-4028	13	1069
-7	6433	-3	889
-3	-229	-9	319
-7	1536	7	-385
-17	213	6	-816
-10	683	-1	-929
-5	-161	-3	-781
-3	-261	11	-385
4	-57	-11	204
-15	-4608	0	797
1	-4045	-1	1070
-7	6413	-7	900
3	-235	7	316
-15	1541	13	-391
-3	215	-9	-819
-2	675	-7	-931
-1	-159	11	-768
-5	-265	10	-377
1	-37	1	199
-8	-4663	-1	796
-7	-4056	9	1075
-6	6467	11	893
-1	-243	-5	305
-19	1546	1	-397
6	207	-1	-807
-3	669	-11	-931
-11	-161	3	-777
-6	-256	13	-379
-8	-59	-7	191
-5	-4695	-7	791
-7	-4094	1	1079
-9	6512	-3	898
-1	-235	-5	320
-7	1547	-1	-391
-7	221	17	-823
-7	677	-3	-933
-9	-193	9	-792
4	-281	3	-379
1	-43	-13	209
2	-4634	-1	799
-9	-4051	4	1096
5	6435	-3	907
-3	-211	-5	327
-9	1532	-1	-399
-7	210	9	-832
-2	683	-7	-939
-3	-173	-7	-771
3	-265	11	-371
4	-42	15	206
-5	-4621	-1	789
-11	-4071	1	1074
2	6424	-5	889
-7	-227	-19	325
-4	1533	5	-389
-9	209	-9	-819
-9	661	-7	-931
4	-171	4	-766
-7	-267	3	-365
7	-55	-1	209
-8	-4607	-5	794
-1	-4027	3	1081
-3	6383	3	901
-7	-251	1	325
-7	1507	13	-381
-1	225	15	-817
-15	665	-1	-927
-9	-166	-4	-773
-4	-267	11	-379
-3	-43	-7	189
-13	-4673	-3	783
-17	-4092	1	1057
-9	6475	-3	878
-3	-217	-9	324
-11	1533	0	-367
-3	222	-7	-821
-12	675	-1	-930
-3	-193	-9	-788
-3	-275	5	-377
-12	-39	-5	189
-10	-4683	9	801
-13	-4133	-7	1076
-1	6499	10	901
-5	-215	-21	319
-9	1544	3	-385
1	215	-3	-836
-13	663	-1	-935
1	-171	-1	-791
3	-279	7	-381
6	-39	-11	198
-3	-4705	11	797
-7	-4225	3	1084
-11	6577	5	908
-5	-233	-17	323
-19	1557	5	-387
7	203	3	-839
-21	683	-3	-939
-1	-173	5	-801
-9	-275	9	-387
-3	-19	-9	183
-12	-4645	-13	802
-5	-4110	1	1095
-6	6477	1	913
-5	-256	-3	327
-11	1533	9	-395
4	229	11	-845
-7	665	-13	-939
1	-166	-4	-789
-11	-282	13	-355
-7	-45	-1	199
-9	-4663	-3	793
-11	-4111	14	1075
-7	6481	1	902
11	-247	-1	323
-5	1527	3	-361
1	253	1	-825
7	683	-3	-931
3	-189	5	-789
-12	-297	-3	-371
3	-37	10	209
3	-4669	1	807
-3	-4137	-11	1078
-13	6495	7	907
5	-235	-21	319
1	1545	9	-375
-12	259	-1	-823
-10	677	-11	-945
3	-175	7	-797
-10	-299	11	-367
13	-35	-5	219
1	-4607	-3	814
-3	-4115	-5	1093
3	6442	-5	905
-13	-261	-14	337
-4	1543	5	-375
3	271	-3	-831
-7	669	-11	-945
-1	-171	-6	-784
-5	-302	-5	-367
-1	-23	1	199
-12	-4720	-5	789
-9	-4182	9	1073
-4	6575	3	907
-5	-255	-1	351
-12	1575	3	-367
-7	282	6	-802
-7	675	-5	-933
1	-192	-3	-795
-12	-300	9	-413
3	-37	1	187
-13	-4731	-1	797
-9	-4179	1	1109
-3	6612	-9	928
-9	-274	1	355
-9	1558	11	-375
-5	284	5	-819
-4	677	-11	-951
7	-187	-1	-804
-16	-307	1	-393
5	-65	-15	185
-3	-4753	-7	797
8	-4256	7	1096
-3	6659	-5	937
-1	-267	-3	351
-9	1603	9	-375
-10	297	3	-838
-6	675	-17	-957
-5	-201	16	-807
-11	-322	19	-405
-9	-42	-1	201
-11	-4729	7	802
-9	-4256	-5	1115
-3	6613	-1	927
-3	-279	-15	367
-2	1595	1	-379
-7	303	-1	-839
-16	677	-13	-967
-9	-186	8	-810
-7	-318	11	-397
-3	-35	-11	193
-11	-4771	-9	804
-8	-4249	5	1101
2	6699	-15	929
-15	-295	3	359
-5	1595	13	-375
3	313	3	-831
-11	683	2	-965
-3	-195	-9	-817
-10	-319	9	-405
7	-51	-5	181
-2	-4791	-1	821
-3	-4287	-7	1111
-1	6709	-5	930
-5	-287	-15	355
7	1616	15	-365
-3	320	11	-843
-22	686	-5	-965
-8	-211	1	-830
-11	-325	1	-419
3	-49	-7	181
-9	-4761	-11	813
1	-4290	4	1108
1	6699	1	951
1	-269	-17	355
-7	1601	-1	-367
-1	325	-1	-839
-15	697	-3	-977
-1	-213	12	-831
-3	-327	11	-407
-1	-55	9	181
-9	-4747	2	819
-17	-4289	6	1103
-5	6681	-1	935
-10	-315	6	360
-3	1619	11	-355
-1	333	7	-837
-14	689	-9	-971
-5	-212	-5	-841
-5	-335	3	-419
3	-32	-6	173
-9	-4784	-7	810
-7	-4263	1	1109
-13	6697	5	947
3	-312	-13	373
-9	1604	11	-359
3	341	-9	-825
-7	687	-5	-973
-1	-199	-11	-835
-13	-341	9	-415
3	-58	-19	175
-8	-4763	-1	797
1	-4277	-9	1105
-13	6691	-17	948
-5	-289	-13	369
9	1604	10	-355
-7	359	-9	-835
-6	702	-11	-965
1	-219	-12	-833
-4	-331	13	-417
-5	-61	-3	183
-2	-4747	5	809
-7	-4251	11	1108
-7	6664	2	951
-11	-284	-1	367
-3	1607	9	-361
-5	354	-4	-839
-12	691	-1	-975
-5	-207	7	-831
-2	-343	9	-431
6	-49	3	174
-3	-4752	2	796
-3	-4305	-12	1117
-13	6673	-3	943
-7	-303	-1	363
-6	1607	9	-363
3	347	3	-819
-9	685	-7	-979
6	-199	-13	-839
-9	-345	8	-421
-3	-32	-19	169
-5	-4731	-9	795
-1	-4233	-3	1111
-6	6633	-3	949
5	-282	-9	377
-9	1592	13	-359
-3	349	5	-821
5	671	-10	-969
-13	-193	-1	-833
2	-337	11	-416
7	-60	1	179
-3	-4769	-9	791
-21	-4283	20	1107
-7	6693	-11	932
-9	-263	1	389
-13	1608	0	-351
-9	359	5	-819
-7	699	-1	-964
-7	-209	-3	-837
-3	-333	7	-421
5	-45	-5	177
-13	-4765	-11	799
6	-4301	-9	1129
-7	6692	-2	961
-11	-275	-17	379
-1	1613	7	-357
-9	333	4	-829
-16	685	-5	-965
-9	-194	-7	-839
-19	-331	7	-417
1	-63	3	179
-1	-4804	11	799
-9	-4377	17	1110
-9	6743	7	959
-1	-285	-1	379
-5	1623	5	-347
-10	347	12	-831
-9	693	-3	-977
-7	-191	-6	-835
-1	-341	9	-431
-5	-40	-4	177
-11	-4823	-3	807
-11	-4367	-9	1131
3	6791	5	959
-5	-303	3	387
-15	1625	5	-353
1	353	-5	-839
-7	703	-16	-975
-5	-197	1	-847
-2	-321	19	-426
-8	-55	-17	175
-1	-4833	-7	823
3	-4344	16	1149
-3	6787	-11	964
6	-294	-5	379
1	1636	16	-357
-5	355	17	-847
-9	706	-5	-986
-1	-209	9	-841
1	-329	17	-427
-3	-45	-17	191
-7	-4879	-15	807
4	-4429	-1	1125
-11	6861	9	963
-3	-301	-3	371
4	1651	9	-355
1	351	-1	-847
-2	695	-15	-985
-7	-225	3	-847
-1	-344	5	-419
11	-35	-23	177
5	-4789	-7	829
-9	-4354	-9	1141
-2	6755	-1	975
-1	-325	-1	379
-1	1639	9	-365
9	379	14	-859
-9	693	-3	-989
10	-204	7	-839
-1	-367	10	-421
-3	-40	-17	193
-11	-4788	-1	812
-1	-4313	6	1119
-3	6741	1	953
-7	-329	3	381
-7	1620	9	-351
4	377	-11	-833
-11	687	1	-989
-15	-220	4	-857
-5	-355	11	-427
-1	-35	-9	175
-10	-4707	-3	813
3	-4215	5	1123
-3	6591	1	962
4	-323	-9	381
1	1591	-5	-353
-9	399	-3	-835
-13	680	-1	-957
-1	-222	9	-828
-4	-369	1	-411
5	-42	-13	179
-11	-4743	-11	791
3	-4273	3	1088
3	6678	11	933
-11	-305	1	377
-14	1619	19	-337
13	395	6	-803
-12	693	-15	-965
12	-217	-1	-843
-1	-365	5	-431
10	-47	11	167
7	-4649	5	791
-1	-4207	13	1119
2	6543	1	951
3	-343	-7	388
-5	1599	5	-343
-3	402	-7	-817
-12	665	-13	-961
-5	-228	4	-821
-11	-357	3	-413
-3	-45	-7	171
-11	-4695	-5	767
-7	-4219	11	1085
-1	6607	-1	927
-1	-327	-17	385
-10	1594	11	-333
3	403	5	-794
-5	671	-1	-965
-3	-207	-1	-851
-6	-345	7	-454
3	-61	-4	149
-10	-4769	-13	785
1	-4285	16	1101
5	6701	-3	942
4	-323	15	389
-9	1632	8	-330
7	410	-6	-813
-1	687	-9	-968
3	-225	-12	-841
2	-349	19	-447
-1	-49	3	153
-9	-4731	-3	791
3	-4289	7	1123
-7	6662	5	959
-3	-321	-15	394
-1	1629	-1	-341
5	401	6	-823
0	687	-11	-975
1	-231	1	-841
-2	-349	13	-437
-5	-42	5	152
-11	-4729	-5	788
-3	-4293	-11	1115
0	6659	5	956
1	-349	9	403
-4	1611	7	-323
1	401	-1	-819
-13	683	-5	-967
4	-217	-11	-851
-1	-365	7	-447
9	-45	-3	155
-1	-4779	-1	784
-1	-4307	7	1101
-3	6709	5	959
3	-345	-21	391
-3	1626	5	-345
-3	423	-6	-813
-15	695	3	-969
-11	-222	-7	-849
-8	-347	7	-439
-7	-75	-11	159
-7	-4845	-7	791
-3	-4361	12	1097
2	6817	3	962
3	-335	-17	403
-3	1652	7	-336
-3	407	-9	-817
-11	719	-1	-976
-5	-233	-9	-857
-4	-345	17	-447
12	-43	-9	155
3	-4787	-3	807
-3	-4310	-4	1135
1	6747	-9	997
-3	-339	-15	410
-7	1631	11	-323
-3	418	4	-832
2	691	5	-977
-3	-233	7	-857
-5	-355	11	-441
-1	-50	8	163
1	-4796	9	800
1	-4341	-3	1115
-3	6757	7	977
9	-361	-12	393
-4	1657	-1	-323
7	413	3	-825
-9	701	-15	-975
8	-222	4	-867
-7	-353	21	-437
3	-55	-7	149
-8	-4825	5	798
3	-4323	1	1123
1	6783	-1	965
5	-361	-7	407
-3	1663	7	-339
4	419	3	-837
-3	699	-9	-995
-3	-231	7	-861
-7	-361	7	-446
3	-48	-6	164
2	-4731	-5	805
-3	-4200	3	1117
-1	6618	-9	975
-5	-357	-13	405
-11	1635	11	-334
-9	425	3	-819
-6	690	-13	-992
-5	-223	6	-847
-10	-353	5	-425
-3	-53	-15	167
3	-4725	1	789
-9	-4221	1	1095
-1	6636	0	945
-1	-347	-5	387
-1	1633	19	-317
3	420	-4	-805
-7	695	-17	-969
-5	-227	14	-841
0	-371	11	-447
-3	-55	-3	154
3	-4705	-8	792
-7	-4247	7	1096
-1	6647	3	960
-5	-361	9	399
2	1625	5	-345
-5	420	1	-811
-7	695	-3	-967
-5	-225	8	-849
-15	-371	1	-429
-9	-53	1	155
2	-4728	-11	774
-15	-4223	-1	1103
0	6641	-11	951
-5	-366	-11	405
3	1626	1	-325
-3	426	4	-804
1	683	-19	-969
-9	-227	1	-835
-2	-367	-1	-458
-3	-49	-7	158
9	-4649	1	767
5	-4151	-1	1109
7	6542	-3	948
1	-351	13	401
-9	1603	7	-320
-3	435	1	-805
-11	677	-15	-959
-3	-231	6	-832
-10	-357	13	-439
-7	-63	10	151
5	-4685	-7	769
-9	-4218	1	1092
-13	6605	-1	935
-5	-349	-9	387
-2	1629	-3	-315
-5	410	9	-800
-18	683	-13	-961
-9	-233	-5	-837
1	-367	11	-451
-1	-63	4	156
3	-4737	-8	778
-11	-4311	-1	1102
-6	6679	-9	965
-5	-374	-1	397
-1	1653	3	-329
-7	413	-5	-799
-9	697	-5	-973
10	-251	11	-841
-3	-361	13	-457
-5	-66	-1	153
3	-4723	-3	781
-8	-4239	3	1115
2	6677	-5	963
3	-384	-5	397
-3	1647	11	-317
-1	426	-1	-812
-19	685	0	-981
1	-233	-7	-847
-8	-347	3	-445
-1	-91	-7	138
-5	-4819	-1	783
-3	-4325	-3	1105
-10	6775	-5	958
-1	-364	-27	395
-5	1665	-7	-316
-5	421	-3	-809
-8	714	-13	-966
-19	-245	-9	-863
6	-357	9	-457
10	-83	-5	141
-3	-4797	-3	791
-1	-4303	5	1125
1	6748	-5	991
-1	-359	-11	410
-11	1675	13	-329
-3	417	-1	-841
-3	705	-9	-985
3	-238	1	-865
-1	-361	21	-457
8	-67	-13	144
5	-4819	13	800
17	-4346	-3	1109
2	6799	7	975
3	-384	1	401
-13	1687	5	-325
1	426	10	-827
1	705	-13	-977
-1	-240	1	-869
-7	-359	23	-443
13	-61	-17	139
0	-4770	-1	808
-5	-4245	9	1117
-5	6699	9	971
-5	-391	-17	399
-3	1640	9	-331
6	427	-8	-829
-9	689	-13	-989
-3	-228	-3	-865
-11	-349	11	-447
-1	-73	-1	151
9	-4753	-7	789
-7	-4244	-5	1095
-9	6662	-1	968
-5	-384	-15	393
-9	1633	15	-325
-1	431	-13	-829
-3	697	-1	-983
-1	-239	5	-865
-1	-355	7	-443
-3	-68	-1	145
-1	-4673	5	787
-15	-4157	13	1100
-13	6545	11	957
13	-361	-7	390
-1	1619	11	-313
7	413	-9	-813
-11	697	1	-981
5	-237	12	-847
-5	-363	7	-443
4	-60	5	147
-3	-4649	-16	778
-9	-4155	7	1082
-5	6528	5	939
-9	-379	-9	395
-1	1615	3	-315
-3	423	-1	-789
-17	697	-11	-959
-3	-233	9	-839
-15	-365	-3	-445
-7	-53	-17	143
-9	-4589	-21	769
-13	-4065	3	1079
-1	6421	-5	937
-5	-369	-5	389
-1	1595	13	-325
6	421	-6	-795
9	673	-15	-947
-5	-225	9	-819
-11	-345	19	-432
-12	-55	11	142
3	-4477	3	747
-12	-3963	-1	1069
-9	6249	-11	928
10	-345	-1	381
-11	1547	-1	-316
-5	420	1	-773
-1	658	-5	-933
-11	-230	3	-808
-7	-347	13	-423
13	-75	-9	135
-1	-4505	1	733
-3	-3984	-3	1035
-1	6305	-11	893
-3	-351	-3	384
-11	1575	-1	-297
-1	411	-1	-765
-7	663	-9	-923
1	-229	7	-815
-5	-350	-3	-435
-5	-73	-4	142
-3	-4486	-3	736
-3	-4015	5	1048
-3	6303	-9	912
-9	-364	1	379
-11	1559	1	-305
-3	399	7	-763
-1	665	-3	-931
-3	-237	11	-806
-5	-355	13	-427
3	-71	-4	141
-7	-4535	-9	730
-13	-4041	9	1043
-10	6405	-7	911
3	-363	12	383
-10	1577	11	-301
-5	418	6	-754
-11	669	-3	-923
-5	-223	-1	-807
3	-339	13	-423
-3	-84	-15	143
-6	-4513	-5	753
-5	-3993	-9	1077
-9	6335	-1	926
-3	-366	-8	389
-7	1560	-3	-314
-1	418	-9	-763
-9	680	3	-914
1	-247	5	-798
-3	-345	3	-423
-1	-75	10	137
-10	-4582	-3	739
-9	-4087	-5	1052
-13	6454	7	919
1	-353	-11	377
-7	1589	11	-305
-9	395	13	-767
-1	669	-9	-927
-7	-239	7	-821
-11	-350	11	-443
17	-63	4	139
-7	-4606	1	770
-13	-4119	-4	1074
-8	6473	1	941
3	-387	3	391
4	1605	7	-323
-1	413	3	-789
-3	681	-9	-935
-7	-246	-13	-835
-15	-337	11	-421
1	-73	-1	143
-3	-4625	-5	758
-8	-4097	1	1067
0	6501	1	943
-9	-393	-9	391
-1	1612	-1	-311
3	409	1	-791
-7	687	2	-939
5	-249	-4	-839
-12	-333	7	-428
-5	-95	-9	139
-5	-4629	-1	767
-1	-4099	-13	1077
-15	6488	5	946
3	-387	-20	387
-5	1606	8	-314
-1	419	-4	-791
-9	685	1	-938
-11	-271	1	-833
-15	-347	13	-421
-1	-81	-15	141
-5	-4626	9	769
3	-4103	-11	1064
-11	6491	8	931
5	-367	1	397
-16	1607	3	-313
-10	410	-1	-791
-18	685	-13	-941
1	-256	7	-835
-3	-349	5	-427
10	-69	-15	140
-11	-4641	-5	747
-13	-4137	6	1085
-7	6535	-1	935
-5	-379	-7	387
-2	1635	15	-319
-10	415	-5	-787
-7	693	-1	-947
-5	-259	11	-835
-7	-347	21	-435
9	-59	-12	159
-2	-4615	-5	768
-1	-4045	7	1087
1	6445	5	949
5	-405	3	377
2	1595	5	-317
1	425	1	-794
-9	677	-1	-937
-1	-235	1	-823
-11	-347	7	-425
-9	-78	-1	143
-5	-4627	1	757
-5	-4071	-3	1075
-9	6469	9	928
6	-369	-17	387
-3	1605	3	-310
5	421	-3	-779
-4	683	-13	-940
3	-237	-13	-826
3	-357	11	-437
1	-73	-7	151
2	-4600	-5	753
-9	-4061	11	1079
3	6471	-9	935
3	-364	-15	387
-3	1617	5	-315
-8	413	3	-789
0	689	1	-947
-3	-263	-5	-815
-14	-352	5	-443
-1	-78	-15	148
3	-4635	-8	760
-11	-4121	6	1067
-16	6511	-9	928
-9	-402	1	399
-4	1627	7	-313
1	411	-1	-777
-15	687	-11	-945
6	-249	-1	-841
-11	-349	0	-453
3	-73	-13	137
-5	-4687	-7	764
-10	-4107	6	1085
4	6573	-3	945
-3	-397	-13	401
-3	1625	5	-311
-1	411	4	-787
-7	693	-8	-955
11	-263	3	-839
5	-337	1	-456
-5	-86	-19	137
4	-4733	-3	761
5	-4157	7	1101
-9	6634	-7	946
17	-387	-17	403
-17	1644	-7	-315
7	427	5	-795
-8	708	-7	-959
-5	-281	-1	-847
-9	-339	7	-453
-7	-76	-15	141
-7	-4835	-3	783
1	-4263	-5	1091
-5	6781	-1	963
-17	-391	-19	401
1	1693	5	-309
1	423	-7	-810
-1	707	-25	-981
-9	-264	7	-853
-15	-354	19	-459
-7	-73	-4	150
-7	-4733	-3	792
-5	-4187	9	1131
9	6629	3	992
-7	-410	-7	423
-5	1663	-1	-335
-5	415	-3	-825
-12	699	-7	-971
1	-264	-15	-839
-15	-349	18	-435
-1	-89	15	151
-3	-4733	-7	769
-14	-4147	1	1087
3	6627	-5	961
-7	-405	-7	403
-11	1663	-9	-309
-9	421	-13	-802
-7	713	-7	-957
-3	-259	-11	-855
-12	-341	15	-445
-5	-79	-11	138
2	-4649	-11	791
-5	-4058	3	1107
-9	6525	-15	962
-7	-415	1	403
1	1637	9	-313
-1	438	-6	-811
1	691	-5	-963
-5	-282	6	-845
-16	-357	13	-429
3	-84	-1	141
2	-4684	5	771
-1	-4123	18	1072
-5	6557	-3	937
-15	-393	4	397
-13	1653	13	-291
-1	427	7	-795
-12	687	-5	-951
-7	-255	-13	-849
-10	-351	7	-447
11	-83	-6	148
-5	-4589	-5	767
-5	-4049	-7	1090
-9	6441	15	953
1	-408	-6	403
-7	1617	5	-307
3	441	-13	-805
2	685	1	-947
6	-251	-11	-831
-11	-351	3	-431
-3	-91	-7	129
-6	-4617	-11	760
-8	-4033	-7	1065
-4	6433	-3	937
-7	-397	3	387
-7	1592	-1	-303
1	423	-7	-780
-9	695	7	-939
-3	-253	9	-835
-3	-345	7	-443
-5	-87	1	142
-4	-4553	-1	749
-14	-3989	-3	1061
-5	6372	3	940
-1	-392	-13	385
-9	1591	-3	-311
13	431	-1	-783
-19	686	-5	-935
-5	-258	3	-825
-2	-353	17	-429
-5	-83	-7	135
-3	-4527	-11	735
4	-3961	-4	1043
-13	6337	9	917
-5	-385	-1	401
-2	1599	-1	-297
3	413	3	-778
-4	693	-7	-931
5	-247	1	-817
-3	-363	9	-435
8	-71	-13	126
-11	-4564	3	727
-9	-4039	3	1049
-6	6385	3	923
-10	-407	1	395
-5	1599	17	-307
-7	401	-5	-763
-1	691	-11	-943
3	-259	-1	-814
-17	-341	2	-435
1	-71	-7	151
-3	-4511	-7	735
-13	-3929	19	1059
2	6299	1	917
-12	-387	-5	397
-11	1579	5	-311
-1	419	11	-758
-19	685	1	-927
-7	-263	-1	-815
5	-339	7	-431
-7	-81	-4	123
-4	-4475	-1	739
-3	-3899	10	1053
5	6235	11	912
-1	-371	-11	393
-5	1564	7	-301
5	427	6	-757
-11	667	-9	-922
-16	-269	-1	-808
-3	-355	5	-439
-7	-97	1	131
13	-4508	-17	727
6	-3943	6	1041
-11	6299	-13	903
-3	-372	-7	384
-10	1589	11	-297
-10	413	11	-750
-12	691	-15	-911
-14	-267	7	-809
-14	-340	13	-433
-11	-104	-5	131
-13	-4549	-1	731
-9	-4017	-1	1051
-10	6389	1	920
-13	-413	-1	384
-10	1607	1	-301
-12	409	7	-775
-16	685	-11	-919
21	-251	13	-821
-5	-335	8	-435
7	-81	-1	137
-13	-4507	-9	734
-14	-3931	-11	1059
-4	6293	-1	923
-7	-400	-9	401
-10	1580	9	-295
-17	405	-1	-768
-5	669	-7	-925
-1	-256	5	-815
-4	-333	3	-431
3	-91	-9	141
-9	-4551	-7	729
1	-3953	-9	1059
7	6367	13	914
-7	-401	-7	377
1	1590	24	-281
-3	431	6	-765
-12	685	-7	-911
3	-271	-9	-826
-3	-335	5	-425
3	-93	-9	135
-10	-4581	5	755
4	-4020	3	1053
1	6428	-13	927
-5	-393	-19	387
-9	1625	3	-289
-3	407	-15	-783
-8	701	-9	-923
-1	-266	-15	-831
-15	-330	9	-441
-5	-95	-5	135
-7	-4542	-7	751
-9	-4001	-9	1067
-3	6371	7	930
7	-417	1	389
-3	1599	11	-307
1	411	-9	-777
3	687	-9	-927
-9	-265	4	-817
-3	-335	8	-431
1	-79	6	133
-4	-4549	1	750
-5	-3961	12	1050
0	6361	3	921
-3	-409	3	387
-7	1607	11	-289
-5	415	-7	-766
-19	683	-5	-917
3	-261	1	-815
-11	-341	11	-443
-13	-91	-9	130
4	-4547	-3	747
-14	-3974	-1	1041
-7	6355	-11	926
3	-405	-15	389
-15	1587	13	-292
-11	423	-7	-771
-14	682	-17	-922
-8	-271	3	-810
-11	-343	9	-435
3	-89	-9	131
-14	-4569	-7	741
-1	-3987	-3	1055
-15	6388	2	939
-11	-379	-7	384
-4	1607	7	-295
9	407	1	-767
-11	689	-3	-933
1	-259	-3	-825
-11	-345	5	-439
4	-76	-13	139
-1	-4528	0	744
-5	-3953	-1	1064
-8	6323	-1	929
-5	-393	3	397
2	1591	9	-303
-3	405	5	-765
-10	675	-9	-933
1	-276	-1	-817
-7	-353	8	-433
-13	-91	-12	131
-15	-4589	5	738
-16	-3979	9	1040
-4	6419	-7	917
1	-395	1	391
-3	1604	-1	-291
-1	410	9	-758
-11	679	-5	-939
3	-273	-19	-819
-16	-335	7	-446
-1	-87	-15	127
-3	-4643	9	751
1	-4035	7	1069
5	6478	11	928
-3	-397	3	405
-3	1622	18	-304
9	428	6	-777
-11	698	1	-938
-5	-291	5	-830
8	-351	13	-437
-18	-85	10	137
7	-4616	-7	755
-3	-4019	11	1080
-15	6429	-13	937
-5	-405	-4	405
-18	1621	7	-293
-29	417	-5	-790
-16	697	-7	-943
-17	-279	-5	-821
-17	-351	3	-431
-9	-87	-4	142
-17	-4583	-7	760
-17	-4007	7	1064
-3	6409	-7	929
-7	-433	-13	399
12	1633	1	-309
-7	420	3	-779
-1	701	-7	-949
17	-284	11	-819
-1	-345	10	-447
5	-83	9	145
10	-4539	7	754
-8	-3915	22	1067
4	6335	5	927
1	-413	22	407
3	1602	7	-305
-5	417	1	-776
-21	695	9	-935
-13	-271	-5	-825
-26	-343	5	-435
-10	-91	-12	135
-24	-4499	-9	731
-25	-3907	3	1059
-25	6277	-11	918
-19	-409	-1	387
-23	1582	-5	-298
-7	425	3	-759
-9	679	-25	-932
-15	-283	1	-815
-17	-351	-1	-433
-7	-91	-11	129
-5	-4491	-3	739
6	-3904	-9	1058
5	6279	2	905
5	-395	-7	385
1	1597	7	-281
13	420	12	-773
1	691	-1	-927
13	-283	20	-811
10	-337	13	-431
8	-86	1	123
1	-4546	17	744
-5	-3997	15	1050
-7	6387	7	918
-1	-419	-1	393
0	1619	17	-293
-5	407	-9	-769
-12	691	-5	-933
-11	-284	-9	-825
-13	-345	-1	-443
-19	-81	-15	115
-19	-4521	-13	741
-33	-3940	-13	1054
-19	6343	-27	937
-23	-433	-17	385
-9	1589	-5	-305
-9	400	-13	-782
-17	683	-23	-929
-5	-282	-14	-831
-10	-335	7	-425
1	-91	-9	132
-4	-4585	17	751
-3	-3994	14	1049
9	6425	11	916
15	-389	-1	393
7	1611	11	-288
7	441	21	-775
3	703	-1	-933
3	-289	19	-837
16	-349	19	-441
5	-89	-1	135
10	-4557	21	753
3	-3979	-6	1065
-7	6386	11	943
-5	-387	-7	401
-4	1603	13	-315
-14	418	-4	-795
-21	693	-11	-943
-15	-276	-11	-833
-16	-360	9	-431
-5	-95	-8	136
-11	-4473	-13	747
-9	-3958	-15	1061
-18	6289	-11	940
-5	-423	-17	385
-13	1581	9	-283
-7	419	-11	-783
-3	675	-9	-935
6	-271	-1	-819
-1	-359	27	-421
-5	-68	-4	131
2	-4523	-1	735
5	-3933	-3	1046
2	6337	3	923
7	-395	-9	391
-7	1591	11	-293
8	413	1	-761
1	687	-5	-929
-3	-274	14	-831
-11	-347	23	-452
-9	-91	-15	132
-7	-4555	1	741
-5	-3948	10	1053
-23	6355	-3	930
-9	-390	4	405
-17	1587	-7	-291
-11	410	1	-773
-16	683	-17	-936
-8	-284	-7	-828
-10	-353	-5	-433
1	-96	1	129
-7	-4579	-25	743
-9	-4011	1	1067
-7	6425	-9	927
-5	-375	11	409
-11	1615	11	-295
-5	419	7	-773
-13	703	-7	-939
1	-269	12	-825
-14	-344	3	-451
4	-71	11	138
9	-4545	1	745
-13	-3981	6	1067
2	6357	7	940
-1	-391	9	397
-5	1591	3	-307
1	403	1	-779
-3	689	-15	-931
-3	-259	6	-823
-15	-339	3	-429
-5	-84	-1	133
-4	-4603	-1	733
1	-4007	3	1063
-5	6435	-3	927
-1	-403	-13	397
-13	1623	9	-307
6	417	-4	-760
-1	699	-13	-941
-11	-273	9	-823
-6	-339	9	-452
-7	-84	-5	131
-9	-4597	-3	761
-7	-3973	22	1085
5	6441	5	930
10	-411	5	397
-7	1614	13	-308
-1	413	6	-779
-6	694	-23	-951
-7	-282	1	-828
-9	-361	3	-443
-7	-86	-9	149
-12	-4633	-15	755
-7	-4046	-13	1076
-11	6467	-9	937
-9	-395	-21	400
-9	1629	-5	-299
-16	409	-15	-790
-16	701	-13	-951
-3	-266	-15	-825
-7	-351	11	-447
6	-78	3	145
-1	-4613	-10	765
5	-4061	1	1086
5	6485	5	945
16	-405	15	399
16	1639	25	-311
9	415	10	-785
7	709	9	-955
13	-271	27	-821
11	-341	29	-435
11	-71	21	131
3	-4653	25	770
-3	-4038	29	1071
-3	6523	15	949
7	-408	18	395
10	1646	13	-303
-13	417	1	-801
-19	689	-8	-957
-13	-277	-12	-845
-19	-345	-3	-462
-18	-93	-29	133
-34	-4675	-17	753
-27	-4059	-11	1095
-31	6506	-15	954
-19	-409	-25	405
-15	1639	-13	-312
-11	419	-22	-797
-18	705	-25	-958
7	-287	-23	-841
-7	-357	13	-443
10	-67	-5	143
5	-4606	1	773
13	-4023	6	1087
19	6460	13	963
17	-389	12	406
21	1641	29	-311
33	418	27	-787
24	703	23	-957
19	-269	22	-843
3	-339	35	-437
21	-81	9	138
9	-4611	26	768
-3	-4058	-1	1061
6	6468	9	928
-13	-427	-7	393
-14	1621	1	-313
-16	405	3	-791
-19	679	-11	-947
-17	-289	-29	-851
-39	-355	2	-439
-21	-81	-27	139
-24	-4565	-21	755
-27	-3989	-32	1071
-18	6375	-9	953
-18	-418	-23	399
-11	1590	-9	-309
-3	423	-21	-792
-7	681	-13	-935
19	-271	-17	-827
2	-347	13	-426
14	-78	-6	140
16	-4603	3	743
16	-4010	20	1057
24	6445	23	932
25	-384	13	391
9	1616	32	-291
5	437	13	-779
12	713	9	-945
-5	-285	11	-841
-3	-363	19	-451
3	-75	-9	129
-10	-4556	7	757
-17	-3979	11	1073
-15	6349	-7	933
-27	-400	-17	400
-25	1593	-3	-305
-16	405	-19	-789
-19	687	-21	-949
-13	-281	-29	-825
-19	-357	-15	-443
-19	-75	-21	133
-9	-4570	-16	752
-7	-4017	-19	1058
-13	6377	1	928
1	-402	-9	401
-2	1615	9	-307
5	427	-9	-765
-10	705	-3	-939
15	-238	11	-819
1	-347	21	-429
1	-53	9	127
3	-4589	9	762
8	-3999	12	1071
3	6443	7	925
5	-407	18	397
2	1620	13	-309
15	423	11	-765
-3	691	-8	-931
-1	-264	6	-821
-8	-351	21	-450
-1	-77	11	131
-9	-4601	-9	751
-16	-4023	-15	1089
-9	6405	-17	932
-20	-411	-13	399
-19	1592	-5	-302
-11	411	-19	-785
-25	688	-17	-948
-17	-277	-13	-829
-8	-355	1	-433
1	-71	-9	141
-14	-4642	-17	747
-9	-4066	1	1076
-11	6483	-8	939
-9	-379	1	400
4	1645	23	-297
5	418	6	-781
-2	707	-9	-947
3	-266	16	-827
-1	-363	23	-449
13	-63	6	150
9	-4641	9	751
9	-4113	5	1097
4	6517	9	949
1	-413	-6	405
6	1635	5	-305
-3	413	7	-795
-12	707	-5	-963
-9	-283	-1	-833
-1	-367	-1	-447
-13	-89	-4	137
-17	-4732	-13	762
-12	-4137	5	1087
-13	6621	-13	951
-11	-420	-5	415
-12	1652	3	-321
-1	395	8	-790
-9	719	-13	-963
1	-279	19	-861
-14	-339	3	-456
-17	-84	-4	134
-7	-4721	-7	777
-9	-4125	-13	1107
0	6606	-3	968
8	-399	-13	405
-1	1663	3	-318
-9	426	1	-801
-9	715	-1	-969
-5	-281	-1	-845
-1	-357	5	-441
3	-75	7	149
-13	-4761	-5	773
-5	-4187	-13	1095
-3	6677	10	959
-5	-405	1	411
-9	1695	5	-305
11	417	12	-807
-3	733	-7	-983
-5	-284	1	-857
-11	-362	1	-457
-1	-69	-4	146
-17	-4699	-18	791
-9	-4143	-6	1115
-12	6605	7	980
-3	-426	-15	409
-8	1671	3	-303
-9	436	-13	-821
-17	715	-11	-973
3	-271	-5	-863
-5	-361	15	-431
1	-71	5	141
-15	-4697	3	773
-7	-4089	-6	1091
-3	6575	5	969
-11	-415	-7	405
-5	1656	5	-309
-5	423	1	-797
-13	707	-15	-959
-7	-273	1	-853
-1	-343	9	-440
-13	-75	-17	139
-2	-4737	5	785
-9	-4159	-17	1099
-1	6633	-3	952
4	-420	-6	407
-1	1675	15	-301
-7	441	-7	-799
-5	726	1	-957
-5	-282	6	-859
-3	-361	9	-439
-1	-73	-11	137
-2	-4710	-3	789
-3	-4129	-6	1102
-7	6585	21	963
5	-400	6	421
-4	1655	21	-307
-3	426	-7	-814
-6	709	5	-975
-7	-291	7	-857
-16	-374	11	-435
13	-76	-7	142
5	-4687	2	782
-3	-4136	-9	1099
-14	6554	7	964
-5	-413	-13	405
-5	1663	-1	-311
-3	433	-7	-801
-15	713	-3	-969
8	-271	9	-847
-11	-375	3	-449
-5	-73	-3	139
-2	-4693	1	779
-14	-4083	1	1091
-11	6553	1	953
-5	-397	-11	395
-3	1642	3	-313
-1	426	-13	-813
-17	701	-18	-971
-5	-271	-5	-853
-12	-359	1	-460
-5	-77	-9	137
-13	-4751	-1	769
1	-4151	10	1089
2	6633	-1	948
-1	-389	3	405
1	1667	11	-313
7	433	5	-797
-8	719	-17	-972
-9	-279	9	-853
0	-365	1	-457
-5	-60	-1	145
-11	-4623	-5	781
-1	-4049	-15	1105
-3	6471	-11	977
-5	-400	-6	418
-16	1629	7	-325
-1	413	22	-796
-5	693	-11	-959
-9	-269	-3	-831
-5	-370	-3	-441
-3	-67	3	155
-5	-4689	-3	751
-7	-4128	15	1080
-11	6560	-1	940
7	-419	-13	405
-7	1643	3	-293
3	428	-1	-769
-7	707	-11	-957
11	-282	11	-853
1	-363	9	-467
11	-61	-7	135
-1	-4695	3	763
-5	-4105	6	1107
4	6559	11	965
-3	-411	-9	413
-2	1651	13	-321
-3	423	-4	-800
3	703	-7	-945
-11	-257	1	-853
-4	-359	7	-458
3	-84	-13	145
-5	-4685	-7	761
-3	-4123	-3	1087
-5	6542	-11	954
1	-391	-5	419
-9	1643	3	-315
-1	431	-15	-791
-6	721	-21	-964
-8	-276	-3	-851
-10	-363	1	-451
5	-75	3	133
1	-4675	-11	769
-5	-4125	11	1089
5	6555	5	959
-5	-382	-4	410
1	1651	15	-309
-9	419	7	-796
-2	715	1	-959
3	-283	16	-859
-3	-360	11	-457
4	-69	-6	140
1	-4691	3	771
3	-4156	9	1098
4	6575	-1	961
-7	-413	-9	411
2	1659	13	-305
-3	427	12	-789
-14	711	-17	-971
-7	-271	-3	-851
-11	-357	-1	-455
-9	-73	-9	131
-8	-4732	-3	772
-15	-4167	9	1083
-11	6635	5	961
1	-411	-3	405
0	1663	5	-309
6	418	-13	-803
-1	723	-11	-963
-3	-269	5	-865
-6	-339	21	-466
-11	-73	-17	132
2	-4669	-7	781
1	-4113	-11	1101
3	6526	-5	962
3	-377	4	405
-11	1632	21	-303
-5	421	4	-797
5	704	-1	-970
-3	-289	-4	-851
-5	-365	19	-437
-1	-68	5	141
-7	-4731	-5	765
3	-4174	-6	1089
-11	6595	-11	959
-11	-383	1	403
-9	1653	9	-297
-1	407	-6	-796
-17	715	-9	-967
-9	-261	-1	-855
-9	-371	13	-453
-3	-76	-13	136
-3	-4723	7	786
-11	-4210	-13	1100
0	6623	3	978
-5	-413	1	411
-7	1671	5	-297
1	417	5	-815
-12	705	-9	-977
-7	-289	8	-849
-7	-379	15	-443
-3	-63	-3	141
2	-4724	-7	790
-3	-4171	12	1111
1	6611	1	969
-7	-413	-13	407
-7	1655	7	-309
3	426	-1	-805
-11	713	-5	-975
-11	-271	-9	-857
0	-359	11	-455
-13	-68	-1	143
-5	-4761	-1	785
-5	-4190	1	1115
-9	6652	-5	960
4	-384	6	419
1	1657	0	-309
-1	436	5	-799
-5	717	-13	-975
-1	-281	3	-855
-11	-385	13	-455
-7	-68	3	143
2	-4725	-3	785
-3	-4190	-3	1113
-1	6617	-3	967
-9	-377	-3	416
-17	1663	7	-311
1	433	3	-806
-11	707	-5	-979
1	-285	-1	-859
-9	-386	5	-453
4	-73	-6	157
-1	-4792	7	770
-5	-4271	5	1099
-7	6725	1	959
-7	-397	3	413
2	1675	17	-325
3	433	-9	-807
-9	725	-11	-979
-11	-261	7	-859
-1	-381	10	-465
-3	-61	-4	149
-3	-4786	-7	793
1	-4195	-1	1133
4	6677	-5	987
-7	-407	-13	405
-9	1667	7	-327
4	423	6	-817
-9	719	-8	-989
1	-271	5	-867
-1	-361	11	-451
3	-73	4	146
-10	-4779	-9	783
-3	-4239	10	1113
-1	6710	3	966
10	-402	-5	411
-19	1677	11	-324
5	428	-4	-811
-7	715	5	-988
-3	-275	-3	-863
-17	-365	3	-457
3	-55	-17	147
-11	-4725	-9	785
-9	-4165	13	1135
3	6601	2	981
-11	-381	-9	420
-10	1657	7	-319
-1	427	-7	-805
-11	709	-7	-973
5	-271	7	-863
-15	-374	5	-457
6	-67	-8	144
-9	-4735	-8	784
-11	-4207	-11	1099
13	6645	3	951
1	-384	-1	411
-3	1671	7	-321
1	438	7	-807
-9	722	-3	-973
-3	-266	8	-863
-15	-371	17	-461
1	-57	13	153
7	-4741	3	783
-5	-4205	1	1103
-5	6655	1	957
5	-400	5	417
-5	1665	-5	-319
-1	418	-8	-816
-13	717	0	-975
-1	-253	-1	-867
-10	-355	3	-456
-12	-66	-3	142
-6	-4727	-1	779
3	-4197	-7	1121
5	6639	3	979
4	-403	-3	409
-13	1653	11	-306
-5	429	5	-807
-5	710	-11	-967
1	-274	-12	-859
0	-369	1	-451
9	-68	-9	137
7	-4777	-5	779
6	-4238	-5	1100
-3	6703	0	979
5	-361	-12	419
-11	1675	5	-305
-8	425	1	-822
-7	719	-7	-977
-1	-281	3	-875
-9	-371	13	-451
6	-49	-5	147
-1	-4731	-3	792
7	-4239	7	1123
1	6639	7	970
11	-389	-6	409
-5	1651	9	-321
-3	418	12	-825
-21	713	-3	-981
4	-261	4	-851
1	-361	18	-443
-3	-53	-14	143
-6	-4722	-5	777
7	-4167	1	1099
0	6601	1	965
5	-375	-11	409
-5	1649	13	-321
10	431	1	-809
-13	713	3	-975
9	-251	12	-855
-19	-373	7	-452
3	-43	1	145
-11	-4631	1	783
-3	-4107	-9	1095
-5	6485	-13	970
4	-366	4	397
-7	1613	8	-319
-7	431	6	-809
-8	695	-13	-968
-10	-256	-9	-843
-5	-357	11	-453
3	-63	10	153
-2	-4660	-5	759
-9	-4143	-4	1079
-3	6533	1	943
3	-359	-5	411
5	1641	1	-297
3	408	1	-794
-11	703	-3	-959
3	-255	5	-849
-5	-361	13	-445
3	-58	1	127
9	-4675	-5	769
-17	-4185	7	1095
0	6552	-9	955
5	-389	-1	405
0	1639	1	-317
7	415	12	-795
-10	699	-19	-967
6	-271	3	-845
-3	-373	3	-451
-9	-53	-4	145
0	-4671	-13	772
-13	-4115	1	1097
3	6553	-9	953
7	-395	3	405
-5	1635	1	-315
-1	425	4	-800
-7	715	-5	-963
7	-246	-1	-843
-7	-355	17	-448
3	-63	-1	139
1	-4627	-7	757
-3	-4089	-1	1089
3	6495	5	938
13	-374	17	403
1	1619	10	-308
-5	428	17	-797
-11	698	3	-965
-11	-243	-9	-836
-4	-365	1	-431
10	-65	3	141
-13	-4637	-3	767
-5	-4123	13	1081
-1	6497	-1	949
-5	-371	-9	401
-10	1621	11	-307
-8	423	9	-789
-15	701	1	-955
-9	-253	-9	-847
1	-373	1	-439
4	-53	3	143
1	-4663	-7	761
-7	-4197	9	1096
-8	6562	-1	950
-7	-385	6	407
-7	1629	11	-305
3	421	3	-793
5	699	3	-959
1	-277	11	-855
-11	-377	8	-455
-9	-67	11	129
7	-4681	-3	776
-13	-4141	-1	1091
-8	6549	3	961
-3	-397	-5	401
-1	1622	11	-309
-5	413	7	-807
-13	695	-9	-965
-3	-263	-12	-857
-2	-369	-1	-442
-5	-75	-9	140
-13	-4729	1	769
-5	-4187	-5	1085
1	6633	-3	950
-3	-371	-8	399
-11	1644	-5	-310
-9	420	1	-799
-10	715	-3	-955
-10	-282	1	-851
-6	-361	11	-443
5	-57	-9	141
-5	-4757	-5	791
4	-4243	4	1106
-11	6683	7	967
-7	-371	1	411
-9	1659	3	-301
-1	413	6	-805
1	715	-9	-963
1	-267	-3	-859
3	-362	21	-445
3	-63	-20	141
-1	-4789	3	802
-11	-4282	9	1119
2	6717	11	983
-9	-400	-3	413
-10	1663	9	-313
-1	413	3	-825
-16	719	-5	-987
8	-253	-3	-863
-5	-367	15	-455
1	-57	1	153
0	-4776	1	798
-1	-4218	1	1129
-2	6703	-1	979
-3	-387	7	407
-9	1664	15	-329
6	431	4	-825
7	707	-7	-979
-9	-257	3	-863
-10	-349	21	-447
-5	-63	-6	152
4	-4795	-1	789
3	-4215	3	1117
0	6709	9	968
-1	-392	-6	407
-5	1658	15	-328
-3	436	17	-821
-14	728	3	-985
-1	-274	1	-861
6	-387	3	-449
-5	-71	-1	151
-7	-4859	5	787
-3	-4297	8	1113
-7	6823	-13	973
-3	-374	-9	415
2	1701	3	-325
5	428	-4	-831
-10	747	-3	-1001
-3	-264	7	-879
-3	-377	7	-467
-1	-58	1	152
-1	-4737	3	799
-1	-4209	5	1133
-1	6649	1	991
1	-409	-6	413
4	1657	1	-329
1	438	12	-827
-2	719	-1	-995
11	-259	1	-853
-9	-385	13	-437
7	-53	5	153
9	-4826	-3	775
3	-4245	1	1111
-8	6755	-7	959
3	-413	-9	407
-3	1680	-1	-321
-3	426	13	-811
-19	731	-13	-985
-7	-264	7	-863
-17	-377	19	-480
1	-51	-9	144
4	-4741	1	793
-5	-4190	1	1135
3	6641	-1	981
10	-395	6	407
-3	1654	16	-324
5	444	-1	-831
3	721	-9	-988
3	-264	1	-851
-6	-363	15	-447
1	-66	3	159
-9	-4743	7	779
-1	-4193	-1	1106
-5	6648	-3	959
-5	-379	-13	407
-11	1665	13	-313
-1	423	7	-816
-20	729	-3	-979
-5	-266	10	-869
-3	-377	7	-459
-7	-55	-1	150
-7	-4653	-7	781
-5	-4133	-13	1104
1	6535	-3	966
-7	-411	-17	409
-3	1643	3	-327
-1	419	5	-799
-9	707	-9	-977
-1	-259	-3	-847
-1	-389	13	-433
3	-71	-5	135
11	-4743	3	772
-1	-4182	6	1079
0	6645	3	953
-3	-409	-13	401
-9	1656	23	-313
-1	423	1	-808
-17	723	-2	-963
-3	-259	-5	-859
-7	-369	-1	-455
-10	-78	-12	135
0	-4715	1	789
-16	-4143	-3	1107
-12	6609	-1	966
4	-385	-5	395
-9	1657	3	-319
-11	418	19	-811
-15	718	-3	-967
-5	-271	-6	-855
-11	-373	-1	-449
-7	-78	-11	147
-5	-4757	5	777
-7	-4202	6	1099
-7	6656	1	971
5	-383	-9	403
0	1661	9	-297
-1	410	-3	-808
-4	719	-7	-963
-7	-265	-9	-873
-3	-355	21	-465
3	-86	-6	141
-3	-4840	-2	783
3	-4318	-1	1115
-18	6785	5	974
-1	-408	-13	403
-11	1697	21	-319
5	410	7	-827
-7	727	-11	-989
-3	-269	1	-867
-17	-379	17	-457
7	-57	-9	137
-9	-4806	3	803
-10	-4205	-9	1129
0	6715	-5	977
-5	-411	-3	417
1	1680	7	-331
8	408	6	-833
-1	711	8	-979
1	-267	12	-855
-4	-369	15	-452
-8	-73	-9	151
-7	-4785	-1	791
-5	-4195	-1	1123
-5	6673	-3	966
13	-382	11	407
5	1665	11	-323
-5	433	6	-807
2	725	-7	-986
-11	-255	-1	-855
-10	-369	5	-453
-5	-75	12	157
5	-4819	-3	783
-7	-4241	-4	1117
-7	6739	-5	959
-1	-387	-9	415
-12	1695	9	-333
5	418	-4	-824
-11	725	-7	-993
-3	-271	3	-861
0	-375	9	-461
13	-60	6	143
-9	-4858	-2	798
-9	-4316	6	1125
-6	6816	1	974
-8	-415	-19	409
4	1711	7	-333
3	410	12	-819
-7	730	-11	-999
1	-258	4	-863
-5	-373	8	-471
-5	-57	6	161
-4	-4832	1	806
1	-4200	5	1133
-5	6725	1	993
-5	-403	-1	419
-13	1676	-3	-343
-13	419	7	-819
-13	717	-13	-997
-1	-271	-5	-855
-2	-363	-1	-462
1	-85	4	148
-7	-4825	-7	801
-11	-4197	7	1137
-3	6734	-11	960
3	-413	11	411
-7	1681	3	-327
3	419	9	-829
0	727	3	-999
5	-279	9	-863
6	-367	7	-463
-1	-78	-11	149
-5	-4845	-11	795
-5	-4256	1	1133
1	6775	3	969
-3	-382	-11	402
0	1705	1	-317
-1	397	1	-823
-4	739	-15	-1001
1	-292	-5	-865
-7	-360	15	-461
13	-63	-13	157
-5	-4756	-8	799
-3	-4185	-1	1131
-8	6649	1	988
-7	-413	1	417
-9	1683	-1	-329
-7	397	3	-815
5	719	-5	-989
-5	-275	-5	-871
-9	-371	0	-443
-5	-69	-3	147
3	-4784	-1	790
1	-4185	-6	1111
-5	6697	-3	959
7	-431	-7	397
-5	1670	13	-315
11	401	1	-816
-13	727	-10	-981
-1	-261	-1	-867
-8	-357	9	-454
1	-75	-3	137
3	-4787	-1	793
-5	-4153	5	1109
-3	6660	-7	966
-13	-405	-9	397
-1	1659	-3	-332
-9	413	-9	-829
-17	713	-3	-985
-8	-282	-1	-851
-14	-365	5	-447
-11	-83	-17	145
-9	-4793	-7	791
-7	-4218	-3	1099
3	6696	-5	975
5	-405	-9	407
-2	1695	7	-315
-15	395	1	-811
-13	725	-7	-983
-3	-273	3	-873
-5	-368	11	-443
4	-71	-1	147
-3	-4709	0	797
-3	-4135	-1	1117
5	6591	11	991
3	-423	1	403
3	1655	15	-317
3	403	16	-825
-7	711	11	-977
4	-269	1	-845
-11	-371	9	-441
-11	-81	-1	145
-3	-4773	9	773
-23	-4179	9	1091
-11	6663	3	961
-11	-415	-7	401
-7	1665	1	-315
-1	397	-1	-810
-25	717	-19	-967
-11	-264	-17	-861
-12	-373	11	-451
-1	-81	-15	135
-16	-4865	-5	787
-16	-4249	-5	1109
-3	6767	-9	970
-5	-407	-4	407
-7	1681	-2	-318
1	417	1	-835
0	725	-5	-994
3	-275	9	-867
-5	-355	9	-459
1	-69	-1	143
-9	-4799	17	803
6	-4208	15	1133
3	6699	3	983
-3	-397	14	423
-19	1683	21	-337
1	413	11	-837
-2	721	9	-991
-1	-274	14	-861
-7	-387	7	-461
3	-76	-21	157
-11	-4897	7	800
-13	-4317	1	1109
-11	6817	-13	976
-15	-431	-1	405
-9	1699	7	-327
-12	409	7	-821
-15	723	-9	-987
-1	-289	-15	-883
-3	-389	2	-473
-1	-71	-9	155
-6	-4855	-17	799
-5	-4219	-1	1145
-5	6779	17	993
7	-418	-13	413
-14	1690	9	-341
1	417	15	-835
-9	717	-11	-1011
-5	-281	-1	-861
0	-359	7	-454
10	-67	-1	153
4	-4895	-3	801
-3	-4264	5	1119
7	6811	7	975
4	-413	15	415
-13	1695	9	-327
9	415	-7	-829
-2	730	-19	-1003
-3	-303	9	-867
-13	-387	3	-457
-5	-81	-7	169
-11	-4823	-7	803
-9	-4205	6	1145
-7	6715	-9	985
-13	-403	1	407
-6	1691	11	-343
-1	395	-6	-827
-5	723	-15	-995
1	-269	-13	-875
-1	-369	17	-453
1	-78	-1	156
1	-4822	-3	794
-1	-4235	7	1127
-1	6741	7	973
-3	-418	-1	405
3	1701	7	-321
5	417	-5	-815
-10	738	3	-987
10	-269	-1	-855
-1	-379	8	-449
-3	-63	-4	149
-6	-4779	-11	802
-5	-4145	3	1129
-1	6667	9	977
-1	-431	-9	415
-9	1674	13	-321
-5	405	13	-817
-13	713	-5	-985
-5	-271	5	-857
-4	-361	-1	-452
-11	-89	-4	160
-13	-4833	-9	793
-9	-4235	-5	1113
1	6752	1	964
4	-415	-13	399
-1	1693	11	-319
-3	421	-4	-817
-7	741	-17	-982
-1	-292	6	-859
6	-361	17	-461
7	-73	-5	143
3	-4903	-1	815
6	-4282	6	1135
5	6839	8	979
-5	-400	1	414
-3	1715	13	-321
-9	411	6	-826
-3	745	-9	-993
-5	-287	-5	-873
-9	-364	5	-469
15	-48	1	151
-5	-4814	-11	814
5	-4247	1	1133
-7	6755	3	997
5	-446	1	419
-2	1715	9	-333
-3	399	5	-835
-1	722	1	-993
-3	-275	13	-873
-9	-369	8	-455
3	-73	-6	157
-3	-4817	9	797
5	-4195	-15	1123
-2	6737	3	975
-7	-438	3	413
-2	1691	21	-313
-3	419	4	-831
-15	719	0	-987
3	-271	-11	-861
-10	-375	9	-450
-3	-67	-19	138
6	-4729	-3	801
-3	-4123	10	1125
-1	6602	-3	987
-5	-413	-13	395
-9	1665	7	-320
1	431	3	-839
-16	712	-1	-980
-1	-271	-6	-855
-4	-361	17	-439
-7	-77	-1	159
-3	-4773	5	791
-5	-4163	9	1094
-3	6672	1	959
7	-399	-17	398
-6	1673	11	-301
8	413	-7	-800
-2	721	-1	-977
3	-257	-1	-863
1	-375	11	-449
3	-63	-15	141
1	-4723	7	802
-5	-4174	9	1108
-19	6613	1	977
-11	-418	-7	399
-4	1671	9	-329
3	421	-1	-823
-11	709	-13	-973
-1	-263	-5	-863
-3	-365	10	-441
7	-76	-9	157
-11	-4816	-7	780
1	-4223	3	1099
0	6747	-11	961
3	-417	-13	389
-14	1684	11	-337
3	409	9	-816
-5	721	-1	-989
-9	-261	3	-871
-11	-367	3	-457
-12	-78	-1	151
-13	-4839	9	797
-1	-4221	-1	1137
-1	6753	1	981
8	-403	-7	403
-3	1689	9	-337
-3	426	-1	-829
7	722	-3	-988
-1	-289	-6	-869
-9	-361	11	-457
-5	-76	-1	149
-5	-4847	-11	793
-5	-4243	-6	1125
-1	6771	8	979
-9	-407	-5	420
-7	1703	9	-325
-12	413	11	-827
-8	719	-9	-995
3	-285	-5	-859
-3	-373	1	-463
-5	-63	-11	152
1	-4874	-7	799
-9	-4281	-9	1133
-17	6809	-1	981
-11	-433	-7	409
3	1695	1	-327
5	423	18	-829
-2	741	-15	-1001
6	-271	-6	-875
-15	-373	19	-475
-3	-66	1	145
-4	-4850	-9	797
1	-4209	17	1137
2	6791	-9	977
-1	-449	-13	421
-15	1695	5	-339
6	423	18	-829
1	735	-11	-1001
-7	-271	22	-865
-9	-369	11	-447
1	-94	-11	156
-4	-4901	-5	799
-10	-4249	-7	1125
-1	6827	5	971
-13	-420	-1	403
1	1713	5	-334
-3	431	7	-829
-4	741	-9	-995
-5	-289	-7	-879
-11	-369	19	-467
-3	-68	3	153
-3	-4821	-3	797
-3	-4211	11	1138
5	6742	-3	995
-7	-423	6	416
-8	1705	15	-321
1	423	-11	-832
-4	729	-9	-997
-5	-273	14	-863
-9	-371	9	-453
6	-87	3	156
-7	-4839	-5	791
-9	-4254	4	1117
-10	6775	3	975
-5	-433	3	419
3	1699	17	-323
1	405	7	-829
3	727	-5	-985
3	-271	4	-881
-15	-377	9	-453
3	-69	-4	147
-15	-4800	-3	804
-10	-4161	-4	1129
4	6703	1	997
-3	-438	-5	417
-10	1682	11	-339
-9	431	1	-825
-13	715	0	-983
-1	-261	-12	-872
-14	-351	7	-437
3	-86	-9	144
-11	-4835	-1	785
-9	-4205	-7	1109
-16	6746	-5	973
4	-428	-5	411
-9	1685	16	-309
-11	425	-1	-825
0	725	-7	-983
-1	-277	-1	-873
2	-383	3	-455
-1	-76	-9	165
-7	-4825	9	803
8	-4210	-1	1127
-9	6742	2	991
-3	-415	-13	413
-4	1699	15	-315
-3	417	12	-839
0	723	-9	-975
7	-264	5	-859
-3	-378	17	-463
-7	-84	9	140
-15	-4847	10	793
1	-4257	-1	1117
-12	6773	1	983
-1	-451	-1	413
-6	1693	21	-323
-3	401	-5	-831
-15	723	-7	-979
-5	-269	-11	-867
-15	-367	8	-467
-5	-73	-12	151
-6	-4898	-5	804
-14	-4261	-6	1119
-10	6837	-1	989
1	-445	5	397
-11	1706	13	-319
10	423	1	-833
-7	725	-13	-989
-11	-267	-5	-880
2	-363	11	-462
1	-87	-3	146
-8	-4865	1	811
-9	-4217	-9	1135
-1	6796	15	995
19	-441	8	409
-3	1707	3	-329
-1	428	5	-835
1	733	-13	-991
-21	-281	-5	-877
-9	-373	13	-459
3	-79	-11	149
-13	-4965	-3	791
6	-4311	4	1126
-7	6922	-5	975
-3	-428	-9	410
-9	1735	9	-323
-1	410	4	-832
-9	735	-7	-1009
-7	-285	14	-887
-7	-372	13	-475
4	-73	11	152
-7	-4937	-8	821
-7	-4323	11	1159
-9	6897	-3	999
-11	-444	-1	429
-10	1743	13	-339
-9	428	1	-853
-16	733	-5	-1023
3	-275	-1	-887
-7	-373	7	-465
-1	-81	9	147
-1	-4935	-5	810
-19	-4245	-1	1143
-4	6885	-7	993
1	-445	-5	421
-7	1730	13	-339
6	415	1	-843
-17	740	-3	-1013
-13	-271	-4	-857
-8	-361	11	-464
-9	-95	-9	157
2	-4939	-15	795
-7	-4257	5	1149
-15	6861	-5	999
1	-462	-13	421
3	1719	1	-344
-13	428	1	-825
-11	739	-9	-1009
-1	-303	1	-875
-13	-375	9	-471
-7	-103	5	147
3	-4990	-7	801
-15	-4321	4	1156
-1	6958	-5	991
-15	-439	-3	426
-8	1753	7	-331
-1	413	1	-845
-4	749	-7	-1021
-3	-289	20	-897
0	-368	3	-479
-1	-87	8	163
-11	-4991	9	807
-15	-4339	-7	1165
-1	6947	-9	1008
-8	-457	-6	423
-2	1765	5	-347
3	413	-1	-847
-7	745	5	-1023
-1	-294	11	-875
-5	-373	3	-471
-1	-83	-11	143
-3	-4892	-11	811
-7	-4193	3	1155
-5	6789	-9	1001
7	-451	3	425
-13	1719	11	-339
6	420	7	-841
-15	729	3	-1013
-1	-271	9	-880
-16	-365	-1	-439
1	-89	-14	166
2	-4921	-9	813
-10	-4209	10	1135
-5	6827	-5	973
1	-426	-23	411
-15	1719	-5	-328
-7	428	-4	-831
-8	741	-11	-992
1	-301	11	-877
-7	-375	21	-459
1	-89	-15	165
-14	-4865	-7	813
-7	-4207	6	1144
-3	6791	5	997
3	-433	-17	415
-17	1723	5	-313
-5	419	-1	-831
-6	735	-15	-995
5	-287	-13	-869
1	-361	11	-441
-7	-89	-8	158
-3	-4818	8	799
-1	-4208	15	1131
-6	6725	9	986
-1	-455	-7	411
2	1697	13	-323
3	413	-9	-815
-1	733	7	-993
-5	-266	13	-875
-3	-369	10	-453
3	-85	-15	145
0	-4866	5	806
-13	-4179	9	1113
6	6765	-7	983
3	-441	-11	401
-2	1697	5	-333
15	426	7	-814
-23	723	-2	-971
-11	-285	6	-868
-10	-355	11	-457
-7	-102	-1	140
-10	-4913	-7	793
-5	-4251	-9	1121
-9	6845	7	975
-3	-428	-21	407
-5	1723	17	-321
-3	423	6	-829
-10	743	1	-989
-7	-289	9	-871
-1	-357	7	-465
13	-81	-1	149
5	-4805	-3	817
-1	-4159	11	1134
1	6710	-3	991
5	-405	-9	406
-1	1695	11	-325
10	410	11	-833
4	733	7	-999
-5	-274	-9	-865
-5	-368	11	-453
11	-79	-4	149
-9	-4882	0	783
-1	-4246	-1	1117
-9	6797	-9	973
-1	-446	1	397
-10	1705	9	-317
-3	401	-11	-829
-12	722	-11	-987
-7	-269	4	-879
-21	-373	3	-469
-9	-83	-17	139
-21	-4853	-9	801
-9	-4181	-14	1143
-7	6739	5	983
-1	-445	-11	405
-2	1690	-3	-337
1	421	3	-821
-3	707	1	-993
1	-271	-1	-859
6	-365	7	-442
3	-91	1	162
9	-4823	-7	787
11	-4153	-3	1115
9	6703	5	966
6	-429	13	407
1	1689	13	-313
-1	423	11	-817
4	722	-1	-987
11	-279	4	-861
-8	-365	23	-457
12	-81	-1	149
-3	-4781	-3	793
6	-4133	4	1109
1	6644	-9	961
-9	-427	-1	425
-5	1679	7	-329
-13	403	-7	-818
-12	715	-11	-989
-1	-283	3	-855
-17	-377	1	-461
-3	-96	-15	155
-7	-4794	-9	778
-17	-4187	-17	1115
-14	6699	-11	960
1	-444	-7	409
2	1699	-1	-315
-5	403	-5	-805
-9	726	-11	-975
8	-266	1	-861
11	-357	10	-451
7	-71	-3	153
13	-4795	5	783
-3	-4143	14	1119
5	6715	11	959
15	-426	16	409
-3	1697	15	-315
11	397	19	-801
1	729	-2	-983
-3	-271	4	-853
-6	-365	5	-456
-5	-86	-1	147
-19	-4737	7	777
-16	-4089	-9	1111
-13	6591	-17	962
-19	-438	-6	395
-21	1646	-3	-322
-5	415	-7	-819
-7	705	-17	-982
-17	-276	-9	-855
-11	-355	1	-447
-11	-81	-11	147
-7	-4723	-7	777
4	-4087	4	1093
1	6595	-10	963
11	-418	-4	420
5	1673	5	-321
10	420	11	-801
-7	719	1	-969
5	-266	-1	-835
5	-352	13	-445
11	-103	18	149
-3	-4757	3	784
5	-4163	1	1092
0	6665	5	961
1	-443	1	405
-12	1685	29	-317
1	395	1	-811
-15	725	-17	-973
6	-269	-6	-855
1	-355	9	-465
-9	-81	-19	145
-25	-4752	-7	777
-29	-4101	-4	1103
-24	6621	-15	967
-10	-435	-21	399
-11	1659	-5	-325
-9	413	-5	-817
-9	713	-5	-959
-1	-271	-3	-851
-5	-343	7	-447
1	-84	-5	143
3	-4789	9	773
9	-4141	20	1097
5	6699	17	954
11	-411	5	399
11	1695	21	-311
7	431	17	-803
11	730	15	-962
5	-275	21	-855
9	-353	27	-455
9	-81	7	129
3	-4741	9	795
6	-4105	11	1098
-11	6599	5	975
-7	-419	-12	396
-10	1667	15	-325
-8	403	3	-816
-35	701	-15	-975
-19	-279	-15	-839
-21	-370	-3	-445
-11	-96	-22	141
-21	-4800	-19	771
-7	-4184	-19	1088
-9	6695	-11	957
-19	-437	-24	393
-13	1685	-1	-311
5	410	-15	-805
-5	725	-9	-965
10	-253	-6	-853
1	-355	8	-451
11	-61	19	147
10	-4729	-1	794
15	-4084	12	1115
28	6631	15	981
17	-418	22	409
21	1675	23	-331
15	413	29	-821
5	715	-1	-969
5	-258	24	-855
5	-343	25	-446
1	-95	11	143
-3	-4823	11	767
-13	-4161	3	1097
-9	6698	-7	946
-11	-421	-17	403
-25	1672	-1	-313
-13	420	-17	-811
-17	707	-17	-984
-25	-281	-15	-855
-15	-363	-1	-455
-17	-73	-25	139
-17	-4729	-15	785
-7	-4107	-5	1122
-1	6579	-5	959
1	-405	6	411
-9	1677	5	-321
1	418	-6	-809
5	717	-7	-969
11	-266	12	-843
3	-356	29	-447
11	-84	29	144
19	-4782	3	757
3	-4169	25	1087
18	6685	13	940
3	-433	5	401
6	1675	19	-315
5	410	10	-799
1	717	5	-981
13	-261	5	-849
1	-361	16	-469
3	-81	-13	131
-16	-4715	-9	784
-13	-4049	-7	1119
-12	6567	-17	959
-19	-433	-25	409
-23	1657	-9	-341
-15	400	-5	-816
-19	695	-13	-973
-11	-269	1	-837
-7	-347	-1	-438
-1	-68	-9	153
-4	-4631	-9	765
10	-3966	3	1085
11	6465	1	950
15	-423	-4	401
9	1636	18	-310
-1	431	9	-787
7	719	-1	-952
8	-258	27	-826
7	-347	13	-451
7	-81	3	143
-5	-4658	-3	759
6	-4038	13	1073
-3	6505	7	923
-9	-415	-3	405
-14	1635	3	-307
-5	395	-6	-783
-25	695	-11	-947
-15	-263	-9	-827
-13	-358	3	-461
-11	-93	-17	142
-11	-4665	-9	757
-7	-4063	-9	1086
-7	6505	-5	941
-9	-437	-19	397
-5	1649	11	-305
7	411	10	-789
-3	697	-3	-951
6	-259	9	-835
-3	-347	9	-433
1	-83	11	143
-1	-4673	-1	759
1	-4047	17	1077
4	6539	1	943
7	-399	-3	397
2	1653	13	-303
11	409	11	-789
3	691	3	-947
3	-269	9	-845
-6	-345	17	-445
-3	-96	-12	132
2	-4615	-5	761
3	-3987	-9	1093
-13	6431	-7	944
-1	-423	-11	389
-15	1608	8	-318
-9	402	-9	-793
-9	689	-25	-946
-14	-269	-1	-826
-2	-363	9	-447
-7	-94	-13	131
-9	-4664	-3	755
-9	-4033	3	1067
-7	6505	1	935
-5	-400	-1	393
1	1647	13	-289
-1	395	7	-775
2	709	1	-941
10	-283	7	-839
-2	-337	13	-445
4	-102	13	125
3	-4695	11	776
13	-4101	3	1081
-2	6560	7	941
3	-433	-4	401
-16	1667	7	-305
7	401	-5	-789
-17	695	-7	-951
-7	-263	-5	-841
-23	-347	-1	-445
-3	-94	-22	131
-1	-4722	-7	759
-16	-4087	-23	1079
-19	6587	-13	961
3	-417	-7	391
-15	1649	11	-313
-1	399	-15	-802
-13	701	-2	-943
3	-265	1	-841
13	-341	23	-430
-1	-84	-15	137
0	-4705	3	771
5	-4065	20	1095
-1	6551	3	950
11	-402	-13	397
-11	1651	19	-304
3	405	9	-795
-7	709	-3	-955
3	-265	-9	-841
-10	-361	13	-445
-7	-78	-5	141
-3	-4624	3	769
-3	-4009	-1	1081
-7	6437	5	941
-5	-409	-17	404
-11	1615	7	-301
-7	392	-13	-792
-16	699	-11	-951
-13	-261	-9	-829
-9	-347	13	-433
-5	-71	5	155
-7	-4645	-3	768
-11	-4069	-3	1057
0	6491	3	934
3	-411	7	391
1	1631	9	-301
14	385	10	-783
12	691	1	-953
3	-259	11	-814
-7	-349	8	-439
7	-73	6	141
-2	-4577	-5	767
-1	-3951	11	1095
-12	6379	1	931
-3	-407	-3	399
-12	1596	9	-315
-1	390	1	-780
-1	681	-5	-939
3	-248	-1	-829
-5	-339	5	-436
-21	-86	-1	151
-16	-4659	-1	753
-7	-4017	-9	1069
-9	6473	-13	918
-1	-403	-11	381
-23	1621	5	-310
-5	413	-11	-771
-17	696	-13	-943
-5	-271	4	-818
-2	-351	9	-447
5	-78	-1	141
2	-4605	-11	757
-1	-3997	7	1084
7	6417	-13	935
-9	-393	-9	402
0	1621	3	-323
3	395	3	-790
-7	697	-5	-939
-1	-271	5	-815
-14	-340	3	-433
6	-79	-1	148
-1	-4623	-5	764
-5	-4043	5	1068
-8	6470	1	928
-11	-409	-13	387
-6	1627	-5	-303
-3	399	-1	-783
-5	685	-5	-951
3	-253	-11	-819
-3	-343	3	-449
-11	-81	-14	149
-17	-4545	-1	764
-8	-3929	17	1067
-3	6341	-7	943
-5	-403	-9	389
0	1598	9	-313
10	409	11	-781
-9	689	1	-933
3	-258	-4	-809
5	-337	13	-423
3	-99	4	149
2	-4507	-5	745
-1	-3887	16	1053
-2	6283	9	918
-5	-392	5	389
-3	1572	1	-300
-1	397	-5	-769
-14	682	1	-933
1	-269	15	-809
-2	-345	17	-429
1	-94	-9	145
-1	-4515	1	729
3	-3935	-5	1047
9	6311	-9	899
1	-395	-7	373
-4	1591	-3	-297
-5	371	1	-761
1	689	-9	-915
-7	-257	12	-813
-7	-337	7	-427
-9	-71	5	148
-5	-4485	-2	746
-9	-3958	1	1049
6	6273	3	914
3	-409	-1	390
-5	1579	17	-303
-1	400	-3	-759
-11	691	1	-919
-3	-256	-11	-794
-7	-345	13	-423
-5	-81	-3	139
-10	-4559	-3	736
-12	-3983	7	1048
-9	6375	-3	901
-1	-403	1	385
-16	1590	7	-297
-3	403	-13	-772
-7	679	3	-919
-3	-259	-7	-803
-3	-337	7	-437
-1	-73	-6	130
-4	-4545	1	749
-3	-3974	-1	1057
-1	6355	-1	930
6	-395	-5	381
-11	1593	19	-295
-13	408	1	-773
-20	669	-9	-922
-5	-253	-1	-811
-2	-355	11	-421
3	-89	-5	133
2	-4587	5	737
3	-3995	1	1052
1	6421	8	929
-5	-385	-17	376
-19	1609	11	-293
-5	390	-4	-770
-19	683	3	-929
-3	-271	-13	-823
-11	-344	15	-437
1	-76	-4	134
-7	-4527	10	755
-3	-3989	1	1063
1	6331	7	933
-1	-402	-19	393
0	1591	15	-301
1	397	16	-781
-9	675	-15	-921
3	-258	-8	-817
-3	-345	3	-417
-5	-66	-4	129
2	-4539	1	740
-3	-3963	-9	1041
-4	6349	-5	917
-3	-405	-9	393
0	1574	5	-295
-3	413	9	-769
-7	673	-5	-923
3	-257	7	-821
-17	-343	7	-423
-7	-78	-5	136
-5	-4539	-1	739
-3	-3961	3	1067
-7	6347	-13	924
-5	-392	-5	383
-7	1591	-5	-309
-5	417	6	-755
-8	679	-15	-922
-9	-269	7	-820
-8	-347	-1	-433
-3	-78	5	143
-9	-4489	-5	741
1	-3943	-5	1052
-11	6273	-9	923
-5	-391	-4	407
-10	1583	7	-293
-12	401	-1	-766
-8	677	-11	-921
-7	-248	1	-809
-9	-356	5	-431
4	-76	-1	144
-1	-4611	-11	732
-3	-4071	1	1045
-7	6460	-5	905
-7	-399	1	401
-3	1615	1	-303
-7	415	12	-763
-7	685	-15	-931
4	-263	-5	-821
-7	-351	11	-443
-1	-61	-3	139
-4	-4567	-11	741
-9	-3969	-6	1079
-11	6365	-1	945
-1	-415	-3	399
-14	1596	-1	-315
10	417	-1	-776
-7	679	-10	-935
-11	-265	4	-805
-8	-339	5	-431
-7	-85	-5	142
-3	-4569	-5	735
-14	-3999	7	1045
7	6390	-9	916
1	-385	-15	389
-9	1591	13	-298
3	409	14	-765
3	697	-19	-927
-1	-267	-1	-827
-2	-357	-7	-449
-7	-79	-1	131
-7	-4587	-1	741
-5	-4028	-1	1073
-13	6400	-3	931
-3	-373	-17	376
0	1613	1	-309
7	402	-9	-773
-11	689	-7	-931
1	-263	1	-815
2	-348	9	-439
-1	-84	-3	133
-11	-4683	-7	738
-7	-4157	-4	1063
-1	6566	-7	921
-1	-402	-3	397
-3	1651	9	-311
7	408	5	-773
-3	699	-7	-943
-1	-264	7	-845
-5	-345	11	-453
-1	-68	1	133
-1	-4621	-5	763
-1	-4051	1	1103
-4	6463	1	961
5	-400	5	411
-2	1611	7	-323
-9	395	1	-791
-7	685	-17	-937
-13	-251	-19	-837
-10	-341	7	-428
-5	-87	-22	137
4	-4699	-19	759
3	-4120	-1	1065
-10	6577	-3	928
-5	-395	-15	389
3	1636	-5	-306
5	413	1	-785
-14	698	-1	-949
-9	-274	-13	-845
-3	-369	17	-457
7	-75	-9	131
7	-4731	-3	775
-11	-4155	4	1088
-9	6601	-8	959
1	-397	-17	395
-11	1651	9	-311
-5	401	-3	-810
-15	715	-1	-971
-1	-269	-1	-857
-5	-353	9	-453
-3	-99	-15	131
-1	-4703	5	784
-1	-4165	-9	1095
0	6583	7	957
-1	-402	-17	395
-10	1627	21	-311
-3	392	3	-815
-2	699	-15	-957
10	-265	9	-853
-1	-351	21	-429
9	-73	-11	139
-5	-4725	-1	769
-11	-4129	5	1083
-2	6601	-7	951
5	-387	3	395
-16	1632	-1	-323
4	417	-6	-805
-1	695	-10	-949
3	-269	-4	-845
-12	-345	21	-444
9	-87	-5	137
-3	-4725	1	777
-5	-4123	5	1093
-5	6605	9	958
6	-397	1	389
3	1636	7	-324
-5	411	3	-805
-21	700	-7	-964
1	-265	-9	-843
-8	-353	13	-449
3	-95	7	141
7	-4781	-5	777
-7	-4200	-15	1099
1	6690	-1	949
3	-379	-12	412
0	1659	9	-323
-8	402	-1	-805
-4	711	-9	-973
3	-265	-3	-851
-3	-347	5	-453
13	-84	-9	146
-9	-4701	-5	779
-5	-4159	-7	1117
7	6568	-3	964
-5	-400	-12	411
-12	1637	7	-329
7	420	3	-815
-3	699	1	-975
8	-249	-9	-845
-9	-365	2	-439
-1	-81	-12	145
-2	-4732	-13	761
-11	-4131	3	1085
-4	6605	-3	941
-3	-407	-13	399
-7	1645	7	-321
4	403	-13	-792
-7	695	-5	-963
1	-263	5	-851
-6	-353	5	-458
-7	-78	6	156
4	-4763	-9	771
-7	-4146	7	1103
9	6638	1	938
4	-383	-1	397
5	1656	16	-323
-5	428	14	-805
-1	703	-15	-976
-5	-269	12	-851
-4	-347	3	-453
1	-76	7	135
9	-4717	-7	777
-3	-4133	5	1108
-1	6595	-2	941
-1	-379	-4	419
1	1645	9	-317
8	395	7	-805
-13	703	-5	-969
-5	-255	12	-847
-10	-353	5	-443
13	-78	-11	150
-5	-4743	-7	757
-1	-4173	25	1097
-1	6615	-1	953
-1	-409	-9	403
-5	1665	5	-323
1	401	7	-791
-23	705	-13	-973
6	-259	-1	-843
-3	-363	7	-445
1	-73	1	155
3	-4643	-9	777
-1	-4063	-5	1103
-3	6485	-5	953
-3	-401	3	403
-10	1625	15	-327
-3	405	13	-807
-3	693	-11	-965
-9	-261	6	-841
-9	-349	7	-431
3	-91	1	141
-1	-4731	3	757
-7	-4136	-5	1071
0	6601	5	936
-1	-391	-6	401
5	1653	0	-308
-3	413	6	-797
-12	715	-13	-956
-1	-276	-1	-853
-2	-361	9	-445
-5	-87	-5	133
-5	-4679	-5	791
-3	-4089	5	1099
3	6543	2	973
-1	-387	9	388
-1	1647	7	-315
8	391	-4	-808
8	709	-7	-969
5	-267	1	-843
0	-338	21	-435
13	-87	-9	140
-5	-4753	3	776
-7	-4208	-11	1072
-1	6655	-7	956
-8	-400	-11	393
-9	1667	3	-307
-3	383	-7	-803
5	705	-17	-959
1	-269	4	-851
-13	-357	8	-443
-3	-73	-9	143
-11	-4681	-3	788
-8	-4093	-9	1099
3	6549	3	983
-1	-395	-15	397
-13	1632	9	-325
-5	409	-9	-815
-7	693	-7	-963
-3	-257	-1	-843
-8	-335	3	-423
-1	-91	-12	143
-1	-4759	1	769
1	-4121	7	1083
-2	6638	7	948
8	-397	-4	407
-9	1655	9	-302
1	420	7	-799
-11	711	-7	-957
3	-283	-6	-851
-3	-357	5	-445
-3	-76	-5	137
-9	-4759	-7	789
-5	-4157	-17	1098
-5	6633	-5	961
-1	-391	-9	403
-12	1667	5	-313
-14	395	11	-822
-9	703	-11	-961
-16	-261	-9	-847
-11	-362	9	-439
3	-75	-15	148
-13	-4727	-1	765
-1	-4173	-9	1094
1	6623	3	955
3	-405	-7	403
-11	1663	7	-315
-1	415	3	-799
2	713	-11	-971
-5	-251	-5	-843
7	-357	7	-437
7	-77	-3	153
3	-4833	-1	786
-14	-4201	-1	1099
2	6739	3	967
3	-407	-3	393
-17	1685	9	-317
-5	418	-4	-807
-1	707	-3	-971
-5	-253	-3	-843
-7	-359	11	-462
-3	-78	-12	142
-1	-4839	-11	787
-1	-4201	3	1121
-1	6735	5	970
4	-400	-11	413
-11	1671	9	-327
1	428	-13	-823
-5	722	-13	-981
-5	-273	4	-857
-9	-339	5	-453
3	-81	1	151
-3	-4815	-3	789
-5	-4193	23	1114
-9	6721	3	955
-13	-403	-9	412
-11	1693	11	-329
-5	408	3	-816
-10	723	-7	-975
1	-251	-7	-855
-2	-358	13	-451
-3	-71	-7	160
-13	-4689	1	800
-9	-4097	15	1123
0	6558	-1	968
-1	-399	1	401
9	1647	11	-329
-1	392	-5	-817
-14	709	-11	-973
-3	-251	15	-833
-15	-357	-1	-437
-5	-71	14	161
-8	-4731	-5	769
-1	-4111	9	1093
3	6607	1	937
5	-413	-3	405
-1	1654	5	-319
-1	401	-1	-796
5	711	-11	-973
-1	-251	15	-839
-11	-357	9	-445
-5	-86	5	145
-6	-4745	-7	771
-5	-4112	3	1107
-5	6608	9	956
-13	-401	-15	407
3	1648	9	-318
1	397	-3	-797
-8	714	-7	-969
-7	-281	-1	-843
-5	-341	1	-447
3	-77	3	157
-3	-4749	-5	765
-3	-4146	-5	1109
-5	6623	-13	957
-1	-390	-3	394
-12	1673	17	-327
1	400	-4	-804
-7	711	-9	-969
-1	-253	5	-849
5	-345	3	-457
10	-73	6	154
1	-4781	-3	770
-1	-4179	-7	1102
-1	6653	-7	954
1	-411	1	390
-4	1673	1	-317
-3	405	14	-805
-17	711	-11	-965
6	-266	-13	-849
-7	-337	8	-447
-5	-83	-3	145
0	-4776	7	786
3	-4141	3	1107
-8	6661	-7	969
3	-433	-13	393
-3	1675	1	-329
4	399	-15	-816
-7	713	-13	-971
-1	-274	-9	-863
-10	-347	9	-450
-5	-107	-6	152
-5	-4875	1	791
5	-4251	-7	1109
-9	6804	3	964
-1	-407	-5	399
-5	1699	11	-316
-1	410	13	-807
-7	737	-5	-978
-1	-295	-1	-863
-4	-345	15	-461
7	-89	12	149
-7	-4825	1	805
3	-4205	-1	1129
-1	6763	-5	985
-19	-403	-12	396
-14	1711	23	-343
-7	411	-9	-836
-9	723	-3	-987
-12	-281	1	-863
-7	-354	13	-455
4	-89	-17	150
-7	-4873	3	804
-11	-4275	-11	1119
-9	6813	1	986
-8	-418	5	405
-2	1703	13	-321
3	401	-15	-827
-7	727	-7	-985
1	-271	1	-865
-1	-371	24	-467
3	-73	-17	143
6	-4835	-1	801
-9	-4179	-9	1135
-11	6741	3	987
5	-415	-1	405
-9	1686	15	-331
10	428	1	-835
-15	725	-3	-983
-9	-264	6	-861
-18	-349	5	-440
-5	-91	-15	142
-10	-4885	-3	793
-10	-4233	-5	1107
-2	6800	-9	968
11	-405	-5	405
-1	1695	8	-319
-9	425	-1	-825
-6	730	-11	-992
-5	-289	7	-871
-3	-357	11	-451
7	-66	-5	147
7	-4861	-7	805
-7	-4211	11	1138
5	6749	2	981
-13	-401	-17	412
-10	1701	15	-323
-1	418	5	-831
-12	725	-11	-987
3	-282	3	-863
-15	-355	13	-449
4	-79	-4	158
-9	-4864	3	783
-5	-4256	5	1121
10	6801	-3	970
3	-428	1	403
1	1707	7	-323
-3	417	-5	-821
-19	723	-7	-987
-1	-277	-3	-863
-7	-355	5	-461
-9	-91	-1	151
-14	-4900	-5	802
-8	-4227	-9	1133
4	6829	-3	977
-7	-415	10	409
-9	1706	9	-337
-1	407	-3	-817
-7	733	-15	-997
-1	-269	7	-876
-8	-339	15	-449
-1	-84	6	151
11	-4845	-7	793
-7	-4177	-5	1147
3	6742	5	968
-17	-421	-5	407
-5	1687	13	-333
-3	426	7	-829
-4	737	-9	-991
-8	-292	-1	-857
-3	-355	11	-455
-9	-99	-11	161
-7	-4895	-7	799
6	-4233	-13	1115
-5	6813	-5	973
-1	-415	-9	413
0	1705	-3	-311
-3	408	-19	-807
-16	743	-15	-985
-9	-279	-3	-867
2	-358	5	-467
3	-73	-19	141
-1	-4868	0	795
-3	-4246	6	1137
-4	6805	-7	988
5	-425	-6	419
4	1711	9	-329
-3	413	-5	-827
-13	725	-11	-993
6	-277	1	-867
-7	-361	16	-445
11	-96	-9	147
4	-4967	-1	804
-9	-4277	9	1127
0	6921	13	973
-12	-431	3	407
-23	1737	5	-333
10	407	-17	-833
-15	733	-18	-999
1	-287	5	-882
5	-359	7	-457
5	-86	-13	162
-11	-4979	-3	817
-7	-4311	-7	1159
-9	6935	-3	991
6	-410	-17	409
3	1729	-3	-343
-3	415	-1	-847
-8	749	-13	-1001
-5	-283	-14	-871
-4	-361	11	-457
-3	-97	-3	159
-2	-5054	-5	827
3	-4395	-4	1148
3	7065	-5	1005
7	-423	-11	421
-5	1781	15	-343
3	410	-17	-855
-6	765	-9	-1007
3	-289	7	-899
-13	-361	7	-467
3	-104	-1	152
-7	-5087	0	841
-13	-4421	1	1167
-5	7093	-9	1017
-5	-453	-1	417
-4	1799	-3	-351
-7	423	-7	-879
-7	758	-3	-1029
6	-287	-17	-897
3	-363	13	-469
-11	-89	-3	171
0	-5117	5	840
-8	-4413	-6	1177
-11	7117	-9	1027
1	-433	-19	423
12	1779	9	-339
11	431	13	-869
-13	763	-11	-1031
-9	-273	6	-901
-10	-353	13	-463
-1	-112	-11	169
-2	-5213	7	835
9	-4501	-1	1197
-5	7228	3	1029
1	-445	-8	421
-9	1810	9	-351
1	425	-9	-871
-9	773	-7	-1047
-3	-305	-17	-915
2	-363	3	-489
-5	-89	-17	161
2	-5094	-5	862
-9	-4400	-19	1200
-9	7085	-5	1053
1	-431	-15	437
-11	1793	-1	-361
-3	425	-17	-883
0	757	-3	-1055
-5	-285	-9	-901
-3	-370	3	-459
-5	-75	-17	169
5	-5005	0	835
3	-4343	15	1179
6	6971	7	1018
3	-441	-6	421
0	1751	3	-337
5	415	-5	-863
-5	754	-7	-1033
4	-277	-3	-889
-5	-375	7	-459
-1	-89	-17	169
-6	-4995	-5	821
-3	-4277	7	1159
6	6955	-3	1001
-10	-451	-9	425
-12	1745	11	-343
-3	436	20	-841
-11	749	-5	-1015
-5	-271	3	-890
-13	-353	15	-460
-14	-104	4	165
-3	-5093	-3	829
-3	-4395	1	1161
-2	7099	5	1005
4	-444	5	413
-1	1781	-7	-346
-17	431	6	-851
1	755	-11	-1017
-5	-295	-6	-897
-6	-369	17	-479
7	-93	-11	163
-1	-4978	-5	829
-1	-4282	4	1186
-1	6914	10	1031
-1	-423	1	424
-9	1745	9	-341
-5	421	-9	-847
-2	745	-11	-1023
-11	-273	-11	-881
-16	-368	17	-463
-3	-109	-13	154
1	-5038	-5	821
-9	-4372	5	1147
-9	7014	-1	1002
-8	-438	-4	417
-7	1781	5	-331
1	419	7	-837
-9	764	-3	-1027
-1	-289	-13	-901
3	-369	7	-477
-1	-73	4	149
-14	-5027	-1	823
1	-4301	4	1184
-7	6977	3	1019
-7	-435	-3	435
-10	1757	23	-339
1	420	6	-859
-7	746	2	-1021
-5	-285	-4	-882
-10	-351	21	-454
7	-94	-4	164
-1	-4929	-15	825
-3	-4215	-1	1155
-12	6855	-1	1001
4	-433	5	423
7	1737	17	-333
-5	431	1	-851
-5	747	-13	-1009
-3	-275	3	-883
-14	-357	7	-451
-3	-99	-9	159
-9	-4953	-11	815
-9	-4255	5	1135
-17	6881	-5	989
7	-419	-1	408
4	1747	3	-329
-17	420	-7	-832
2	759	-9	-995
-10	-284	7	-881
-11	-370	3	-465
3	-109	-8	148
-15	-4973	-5	811
-3	-4311	-9	1137
-7	6921	5	1000
-3	-449	-5	411
-15	1755	7	-335
-7	408	-5	-841
-13	749	-17	-1011
-3	-276	-1	-897
-9	-371	5	-457
-5	-81	-17	141
-17	-4971	5	804
1	-4287	-1	1147
-14	6947	-9	1005
-7	-417	3	423
-9	1743	7	-337
4	417	4	-837
-13	747	-5	-1007
-5	-271	6	-889
-10	-367	5	-475
1	-81	-4	162
-5	-4921	5	819
-12	-4215	10	1151
-3	6831	9	993
-5	-427	-6	411
-11	1725	23	-336
-1	427	9	-845
-11	745	-3	-1006
-5	-285	-6	-869
-4	-359	3	-465
-3	-94	-5	163
-14	-4948	-1	797
-15	-4244	-11	1128
-5	6847	-9	991
-11	-423	-9	419
-6	1729	5	-323
-8	401	4	-836
-18	745	-9	-997
-5	-282	1	-865
3	-363	19	-461
-1	-97	-1	148
-1	-4939	-2	814
1	-4264	1	1149
2	6863	-1	989
-5	-447	-9	413
-1	1739	13	-323
-9	411	1	-843
-15	755	-3	-1007
-3	-287	6	-879
-5	-353	5	-471
5	-81	-3	151
-10	-4907	3	808
1	-4203	3	1143
-3	6833	5	991
-1	-436	-3	409
0	1718	17	-325
3	391	4	-853
-13	737	-11	-1007
-11	-279	1	-867
-6	-349	9	-459
-7	-94	-1	153
-14	-4923	-3	801
-9	-4228	12	1127
1	6855	-1	979
4	-428	3	407
-15	1735	3	-327
-3	410	-12	-831
3	741	-11	-993
-7	-299	9	-865
-11	-353	25	-463
-3	-101	-9	159
-1	-4863	3	801
4	-4182	11	1141
-5	6755	13	995
-7	-426	-4	419
0	1719	25	-329
-12	402	9	-828
-3	745	-7	-995
3	-283	18	-861
-5	-362	17	-451
-5	-85	-6	156
-9	-4873	7	791
-1	-4211	-12	1114
-1	6773	7	978
-10	-433	5	413
1	1709	7	-325
3	383	7	-819
-9	741	-13	-985
6	-269	1	-869
1	-365	19	-461
-1	-94	-9	147
-6	-4800	-1	797
-14	-4119	19	1125
-2	6659	-1	983
5	-441	-1	415
1	1687	11	-327
3	415	13	-827
-9	735	-7	-989
-9	-285	11	-863
-6	-349	3	-439
-11	-85	-9	147
4	-4797	1	781
1	-4101	-5	1101
-3	6671	-7	966
4	-418	-18	397
3	1679	3	-310
1	403	4	-805
-11	727	-5	-980
-13	-285	6	-861
-11	-347	7	-449
1	-81	-9	155
-2	-4751	-7	789
6	-4102	-3	1107
-1	6611	7	969
-5	-423	-9	415
-1	1675	15	-317
-3	405	13	-811
-10	727	-5	-963
-3	-279	12	-847
-9	-357	9	-449
1	-78	-5	142
-7	-4800	-9	784
-9	-4159	1	1095
-8	6685	-1	954
1	-437	6	399
-6	1681	11	-309
-5	405	5	-815
-7	727	-3	-973
-3	-283	1	-859
-7	-353	21	-451
-3	-94	-3	151
-5	-4822	-1	789
-9	-4151	9	1113
-13	6699	-1	973
1	-438	3	385
-5	1688	5	-327
4	417	-7	-817
-1	721	3	-975
-1	-279	1	-863
-6	-349	9	-447
-1	-83	-7	131
3	-4749	3	787
3	-4049	-1	1113
1	6602	19	966
11	-429	1	405
-7	1654	-2	-316
-9	401	5	-803
-4	721	-9	-965
-3	-283	-6	-853
-3	-353	3	-443
5	-89	1	141
-3	-4757	-7	779
8	-4087	-1	1091
-19	6623	-5	945
-11	-407	-1	393
-11	1675	1	-317
-11	401	-1	-798
5	727	-17	-965
1	-279	-1	-845
-14	-346	1	-453
-1	-99	-6	135
-13	-4667	-3	775
-9	-4041	1	1107
-18	6511	-5	956
-9	-433	-6	401
-1	1643	9	-317
-5	413	10	-813
-5	711	-11	-963
11	-267	-4	-845
9	-369	19	-435
3	-81	-1	161
-5	-4703	-9	763
-1	-4043	15	1077
-5	6549	-1	929
-7	-417	1	387
-2	1640	-3	-307
4	407	13	-786
-11	711	1	-947
7	-261	-9	-837
-5	-337	3	-447
1	-94	-5	142
-2	-4667	-15	763
-10	-4028	18	1087
-14	6505	7	950
-5	-413	-3	397
-1	1643	15	-310
-11	407	3	-787
-7	714	-19	-939
-9	-279	14	-828
-7	-359	9	-441
-1	-102	-13	141
-7	-4703	5	765
-3	-4069	-3	1076
1	6547	10	935
-9	-407	1	401
1	1657	7	-317
-1	395	1	-792
-11	713	-11	-951
-7	-261	3	-841
-9	-358	5	-447
6	-85	-4	138
-7	-4717	3	772
-7	-4121	1	1098
-11	6580	7	966
1	-435	-6	399
-4	1659	7	-319
-7	402	3	-791
-7	709	-1	-957
10	-276	-5	-833
-9	-343	-2	-441
-3	-81	-3	151
2	-4667	-1	770
-3	-4040	-6	1095
2	6535	5	959
-1	-415	-1	403
-16	1657	11	-313
11	391	1	-789
-7	713	-13	-951
5	-271	1	-839
-2	-345	19	-444
9	-84	-7	136
3	-4677	-7	759
-1	-4041	-1	1081
3	6509	1	946
8	-405	-13	401
1	1636	19	-308
-1	410	-6	-787
-7	715	-5	-946
-10	-283	-1	-847
-5	-347	5	-435
-1	-84	-1	143
-5	-4677	-7	765
-3	-4064	-3	1075
1	6527	-7	957
-5	-397	-12	392
-16	1647	19	-303
-8	402	9	-799
-15	717	-1	-959
-7	-279	10	-841
-2	-362	17	-435
-11	-89	-7	128
-13	-4693	5	767
-9	-4105	-1	1085
5	6554	9	950
8	-423	-14	403
0	1643	17	-303
1	402	16	-783
-5	705	5	-937
-11	-277	9	-835
-9	-355	8	-425
3	-71	1	141
-10	-4609	5	777
-9	-3971	1	1083
-18	6425	-5	953
-5	-399	-7	389
-9	1621	9	-299
-1	405	-5	-788
-9	693	-11	-933
-9	-257	7	-831
-3	-341	11	-424
-9	-85	-6	138
-7	-4641	3	755
-7	-3997	7	1067
-3	6461	3	920
6	-399	4	383
-11	1630	3	-293
-3	413	7	-783
-9	704	-9	-942
1	-282	-3	-834
-3	-351	25	-447
-5	-77	10	133
11	-4640	3	753
-9	-4047	21	1073
-3	6482	-5	927
-3	-397	-3	400
-6	1645	1	-301
-5	407	12	-779
-13	697	-9	-939
1	-261	5	-827
-5	-354	7	-443
-1	-78	-1	131
3	-4691	3	757
-1	-4101	5	1076
-11	6542	1	942
-1	-411	-3	401
5	1655	7	-313
-7	392	-1	-793
-5	701	-19	-949
4	-258	1	-841
3	-357	10	-453
-1	-76	7	141
4	-4643	7	759
-5	-4017	1	1083
-3	6475	-3	955
5	-420	-1	405
-5	1626	3	-311
6	397	11	-801
-13	709	1	-967
-5	-261	-7	-837
-5	-345	15	-442
-1	-75	6	136
3	-4625	-13	757
-3	-3992	16	1071
0	6453	-3	928
4	-403	-4	403
-5	1611	7	-316
-3	408	5	-785
-1	700	-11	-947
5	-285	9	-831
-10	-345	3	-447
-5	-84	-17	137
-9	-4635	3	757
-3	-4038	-1	1065
-9	6497	-2	933
-1	-379	-11	413
-11	1641	7	-305
1	401	23	-790
-2	715	-9	-959
5	-263	1	-825
-7	-346	13	-443
-1	-81	-6	149
-13	-4574	1	756
-9	-4005	-3	1072
-9	6385	-3	938
-11	-425	-6	395
-4	1603	5	-311
-5	397	12	-793
-3	701	-13	-959
4	-269	-1	-825
-9	-359	8	-435
-5	-75	11	143
-1	-4661	3	740
-5	-4033	9	1049
-11	6493	-3	925
-5	-405	12	391
-9	1627	11	-307
-7	405	11	-772
-9	707	-17	-935
-15	-269	-4	-839
-22	-347	7	-442
5	-75	-9	146
-20	-4649	-7	767
-9	-4035	-5	1085
2	6493	-3	940
-1	-402	7	391
-7	1636	1	-305
3	397	-4	-787
-1	709	-13	-952
-9	-287	11	-834
-6	-347	7	-437
3	-85	-1	139
-2	-4688	-13	755
-3	-4077	3	1073
-9	6543	-9	947
-1	-405	-9	389
-3	1663	5	-295
-5	393	-1	-784
-5	725	-11	-943
-18	-269	-5	-831
-13	-350	9	-445
-5	-63	-13	140
-9	-4611	7	775
-5	-4041	-1	1083
0	6473	-1	952
-5	-409	-12	401
0	1639	9	-309
-5	397	10	-803
-7	713	-11	-949
1	-259	9	-829
-11	-351	15	-429
15	-69	9	143
-6	-4673	-5	751
-7	-4038	-5	1067
2	6509	-1	937
1	-423	7	387
-12	1643	19	-295
-11	390	7	-779
-13	701	-7	-943
5	-261	-1	-843
-11	-349	15	-440
3	-79	-7	137
-7	-4597	-13	763
-3	-3961	-9	1087
-1	6409	-3	946
-3	-410	-9	395
-3	1612	13	-303
-11	399	7	-781
-10	693	-1	-941
-5	-282	4	-824
1	-345	9	-427
-5	-78	3	141
5	-4557	-1	747
6	-3933	6	1063
-9	6339	-5	933
-9	-411	-5	400
0	1607	11	-303
1	399	9	-773
-4	695	-9	-929
12	-251	10	-811
-9	-356	7	-431
1	-81	7	142
-5	-4546	2	749
-9	-3967	1	1040
-13	6349	1	924
-14	-423	-6	385
-5	1599	13	-295
-5	385	10	-767
-3	693	-9	-931
6	-266	7	-816
-11	-345	0	-431
-1	-65	-3	143
-2	-4565	-7	744
-8	-3905	19	1052
1	6331	5	917
-10	-399	7	397
-7	1601	15	-307
-3	379	-1	-763
1	693	-7	-925
-1	-267	7	-815
-9	-337	21	-429
-7	-71	-1	121
-5	-4533	-7	745
-3	-3891	7	1047
-1	6310	3	916
6	-408	4	391
-7	1588	7	-291
11	385	3	-759
2	686	-13	-923
1	-269	3	-803
2	-341	9	-429
-3	-85	-5	135
-1	-4589	-3	741
-3	-3961	8	1047
-5	6399	5	921
5	-405	-5	378
-10	1621	11	-301
-1	390	4	-766
-8	703	-13	-937
1	-271	-5	-813
5	-345	17	-449
6	-89	3	141
-9	-4645	-3	743
-5	-4043	-1	1061
11	6474	-1	924
7	-426	13	393
-1	1639	13	-305
-1	377	-5	-775
-17	701	-9	-943
6	-283	15	-829
-1	-349	19	-443
-5	-89	-1	145
-17	-4631	3	760
5	-3985	5	1071
5	6479	-7	935
-3	-433	-13	397
5	1628	5	-309
6	379	18	-786
3	689	-9	-933
-3	-289	3	-821
6	-331	19	-421
-9	-102	-3	143
-4	-4749	-13	761
-11	-4073	10	1077
-17	6601	5	928
10	-421	11	387
-1	1663	15	-303
1	399	7	-789
-5	722	-11	-947
1	-284	3	-836
-10	-349	3	-451
7	-89	-7	137
-9	-4815	-3	777
-3	-4139	9	1089
-11	6693	-9	959
-9	-435	9	395
6	1701	21	-309
-3	379	-1	-816
-19	739	-5	-975
1	-301	5	-843
0	-339	13	-453
-7	-81	1	148
-5	-4791	-3	776
-7	-4115	7	1109
-17	6665	3	978
-14	-451	-1	403
4	1691	9	-327
10	392	7	-823
-9	725	-15	-981
4	-303	6	-853
-11	-343	13	-451
-7	-81	-4	145
-8	-4752	-7	794
1	-4022	-11	1105
-9	6591	-1	961
-1	-446	-3	397
-5	1689	7	-329
3	399	7	-805
-3	709	-3	-979
3	-292	-1	-847
-1	-343	23	-442
3	-101	-4	143
-6	-4779	-5	757
-7	-4059	3	1085
-9	6618	5	940
-5	-451	-9	395
-7	1685	15	-310
-5	393	-12	-791
0	723	-15	-960
-3	-297	3	-853
1	-341	7	-451
-7	-89	-7	149
7	-4809	-7	779
-7	-4069	13	1105
-9	6664	-3	953
3	-441	7	409
2	1693	7	-307
-1	381	4	-804
-11	731	-11	-971
9	-282	16	-849
-7	-347	15	-455
6	-81	1	161
-3	-4743	-9	773
-1	-4047	11	1104
0	6591	-3	953
1	-455	-7	405
-13	1691	9	-321
-1	393	-1	-799
-3	733	-7	-969
-1	-292	3	-853
-3	-355	3	-451
-7	-79	-11	139
-12	-4752	-9	778
-3	-3999	6	1093
-6	6569	-1	943
-7	-444	-1	401
-15	1672	13	-325
-11	390	15	-803
-5	727	-7	-955
-5	-289	9	-837
-6	-335	-1	-451
-7	-84	-5	148
4	-4761	-3	775
5	-3993	3	1085
1	6579	-3	948
4	-444	1	391
1	1668	13	-315
11	397	12	-791
-5	728	-3	-962
-5	-302	4	-838
2	-353	1	-449
10	-89	3	151
-13	-4757	-7	767
-3	-4029	7	1098
1	6597	3	951
-5	-441	-1	395
-5	1685	11	-313
-9	391	1	-807
-10	721	-3	-971
3	-305	-3	-853
0	-349	5	-455
4	-96	-4	152
1	-4731	2	778
-3	-4017	6	1091
2	6563	-7	955
5	-455	-9	405
5	1675	7	-315
-1	367	-5	-807
-5	719	-11	-963
13	-289	7	-843
-3	-347	23	-455
9	-89	7	151
-5	-4753	-1	772
1	-4005	7	1083
9	6591	5	949
-7	-454	3	389
-11	1683	13	-307
6	397	-3	-800
-3	709	-7	-957
3	-297	-1	-847
-9	-323	9	-450
-8	-105	-17	137
-2	-4799	-1	781
-3	-4023	14	1093
3	6612	-3	936
-7	-451	-9	389
7	1683	17	-305
7	385	5	-803
-11	735	-9	-957
-5	-300	4	-849
3	-331	3	-441
3	-104	-15	145
-2	-4789	-5	771
8	-4061	5	1097
-5	6645	1	951
-7	-438	-1	407
-4	1703	13	-319
5	373	-9	-816
1	715	-5	-963
5	-295	-7	-847
-3	-356	9	-447
10	-117	-8	139
-11	-4845	7	778
-3	-4113	12	1094
-9	6701	5	962
-1	-462	-17	395
-3	1717	13	-331
-7	374	1	-809
-9	735	-11	-971
-3	-295	-5	-849
-3	-349	7	-443
-11	-94	-13	145
-2	-4797	-5	783
-11	-4012	4	1109
-3	6631	1	971
-1	-463	-5	399
-16	1697	7	-325
6	387	11	-827
-15	727	3	-977
-13	-293	11	-859
-6	-337	13	-448
-3	-103	-3	146
8	-4797	7	781
-10	-4037	-5	1101
-9	6643	-3	948
-3	-461	-15	401
-7	1689	15	-313
-3	413	-1	-809
-15	725	-11	-974
-5	-289	-4	-849
-13	-347	9	-443
-1	-91	-9	141
-3	-4761	-3	781
-9	-4003	-13	1099
-7	6589	-16	957
-13	-446	-19	386
-1	1689	5	-323
11	391	7	-803
-13	733	-27	-967
5	-291	7	-839
-1	-324	11	-443
6	-93	-4	150
-7	-4663	-1	783
-5	-3923	-1	1092
7	6433	-9	954
-5	-456	-19	399
-3	1657	9	-329
3	384	5	-799
-5	709	-9	-953
-3	-289	-6	-829
3	-361	15	-435
-13	-86	-17	147
-2	-4691	-3	741
-25	-3927	-5	1067
-3	6489	-1	925
-14	-454	-9	393
-1	1648	-3	-305
-11	379	15	-773
-7	713	-3	-945
-1	-289	-13	-827
-10	-335	7	-457
-8	-87	-9	139
-10	-4727	-11	761
-5	-3955	-9	1081
1	6533	-9	936
4	-428	11	397
-3	1671	-7	-316
-9	392	12	-789
-11	726	-9	-945
1	-307	-6	-828
-11	-345	13	-443
-5	-114	-7	143
5	-4791	-5	757
-11	-4051	15	1090
-5	6652	-7	949
-1	-447	9	394
-7	1699	19	-305
-7	375	7	-797
-4	733	-7	-971
-5	-293	3	-847
-1	-328	1	-457
-3	-101	-8	142
-1	-4774	0	792
-15	-4069	-4	1117
-3	6625	7	963
-7	-465	7	399
1	1701	-1	-325
5	377	3	-797
-13	718	-3	-963
3	-281	-3	-839
-11	-334	10	-437
5	-89	1	141
8	-4778	-1	765
-14	-4031	-6	1087
4	6637	9	959
12	-469	3	409
-1	1691	9	-317
-3	381	11	-810
-15	723	-15	-961
-3	-301	-7	-855
-6	-353	13	-446
9	-112	1	145
-2	-4777	1	777
-3	-4015	-5	1095
-13	6621	3	954
6	-462	-1	387
1	1689	-1	-307
-13	387	-4	-803
-4	717	-3	-959
-1	-303	-13	-841
-11	-357	9	-453
-5	-109	-9	133
2	-4811	-3	775
-13	-4071	-4	1092
-9	6690	3	955
1	-455	-7	405
-6	1709	3	-307
-10	387	-9	-795
-2	733	3	-969
-3	-313	-9	-849
-15	-350	1	-453
6	-104	-15	153
1	-4741	0	796
-13	-4048	-1	1101
-10	6587	5	965
-12	-471	-24	390
-11	1693	9	-319
1	393	3	-807
1	730	-15	-971
-1	-287	-15	-841
3	-343	18	-443
-1	-99	-19	141
-11	-4809	-5	773
-3	-4053	-6	1085
0	6651	1	941
7	-474	-21	397
-3	1692	-1	-313
3	371	-4	-802
-13	733	-16	-967
-1	-297	-1	-855
-12	-337	-3	-457
-1	-109	-17	140
2	-4825	-1	777
1	-4045	-11	1107
-1	6663	3	956
6	-459	3	385
-5	1693	13	-312
1	409	7	-803
-6	728	-11	-971
-5	-282	-11	-845
-3	-347	13	-455
5	-107	-1	127
-11	-4789	1	771
-1	-4058	-11	1107
-3	6648	5	953
-13	-435	-9	388
-2	1695	17	-323
-5	390	3	-814
-8	731	-13	-975
3	-287	-3	-855
-7	-347	5	-451
-1	-94	-4	150
-11	-4777	1	779
-13	-4051	-3	1104
2	6617	1	953
-1	-454	-9	391
-7	1693	7	-319
1	392	-7	-817
-5	719	-5	-977
8	-285	4	-849
-11	-353	0	-443
1	-81	9	161
-9	-4764	-5	781
-1	-3979	-3	1103
-3	6563	-3	947
-1	-461	-5	399
-9	1677	1	-313
1	401	7	-807
-15	721	-21	-963
-11	-276	-3	-841
-10	-339	5	-441
-5	-95	7	146
-15	-4777	-19	771
-10	-4017	-1	1091
-10	6613	1	938
-20	-451	-11	393
-11	1681	1	-321
-7	392	-1	-799
-4	732	-11	-972
-17	-297	1	-845
2	-333	9	-459
-3	-107	-9	151
-15	-4817	1	761
-5	-4076	13	1095
1	6680	11	957
-3	-449	5	393
-10	1701	7	-325
1	381	12	-812
0	723	-23	-979
1	-302	-1	-845
-10	-355	15	-453
3	-91	11	142
1	-4828	-15	782
-11	-4131	3	1111
-1	6705	-3	949
-5	-469	-9	405
-5	1725	3	-327
1	377	-9	-817
-2	728	-9	-995
-9	-294	9	-857
-5	-353	15	-447
-3	-97	-5	141
-9	-4909	-3	785
-5	-4137	-9	1115
-3	6819	1	957
1	-473	-17	405
-7	1737	3	-327
1	391	8	-823
-9	740	-21	-981
5	-305	1	-868
2	-333	7	-460
1	-97	-4	133
-13	-4849	-3	791
-1	-4073	16	1131
-11	6707	5	979
8	-453	-7	397
-11	1713	13	-329
-5	403	7	-831
3	733	-3	-987
1	-307	-4	-859
-2	-339	1	-443
-5	-113	-5	161
-14	-4976	1	791
-1	-4197	-8	1103
-7	6881	10	967
-5	-461	-3	406
-4	1759	-3	-313
-7	382	-12	-821
-10	743	-7	-989
-11	-310	-5	-883
-13	-342	11	-467
6	-112	-1	153
-9	-4909	7	823
-3	-4183	4	1143
-1	6811	9	999
9	-477	-5	407
-11	1753	9	-329
-1	397	-1	-843
-15	741	-5	-1005
-1	-297	-6	-865
-1	-351	13	-445
3	-105	-3	143
-9	-4943	7	804
-1	-4136	5	1119
-11	6843	1	979
-3	-475	-15	395
-2	1739	13	-335
10	384	-3	-841
-11	746	8	-995
3	-302	-5	-874
-16	-343	-1	-464
-7	-115	-3	156
1	-4965	-17	807
-7	-4169	-9	1143
-11	6869	9	983
13	-459	-9	409
-7	1749	9	-334
5	400	-5	-835
-7	755	-1	-998
-3	-307	-7	-875
3	-347	3	-449
7	-125	-9	157
3	-5029	5	811
-1	-4226	6	1141
3	6955	0	997
-5	-475	-4	418
2	1773	9	-319
1	397	17	-849
-4	757	-17	-1003
-3	-311	-1	-891
-11	-345	13	-469
-1	-95	-8	165
-7	-5095	-8	825
-5	-4321	7	1151
-9	7061	9	1001
-1	-498	-1	415
-3	1809	17	-339
3	387	12	-847
2	764	-5	-1011
6	-297	-3	-907
5	-357	18	-475
3	-101	-12	155
1	-5069	-5	827
1	-4253	1	1179
3	7009	-7	1009
-1	-490	5	415
5	1779	9	-349
1	415	5	-857
-5	750	-5	-1029
7	-303	9	-888
-3	-345	23	-471
-8	-117	-1	165
-2	-5173	-11	827
3	-4308	12	1169
0	7132	-7	1007
-3	-479	5	417
5	1803	5	-334
-5	413	-5	-859
-8	759	-1	-1035
-3	-310	1	-905
-7	-365	5	-479
-1	-114	-17	165
1	-5159	-3	844
4	-4307	3	1191
-3	7119	-3	1031
-11	-490	1	432
-2	1826	7	-347
3	402	1	-865
3	765	-11	-1039
-3	-301	12	-909
3	-366	1	-471
8	-107	-5	158
-1	-5094	-10	843
-3	-4287	1	1185
-9	7047	-15	1024
-1	-516	1	427
-9	1827	1	-363
-7	402	-1	-863
-9	767	-17	-1041
4	-313	4	-897
-7	-373	-5	-473
-5	-107	1	181
-6	-5035	-9	827
3	-4197	1	1177
-6	6961	-9	1007
-7	-508	7	413
-10	1773	-5	-345
-3	400	-4	-845
-3	763	-15	-1025
-3	-310	14	-889
-8	-357	9	-465
-8	-120	-13	173
-2	-5069	-9	809
-1	-4231	16	1157
-3	7011	-5	995
-3	-477	-1	413
-5	1781	15	-336
5	403	-4	-847
-1	775	-5	-1018
-8	-315	1	-889
-14	-355	1	-479
-3	-112	-3	165
5	-4983	3	829
-1	-4177	6	1162
3	6883	-1	997
-5	-480	-17	412
1	1775	7	-345
3	395	-9	-851
-17	757	-1	-1019
-3	-311	-5	-895
-13	-347	15	-471
6	-119	-4	156
-7	-4977	1	807
-9	-4205	7	1127
-6	6910	-1	989
-5	-500	-11	405
-11	1771	11	-331
-5	400	-1	-839
-5	761	-11	-1009
8	-303	-1	-899
-1	-355	7	-471
-3	-113	-9	145
-7	-5119	5	811
-7	-4283	3	1139
-7	7063	1	999
-1	-499	-7	397
-5	1807	15	-343
13	397	-7	-853
-13	770	1	-1017
-3	-323	-6	-895
-1	-335	9	-475
-7	-114	-4	136
-11	-4953	3	829
3	-4133	14	1171
-13	6849	-1	1011
-1	-483	-11	409
-7	1753	10	-349
-9	402	-7	-867
-14	741	-9	-1029
-9	-297	-1	-885
-5	-351	15	-457
5	-115	-5	159
-7	-5027	-13	797
-5	-4226	1	1121
-11	6969	11	983
-11	-467	-11	402
-9	1784	19	-335
8	387	1	-831
-7	777	-7	-1005
10	-312	-7	-901
-17	-360	19	-475
4	-107	-6	141
-17	-4945	5	817
-9	-4181	-4	1151
-7	6849	7	1011
-5	-487	-14	407
7	1751	5	-339
1	395	-7	-857
-3	736	-1	-1011
-1	-297	3	-883
-1	-359	-1	-447
-3	-102	-13	151
-7	-5019	-9	799
-8	-4190	-1	1117
-5	6919	7	975
5	-485	-13	401
-9	1771	9	-321
4	409	-4	-837
-3	756	-13	-1007
-3	-293	4	-883
-7	-355	23	-471
1	-93	-5	156
2	-4937	-3	819
9	-4112	7	1153
-3	6819	7	991
4	-463	-1	405
-13	1743	8	-348
-3	410	1	-853
-1	737	-11	-996
3	-295	6	-865
-1	-357	5	-449
-1	-111	-1	159
-5	-5012	-7	799
-7	-4205	-5	1125
1	6938	-11	985
-11	-469	-9	423
-5	1769	5	-325
5	405	-1	-831
-19	763	-7	-1013
5	-301	5	-875
-10	-363	9	-473
11	-107	-6	164
-7	-5039	1	815
-9	-4253	17	1157
-11	6967	5	1001
1	-493	-5	419
-5	1791	1	-343
1	397	18	-839
-13	750	-7	-1017
6	-309	5	-881
-7	-355	10	-471
-11	-112	-19	157
-4	-5003	-1	818
-13	-4156	11	1163
-12	6899	-7	997
-5	-492	10	431
3	1765	7	-337
-1	405	8	-849
-9	754	-21	-1019
-13	-292	14	-881
-2	-345	7	-466
-1	-120	17	161
-7	-5009	-5	803
-1	-4153	-1	1153
5	6913	-11	983
-5	-482	-3	413
-7	1771	8	-333
-5	403	-6	-833
-9	763	-15	-1009
-1	-307	9	-873
-13	-343	-3	-469
-1	-114	-3	163
0	-4968	-3	809
-5	-4139	13	1145
5	6867	11	983
3	-475	3	416
-1	1763	5	-341
-17	384	-7	-836
-8	753	-3	-995
5	-305	5	-877
-11	-353	15	-459
4	-120	13	159
-5	-4929	-7	803
-11	-4141	-3	1141
2	6803	-1	979
-9	-492	4	409
-10	1757	-1	-329
-1	395	-5	-829
-17	761	-15	-995
-9	-295	-7	-871
-9	-349	24	-455
-3	-123	-1	153
-12	-4975	3	805
-9	-4141	-15	1129
-1	6865	1	975
-3	-495	-5	423
-9	1759	-5	-329
-5	390	13	-831
-9	756	10	-1001
-1	-302	-1	-872
-7	-337	15	-459
1	-130	6	155
-9	-4983	-13	807
-5	-4161	-1	1135
-7	6881	3	997
-19	-497	8	401
-15	1753	23	-330
-13	381	1	-837
-6	753	1	-1002
-15	-309	-11	-879
-2	-349	11	-463
-3	-109	-15	149
-2	-4925	-9	811
-3	-4102	-3	1141
1	6799	-7	1003
13	-469	1	417
-7	1755	15	-335
9	384	9	-841
-11	749	-9	-985
3	-294	-3	-877
-14	-339	9	-461
-1	-117	13	153
-7	-4923	-5	799
-15	-4131	-1	1119
-2	6823	-1	981
-3	-485	-6	397
-10	1763	1	-333
5	365	-1	-819
-13	749	-5	-997
1	-305	9	-871
-7	-351	-2	-451
-3	-111	-11	153
-11	-4953	-5	804
-5	-4113	-1	1123
-15	6853	-15	983
-9	-477	-7	393
-5	1755	15	-335
4	373	1	-841
-13	733	-1	-995
-9	-295	-9	-890
-10	-337	3	-459
3	-111	-12	149
1	-4861	1	805
-14	-4039	1	1135
7	6696	1	979
-3	-477	3	397
3	1715	13	-327
1	397	-1	-829
-14	731	-17	-989
-1	-297	24	-865
-3	-343	13	-451
-3	-117	-9	159
-9	-4938	3	789
-3	-4125	18	1109
-1	6823	-8	965
1	-459	-9	387
-6	1755	3	-319
-3	382	-9	-824
-17	751	-21	-987
-3	-309	7	-877
-3	-353	7	-465
8	-114	-5	156
-1	-4897	-7	807
-3	-4089	5	1135
-4	6755	1	995
-5	-501	3	407
-5	1733	17	-325
1	384	-5	-831
-3	731	-7	-987
10	-287	17	-857
-19	-339	7	-441
7	-102	9	161
-9	-4876	5	788
-5	-4029	1	1113
-3	6695	5	955
7	-499	-11	405
-2	1722	13	-319
10	381	-9	-827
-5	739	-3	-987
-11	-279	-4	-857
-3	-333	19	-446
1	-105	-9	149
-10	-4825	-11	795
3	-3985	12	1105
5	6646	-3	944
-3	-483	-13	405
3	1709	15	-322
-9	403	1	-805
-1	733	-3	-980
13	-302	1	-837
-4	-345	15	-437
-3	-105	-9	149
7	-4833	5	787
4	-4022	8	1100
-1	6689	10	951
-3	-461	1	397
-11	1731	21	-319
-7	356	17	-810
4	741	1	-987
-3	-295	7	-849
-7	-343	13	-463
3	-104	-13	159
-13	-4846	-7	792
-11	-4058	-6	1106
-13	6685	-13	969
-19	-481	-24	395
-20	1729	1	-329
-15	361	-15	-811
-23	740	-27	-989
-11	-305	-11	-845
-15	-345	-5	-455
-3	-99	-14	149
-20	-4818	-11	778
-5	-3971	-23	1113
-2	6645	-3	965
-9	-475	5	407
-2	1714	-3	-327
10	387	-1	-808
1	741	-13	-973
9	-295	9	-835
5	-331	19	-446
13	-114	9	160
7	-4891	3	783
5	-4028	14	1111
7	6729	11	952
13	-474	19	391
5	1731	26	-320
5	371	9	-815
-5	741	3	-960
-10	-309	17	-853
-10	-333	5	-451
-7	-127	-5	149
-16	-4853	-19	791
-3	-4033	-13	1111
-11	6690	-15	971
-9	-473	-24	404
-21	1721	-3	-335
-14	356	-24	-822
-27	739	-17	-981
-9	-305	-11	-847
-19	-329	-9	-447
3	-119	-15	158
-13	-4856	-21	804
-1	-4084	-15	1113
-3	6723	3	955
8	-473	-6	403
7	1727	11	-319
10	375	5	-815
7	745	7	-977
11	-294	1	-849
-7	-331	19	-445
17	-107	1	155
2	-4821	5	794
3	-3981	17	1119
2	6659	11	975
1	-483	-1	393
1	1711	13	-327
4	364	20	-825
-13	729	-11	-987
-15	-312	1	-849
-26	-337	-3	-429
-16	-127	-1	145
-12	-4827	-13	781
-17	-3997	1	1103
-17	6656	-15	946
-19	-477	-13	385
-5	1703	-1	-330
-5	377	1	-825
-6	739	-3	-972
-17	-294	-5	-845
-3	-325	-5	-445
9	-121	3	155
7	-4873	7	797
10	-4057	5	1106
11	6742	9	963
3	-453	21	389
-3	1733	15	-325
3	371	17	-822
-4	735	3	-967
3	-297	22	-857
1	-328	15	-441
-1	-115	3	137
7	-4839	3	792
-9	-4041	15	1113
-20	6677	-1	977
-1	-481	1	387
-10	1717	5	-337
-3	364	-11	-825
-5	723	-15	-985
-15	-297	-13	-857
-19	-347	-3	-443
-15	-111	-12	159
-9	-4870	-13	787
-15	-4012	-1	1103
-4	6697	-15	951
1	-487	-23	401
-16	1706	5	-333
-3	377	6	-819
-7	747	-8	-979
7	-292	1	-847
16	-335	13	-457
16	-121	3	153
8	-4819	11	789
12	-3953	7	1111
16	6640	21	960
8	-462	15	397
5	1707	15	-336
-1	384	12	-823
0	751	5	-974
10	-311	14	-845
-2	-335	17	-447
-5	-130	1	139
-1	-4793	-7	779
3	-3969	5	1087
-21	6595	-5	931
-17	-457	-6	403
-11	1691	7	-325
-14	359	5	-810
-19	739	-27	-969
-16	-301	-11	-847
-15	-345	-3	-447
-9	-117	-15	156
-17	-4754	-25	775
-7	-3971	-9	1083
-11	6550	-17	941
-9	-469	-17	393
-9	1677	-1	-319
5	347	3	-797
-10	736	-7	-967
11	-274	-4	-837
-9	-337	18	-437
5	-104	-1	145
13	-4737	-5	782
25	-3937	1	1093
17	6569	11	941
11	-461	20	391
7	1699	25	-315
19	359	7	-790
-1	731	3	-967
-5	-282	15	-837
-3	-321	17	-444
-1	-129	-9	140
-13	-4787	-7	767
-9	-3955	-7	1089
-5	6587	-9	936
-5	-456	-17	379
-21	1681	1	-324
-15	359	-15	-799
-14	726	-15	-962
-21	-312	6	-843
-17	-333	-7	-433
-13	-132	-9	153
-15	-4749	-11	775
-7	-3930	3	1097
-9	6551	-8	949
-11	-465	-24	403
1	1695	15	-325
-3	364	-7	-808
12	717	7	-963
7	-305	16	-833
13	-329	9	-431
6	-96	1	144
5	-4643	5	776
11	-3886	-1	1090
-1	6429	7	930
-7	-467	9	389
2	1659	5	-321
7	354	12	-795
-5	717	-3	-953
1	-297	21	-821
-9	-339	11	-433
-5	-117	-12	145
-3	-4763	-9	751
-3	-3931	5	1060
-13	6563	5	921
-5	-451	-15	385
-3	1674	9	-301
-7	346	6	-794
-7	717	-15	-945
-9	-294	1	-839
-7	-325	-1	-439
3	-113	-14	135
-9	-4781	-9	779
1	-3961	-1	1095
-13	6603	1	944
13	-474	3	383
-11	1693	7	-326
5	363	1	-811
0	735	-1	-964
3	-299	-1	-828
5	-317	17	-429
12	-112	10	157
-5	-4835	1	773
4	-4001	-7	1099
-1	6652	2	935
-11	-462	-15	395
-9	1711	7	-337
-1	346	1	-804
-17	733	-1	-953
5	-315	-3	-847
-5	-328	11	-447
-1	-105	7	155
1	-4781	-13	784
1	-3989	19	1111
2	6587	-1	953
-7	-473	-5	381
-11	1695	7	-333
-11	354	12	-807
-7	723	-11	-969
13	-305	17	-833
-5	-333	11	-431
-1	-117	-7	163
7	-4817	-11	781
-10	-3992	4	1103
-4	6673	-7	951
5	-485	-1	395
2	1703	15	-325
4	355	-5	-805
-3	737	3	-967
5	-289	13	-853
-5	-331	3	-452
-5	-102	-5	155
11	-4643	3	785
3	-3815	5	1113
5	6405	5	950
10	-453	3	395
5	1647	16	-325
1	369	-1	-811
-9	719	-1	-961
-3	-299	5	-808
-11	-335	1	-409
7	-107	-5	169
1	-4652	-5	751
8	-3855	9	1059
-1	6406	-3	911
-5	-455	-1	383
5	1651	-3	-295
-3	348	-9	-769
-14	709	-9	-937
-5	-287	-5	-815
-7	-327	-3	-443
8	-114	-1	149
-7	-4715	1	770
-9	-3945	3	1060
-10	6533	7	920
-5	-465	1	380
-12	1669	3	-323
3	338	-11	-785
-14	722	-7	-933
11	-292	1	-817
-3	-326	15	-433
-3	-109	-9	139
-6	-4649	-3	763
-10	-3860	12	1083
2	6435	9	935
3	-455	7	387
-1	1640	13	-329
10	356	9	-796
-13	717	-5	-947
9	-282	5	-835
-3	-314	9	-430
-7	-109	-12	154
1	-4641	3	751
-3	-3850	3	1065
5	6405	-3	920
4	-449	-1	377
-7	1638	10	-307
1	365	1	-769
-10	728	1	-933
1	-299	9	-818
-3	-331	11	-429
1	-109	-11	143
2	-4719	-5	755
-5	-3935	6	1057
-9	6527	1	915
-3	-441	-15	371
-1	1675	7	-305
1	346	-3	-783
9	727	-17	-943
7	-307	7	-839
-2	-332	5	-437
-1	-113	-4	146
1	-4641	-5	767
1	-3899	3	1080
-1	6420	-1	938
-9	-462	-1	376
0	1651	1	-319
5	364	-17	-801
-15	713	-3	-951
8	-292	11	-821
-7	-330	-2	-419
-3	-107	5	157
-16	-4715	5	755
-5	-3885	12	1061
6	6501	7	915
3	-474	3	375
-2	1669	13	-301
-1	363	3	-784
-9	719	-3	-937
-5	-283	-3	-833
-15	-329	13	-439
-9	-114	-7	145
-9	-4737	-7	765
-5	-3943	10	1073
3	6533	-11	940
1	-463	1	381
-7	1672	9	-321
-5	365	-6	-797
-17	727	-13	-940
-13	-321	-7	-824
-8	-315	11	-433
3	-103	1	155
-7	-4785	-3	767
4	-3957	17	1086
-1	6601	10	931
-11	-455	-9	394
-10	1705	5	-311
5	359	-6	-796
-7	733	9	-969
5	-297	16	-837
-9	-331	9	-449
10	-113	-6	151
-3	-4747	7	790
-13	-3955	3	1087
1	6533	5	957
-1	-475	11	391
-10	1689	9	-325
-11	351	-5	-811
-5	723	-15	-957
-17	-313	-11	-831
-7	-326	3	-447
-7	-121	-5	153
0	-4857	-9	771
-15	-3992	6	1081
1	6681	-7	931
-5	-471	-5	393
-3	1713	3	-321
-3	369	-15	-792
-11	731	-18	-961
5	-307	5	-835
-22	-335	1	-445
3	-125	-17	147
-9	-4879	-1	777
1	-3997	-5	1103
7	6709	-5	962
11	-472	9	399
3	1733	13	-345
-5	385	5	-811
-8	749	-7	-976
-1	-320	22	-841
-3	-333	1	-443
1	-121	7	157
-5	-4891	-1	795
-11	-4037	1	1106
-11	6749	0	955
7	-472	-9	399
-6	1739	9	-329
-11	351	-1	-824
-6	751	-11	-983
-13	-325	5	-853
0	-330	3	-457
4	-109	11	167
-3	-4865	-19	806
-3	-4009	5	1117
-6	6687	-5	965
-5	-487	-15	393
-7	1737	15	-335
5	361	14	-829
-12	747	-11	-985
-1	-299	5	-839
-15	-341	1	-451
-5	-111	-1	165
-13	-4776	-1	787
-1	-3912	5	1107
-11	6599	7	959
3	-480	-7	393
-3	1707	13	-331
-3	373	-4	-825
-5	733	-2	-975
-11	-305	1	-839
-7	-331	13	-434
1	-127	-5	156
-5	-4729	1	773
-1	-3881	5	1085
0	6509	1	934
-1	-469	-15	383
-7	1687	-3	-315
-7	359	-9	-805
-24	743	5	-947
3	-307	-9	-839
-4	-331	7	-441
-9	-120	-1	149
7	-4733	-9	763
-1	-3903	-5	1074
-7	6527	-5	933
-3	-459	-1	393
6	1695	9	-307
-13	356	-1	-812
-16	739	-3	-953
-12	-310	-1	-833
-16	-341	7	-439
-3	-97	-4	149
1	-4765	-5	770
-1	-3947	3	1070
-11	6563	1	948
-9	-490	-14	379
-9	1709	-1	-319
-1	347	-7	-801
-13	731	-5	-961
-5	-297	3	-847
-11	-334	9	-445
-9	-119	-9	151
-5	-4752	-3	778
-11	-3897	-9	1077
-10	6547	1	933
-3	-483	-1	383
-9	1680	3	-329
11	354	-1	-803
-11	733	-7	-955
-11	-305	11	-847
-6	-333	5	-442
-9	-112	-23	135
-4	-4827	-1	767
-14	-3979	3	1075
-5	6660	1	942
8	-474	-3	377
-1	1717	15	-327
13	372	-4	-801
1	749	-5	-956
1	-310	-1	-839
-4	-329	15	-449
-3	-123	3	143
-5	-4887	9	783
-3	-4023	-1	1102
-7	6744	-5	961
3	-477	-9	387
-16	1733	13	-323
-1	363	5	-825
-14	743	1	-983
-3	-323	7	-859
7	-323	9	-449
-1	-123	-1	150
-17	-4887	-10	788
-13	-4041	3	1117
-12	6725	-3	967
-8	-510	-5	395
-9	1735	9	-331
-12	366	1	-825
-17	738	-5	-983
-3	-325	-3	-851
-3	-334	3	-445
-13	-117	-7	143
-11	-4906	-11	800
1	-3995	-1	1115
4	6749	-1	959
7	-499	10	405
-2	1735	9	-333
1	363	9	-814
-3	747	-11	-993
-5	-310	9	-863
-3	-325	19	-440
10	-121	7	145
5	-4879	-1	785
-10	-3963	-5	1115
7	6701	21	966
6	-493	1	401
3	1727	18	-331
-13	375	19	-825
-17	751	-15	-991
-14	-318	5	-849
-2	-335	3	-449
-7	-127	-1	143
-7	-4965	5	791
-11	-4040	1	1103
-21	6821	-18	953
-3	-482	-15	402
-10	1761	-7	-327
-19	351	1	-822
-14	779	-19	-993
-1	-335	-9	-859
-12	-329	7	-457
-11	-122	-7	167
-7	-4935	-13	814
-9	-4069	7	1133
-2	6809	3	976
-12	-513	7	397
-6	1759	9	-341
7	374	10	-825
-2	761	-3	-997
21	-303	27	-857
1	-326	13	-453
-5	-125	-3	169
-6	-4941	-5	799
-7	-4002	19	1123
-3	6787	7	979
-5	-505	-7	397
-9	1755	11	-335
1	369	4	-827
-9	745	-3	-1001
-5	-325	-12	-861
-16	-329	-5	-441
-17	-120	-17	162
-7	-4959	-17	801
-13	-4023	-11	1123
-16	6767	-3	964
-9	-523	-17	397
-15	1749	2	-321
-1	372	-13	-829
-3	759	-7	-992
-1	-339	7	-857
-8	-335	7	-445
15	-117	1	165
-3	-4823	3	805
8	-3901	17	1127
-5	6619	15	971
-3	-477	6	394
-9	1725	19	-329
8	357	12	-816
4	745	-1	-983
1	-319	7	-847
5	-330	13	-441
6	-109	-7	167
-1	-4789	-1	789
-9	-3903	7	1087
-10	6561	9	943
-7	-505	1	393
-8	1715	-3	-319
-7	345	-9	-799
-15	735	-13	-969
-15	-318	-5	-843
-21	-330	17	-439
-15	-113	1	151
-5	-4765	-9	788
-14	-3840	-1	1079
-12	6535	-9	935
-15	-500	1	391
-12	1695	9	-325
10	369	11	-792
-9	741	-13	-955
7	-301	-4	-829
-10	-323	7	-427
1	-127	-6	156
-9	-4809	-5	777
-1	-3907	-1	1073
-2	6617	19	936
-7	-491	15	371
-9	1707	15	-303
-3	365	6	-791
-1	739	-1	-943
1	-323	1	-832
-9	-317	17	-449
-7	-132	1	151
-9	-4827	5	787
-11	-3940	5	1092
-9	6632	-11	953
-9	-493	-11	395
-15	1701	5	-319
-5	356	-9	-814
-13	725	-13	-963
-3	-321	-9	-837
-7	-329	7	-441
-1	-140	-3	150
-3	-4830	7	798
-5	-3987	-5	1112
-3	6645	-11	953
-1	-516	-13	399
0	1739	3	-311
12	351	5	-817
-3	741	1	-971
6	-310	1	-853
1	-322	23	-443
5	-125	-5	155
-6	-4847	-1	789
-7	-3930	-4	1105
-4	6661	3	953
-7	-515	-9	387
3	1723	3	-331
11	348	11	-804
-11	731	2	-965
-11	-311	1	-843
5	-325	17	-450
-11	-143	-19	156
-6	-4919	-9	783
-7	-3957	-9	1103
-13	6728	-5	960
3	-495	-11	393
-13	1731	-3	-324
5	353	-5	-813
5	751	-5	-971
3	-335	7	-855
-11	-311	9	-447
3	-129	-1	165
-2	-4889	1	801
-1	-3987	-1	1118
-5	6719	5	963
-7	-498	-3	397
-8	1757	3	-327
-5	348	-13	-824
4	763	-7	-979
-13	-330	20	-855
-9	-321	7	-453
-3	-125	-7	168
-9	-4971	-7	797
-9	-4067	-11	1121
-5	6825	5	972
-8	-519	-3	397
-9	1771	-1	-337
1	343	-13	-819
-9	768	-9	-991
-7	-331	-5	-867
-11	-334	5	-467
-3	-120	1	169
1	-4999	-5	812
-10	-4043	5	1139
-7	6875	5	991
-10	-528	7	397
-5	1773	7	-337
-1	348	15	-841
-17	756	-3	-995
-1	-333	-11	-870
-2	-327	17	-464
-3	-127	3	167
3	-4931	-7	807
3	-3976	7	1141
-1	6752	7	977
6	-527	13	405
1	1757	13	-343
-1	365	9	-835
-2	753	-3	-983
-15	-337	-6	-851
-5	-333	9	-447
-5	-140	-5	169
5	-4915	3	801
6	-3976	-1	1110
-1	6731	-10	955
-15	-515	-9	400
-14	1755	11	-323
-11	356	9	-825
-14	757	-1	-987
3	-341	-9	-847
-3	-321	13	-447
-5	-122	-11	156
-17	-4875	11	799
-3	-3917	5	1112
7	6647	-1	972
-9	-531	9	393
-9	1739	15	-335
-5	351	-1	-813
-3	748	3	-983
-1	-323	-1	-841
-1	-328	3	-435
-1	-123	1	147
-3	-4857	-5	786
-5	-3891	6	1095
-9	6673	-5	953
-10	-526	-17	399
-3	1735	7	-327
-1	343	-4	-814
-13	749	-8	-967
-7	-315	-3	-857
-3	-317	3	-446
-13	-123	1	148
-1	-4889	5	785
-5	-3920	7	1101
2	6701	1	944
13	-513	-15	393
-13	1733	8	-322
-5	361	5	-815
-10	749	-9	-975
-3	-333	9	-851
-4	-315	11	-443
-1	-135	-11	157
7	-5006	-3	795
10	-4029	9	1098
-1	6867	5	959
5	-515	-11	390
6	1792	9	-335
-5	354	1	-816
-11	773	-1	-985
1	-323	5	-867
-3	-329	11	-463
-5	-127	-1	149
-1	-5036	10	805
-9	-4067	-3	1141
-7	6888	-17	986
3	-541	-7	395
-11	1805	17	-347
-13	348	14	-847
-17	770	-13	-1011
4	-325	6	-867
-5	-313	7	-459
-9	-153	-5	155
-7	-5071	5	803
1	-4045	7	1143
-6	6941	-13	989
3	-528	-7	397
0	1805	13	-335
8	372	19	-845
3	787	-11	-1011
3	-331	7	-882
-6	-317	5	-465
-1	-166	-11	164
11	-5199	3	821
-10	-4139	14	1159
3	7102	-13	989
6	-531	-4	401
3	1844	18	-347
-13	375	1	-859
-10	797	-5	-1042
1	-366	6	-893
-8	-331	5	-471
-3	-157	5	161
-3	-5159	-1	837
-15	-4131	13	1174
-5	7057	3	1019
5	-529	-21	414
-3	1854	7	-361
-5	348	1	-863
-10	803	1	-1049
3	-354	5	-895
-3	-327	11	-461
13	-167	-5	180
-11	-5203	11	829
-1	-4221	9	1165
0	7139	-5	1004
3	-567	4	419
-7	1881	3	-359
-3	365	14	-867
3	803	-9	-1039
6	-343	1	-901
-5	-329	21	-477
-1	-145	-7	163
4	-5214	5	858
5	-4155	-1	1187
-4	7157	-9	1019
3	-573	1	409
-5	1873	3	-347
-5	361	5	-879
5	797	-15	-1045
-3	-357	-9	-901
-8	-315	15	-477
1	-161	-11	167
-11	-5353	7	849
-7	-4269	-7	1181
7	7281	-19	1011
-3	-572	11	409
-11	1896	23	-355
-3	371	-13	-886
-3	815	1	-1055
-3	-367	-1	-911
0	-333	11	-483
-3	-143	-7	179
-3	-5145	5	872
6	-4081	11	1199
3	7023	0	1041
3	-551	-1	421
8	1840	15	-363
1	374	-1	-885
2	797	-11	-1039
1	-351	-3	-891
3	-338	21	-453
3	-138	-1	173
-5	-5153	3	843
11	-4123	6	1145
0	7027	3	1001
-1	-557	1	403
-6	1841	7	-343
-3	366	-5	-857
-15	800	-7	-1033
8	-367	3	-895
-15	-339	8	-465
-3	-138	-3	163
-20	-5156	-1	840
-15	-4081	11	1161
-4	7031	-1	1005
5	-557	-5	399
0	1849	-5	-339
11	361	3	-861
1	790	-10	-1025
3	-353	13	-890
-10	-325	9	-466
-1	-155	-1	175
2	-5077	-9	845
3	-4043	7	1159
-7	6945	-3	1007
10	-545	-13	413
9	1811	8	-342
15	383	9	-851
-3	787	-1	-1020
8	-351	17	-881
-8	-323	15	-459
1	-149	-1	169
3	-5043	-3	819
4	-4001	8	1154
-7	6885	5	987
9	-528	-4	406
-9	1809	11	-333
-5	359	-3	-843
-2	779	-7	-1013
-10	-341	3	-875
-5	-345	5	-461
-9	-148	-15	164
-13	-5075	-3	814
-13	-4079	-1	1135
-5	6922	-13	991
-9	-559	-15	413
-11	1811	7	-331
1	366	-9	-837
-7	780	-15	-1015
-7	-337	-5	-873
-1	-328	-1	-465
5	-141	-12	159
5	-5167	-5	818
12	-4091	11	1151
1	7031	5	999
10	-543	1	407
-3	1827	11	-335
8	359	6	-843
-3	787	1	-1019
-1	-343	19	-884
-1	-323	19	-478
-1	-149	-12	160
4	-5095	-7	827
-7	-4038	-3	1165
3	6941	-7	1005
11	-555	-3	405
-13	1797	0	-348
-13	371	-4	-861
-19	777	-9	-1016
-7	-366	-6	-877
-12	-333	9	-465
-7	-166	-17	167
0	-5167	-7	823
-5	-4136	-1	1143
-19	7055	-5	993
-3	-554	3	411
-4	1837	3	-339
-14	361	-3	-839
-4	803	-9	-1027
-3	-343	-1	-881
-9	-352	15	-475
10	-151	4	170
1	-5141	8	835
9	-4138	17	1171
11	7031	9	1015
-3	-563	12	415
5	1831	9	-347
5	359	3	-857
-10	786	-7	-1035
4	-351	1	-877
-3	-343	24	-461
-1	-143	3	163
-8	-5117	-1	844
-11	-4107	9	1163
-11	7011	-5	997
-5	-559	-9	415
-7	1823	13	-345
-3	373	-1	-849
-17	791	-10	-1031
-7	-331	-9	-887
-7	-335	15	-464
-14	-153	-19	167
-1	-5111	1	831
-5	-4071	-1	1159
-9	6981	-1	999
-3	-546	-5	409
5	1820	7	-337
5	371	3	-859
7	797	3	-1021
1	-361	1	-885
1	-329	15	-463
5	-143	-15	157
5	-5015	5	827
1	-4017	8	1160
-3	6863	5	999
1	-531	-1	400
-8	1791	7	-337
-1	359	-1	-859
-17	773	-1	-1021
-9	-348	-1	-881
-9	-321	13	-451
3	-158	1	168
-7	-5050	8	807
-13	-4109	-5	1127
-13	6918	5	988
-13	-555	-9	397
-11	1799	7	-333
10	348	-5	-839
-13	775	-17	-997
-1	-347	-1	-879
-9	-325	16	-457
-3	-132	-19	159
-3	-4963	1	835
-5	-3979	-1	1139
-11	6813	7	999
-5	-528	3	407
-1	1777	9	-347
6	371	-9	-849
-1	768	-13	-999
-3	-315	4	-869
-7	-333	15	-439
-5	-145	-3	162
-14	-5017	9	801
14	-4030	-13	1121
-12	6881	3	977
1	-513	-7	395
-11	1795	1	-324
-9	381	1	-831
-13	781	-9	-991
-5	-346	-4	-871
-7	-337	7	-453
3	-114	-11	155
-5	-4877	5	813
-11	-3925	-3	1149
-9	6670	13	997
-3	-513	5	396
-9	1743	11	-337
-7	372	4	-829
0	747	-9	-981
-1	-318	7	-849
1	-329	11	-435
4	-125	-15	155
-11	-4971	0	787
-7	-4051	5	1101
11	6809	5	962
3	-531	-1	390
-4	1769	11	-323
3	366	-5	-817
-5	764	-11	-991
8	-315	6	-857
-5	-339	3	-463
-1	-105	-17	153
-6	-4872	-9	805
-1	-3923	-14	1133
-4	6669	7	983
10	-510	-5	395
-3	1735	-1	-331
8	363	-5	-827
-5	746	-15	-983
-1	-307	-7	-849
-8	-315	7	-446
11	-125	-3	151
3	-4789	1	779
-10	-3891	18	1113
-9	6579	5	938
-7	-513	9	399
-3	1701	11	-319
1	374	14	-807
2	747	-11	-978
7	-309	7	-849
-2	-323	3	-435
-1	-135	-5	155
-3	-4827	1	777
-7	-3914	3	1094
-5	6601	0	933
-5	-491	-1	398
-7	1713	-1	-313
-5	359	-1	-797
-10	741	-11	-969
3	-321	5	-839
-9	-320	7	-455
-1	-111	-5	154
5	-4817	-11	773
-3	-3935	9	1115
-7	6617	-1	954
-5	-515	1	395
1	1719	11	-321
-1	379	-1	-809
-15	740	-9	-975
8	-302	1	-831
-5	-322	19	-451
7	-122	-9	149
-6	-4856	-3	777
-5	-3963	-6	1099
-7	6693	1	941
-3	-495	-1	389
-12	1726	1	-325
-3	363	13	-803
-19	744	-10	-987
-11	-307	15	-851
-14	-331	9	-462
1	-127	-1	139
0	-4813	-9	781
-9	-3907	5	1121
-5	6599	3	956
-1	-493	6	399
-11	1701	8	-323
-3	369	3	-811
-15	751	-9	-972
-9	-325	13	-841
-4	-317	11	-443
-10	-141	-5	143
3	-4857	3	769
-5	-3992	17	1087
3	6711	3	943
-3	-473	6	411
8	1743	5	-311
-5	372	5	-794
2	763	-1	-957
3	-317	5	-865
2	-322	25	-453
3	-109	6	150
1	-4755	-7	794
-7	-3939	6	1125
-13	6571	-1	968
-15	-499	-6	393
-16	1697	15	-323
-14	364	1	-827
-12	738	-11	-963
-15	-323	-11	-841
-21	-333	2	-423
-5	-131	-1	161
-10	-4845	15	784
-11	-3999	-4	1071
-7	6697	3	941
1	-490	3	383
-7	1717	21	-307
-5	372	6	-798
-21	748	-11	-951
-7	-312	1	-857
-7	-333	15	-443
-9	-127	4	135
3	-4775	3	795
-10	-3943	-1	1117
2	6585	-3	968
4	-465	-3	393
-5	1691	21	-326
-3	366	9	-821
-9	739	7	-960
-7	-319	-9	-841
-9	-325	9	-433
-3	-114	1	143
-1	-4767	5	775
-3	-3935	-5	1089
1	6567	2	953
-5	-469	-5	394
-1	1691	9	-309
-3	355	1	-793
-10	735	-3	-959
-3	-325	5	-849
-9	-331	5	-439
1	-107	-17	139
-15	-4800	13	781
-9	-3989	-11	1082
-10	6611	-1	948
-5	-475	-4	391
0	1707	1	-323
-7	359	7	-807
-9	727	-7	-951
-5	-294	13	-841
-5	-329	3	-439
-5	-112	-9	149
-15	-4757	-1	777
-1	-3938	-9	1103
-7	6571	-1	951
-5	-464	-3	405
-2	1684	9	-317
4	371	-4	-811
-7	727	-16	-963
-7	-293	-9	-839
7	-319	5	-439
-13	-107	-1	152
3	-4791	1	775
-7	-3939	1	1077
-5	6591	1	940
10	-451	4	395
-5	1691	15	-324
-3	366	3	-791
-10	725	-1	-952
-1	-294	5	-837
-5	-341	3	-449
-1	-115	-7	151
5	-4817	-3	787
-11	-4005	13	1099
-1	6648	13	951
-5	-457	-9	407
-15	1713	9	-327
-5	353	5	-800
-11	727	-3	-971
1	-312	1	-847
1	-339	9	-445
-1	-112	-9	148
1	-4820	-1	767
-7	-4023	7	1102
-2	6653	7	958
1	-483	-5	405
4	1711	-3	-331
-12	363	-3	-807
-17	733	-9	-975
-7	-289	-3	-845
-9	-337	19	-447
-3	-115	-12	159
-3	-4801	5	780
3	-3961	9	1101
-3	6605	7	955
-7	-472	-5	399
-2	1696	13	-325
-1	377	1	-819
-7	725	-5	-977
-9	-291	6	-833
-3	-331	3	-456
-14	-114	1	143
-4	-4771	-1	777
-7	-3969	10	1097
-16	6569	-3	942
4	-463	-3	397
-11	1693	-2	-313
-3	381	-1	-803
-7	739	-11	-957
-5	-297	-5	-845
-10	-331	13	-439
-3	-107	-1	161
-9	-4769	-7	769
6	-3961	6	1105
-7	6597	15	949
-5	-457	1	396
-12	1707	15	-305
3	357	11	-796
-16	731	5	-971
-3	-297	-1	-833
-5	-324	13	-437
4	-117	1	156
3	-4685	7	778
-9	-3931	3	1101
2	6479	7	955
-1	-454	-11	393
-3	1667	13	-321
-5	374	7	-799
-3	731	-11	-961
-13	-307	15	-825
-1	-343	21	-429
-11	-109	-3	147
-10	-4713	3	758
-19	-3915	4	1079
-6	6503	1	923
-3	-459	-13	379
5	1660	11	-313
11	371	1	-795
-17	727	-10	-949
-5	-289	-1	-827
-17	-327	11	-429
-5	-111	-7	142
-10	-4809	-7	777
-1	-4015	12	1081
-15	6624	-3	936
-1	-469	-13	387
-5	1697	7	-314
1	375	13	-797
-13	737	-1	-952
-7	-291	-6	-845
1	-343	17	-457
-3	-125	-11	143
-11	-4781	1	789
-17	-4025	11	1096
-5	6632	0	967
-7	-449	-13	382
-14	1701	11	-325
-5	369	1	-818
-16	731	-13	-971
-5	-299	12	-841
-9	-335	17	-441
11	-89	-13	159
-11	-4761	8	784
-5	-3999	-1	1098
0	6590	-1	955
5	-455	1	393
-12	1701	-1	-323
-1	389	-13	-805
-12	725	-1	-957
13	-287	3	-839
-13	-334	7	-427
-3	-114	-9	155
-3	-4765	-1	778
-9	-3971	9	1083
-1	6573	1	953
-3	-449	1	383
-12	1685	15	-321
6	382	-6	-804
-5	731	10	-959
-5	-283	-1	-837
-14	-333	5	-431
-9	-95	-23	147
6	-4715	-5	767
-3	-3905	5	1097
-10	6505	-3	946
4	-459	-3	399
-9	1658	13	-332
-9	379	-1	-799
-20	718	5	-951
-1	-292	6	-839
-17	-343	13	-431
-7	-109	-13	143
-3	-4688	5	767
3	-3922	5	1073
-3	6486	3	927
3	-429	-11	377
-11	1665	19	-303
-7	379	17	-788
-17	727	-13	-943
1	-287	3	-839
-9	-332	5	-445
6	-99	-3	148
-9	-4761	-7	765
-7	-4017	4	1073
-4	6589	-1	937
-1	-465	6	383
-10	1679	13	-313
-5	389	12	-797
-14	699	-13	-959
-5	-287	7	-839
-9	-339	2	-449
1	-91	-7	139
0	-4833	-1	767
-9	-4046	4	1095
-13	6703	1	945
-7	-463	-1	391
-3	1704	11	-323
10	379	6	-800
-1	723	-9	-977
-7	-281	1	-853
0	-331	11	-454
3	-102	4	153
-3	-4755	5	785
-5	-3994	7	1119
10	6565	-5	964
-1	-441	1	403
-9	1670	10	-328
1	387	6	-813
-11	732	-7	-966
-5	-305	1	-843
2	-317	11	-449
-3	-119	3	153
1	-4783	-9	771
-9	-4015	18	1089
-11	6619	-5	955
-5	-441	7	391
0	1693	17	-329
-21	372	15	-795
-10	731	-11	-959
-3	-282	16	-843
-9	-334	15	-453
-1	-97	-1	150
-3	-4770	2	774
-3	-4039	6	1106
-8	6617	-1	960
5	-456	1	401
-5	1685	1	-333
1	371	3	-807
12	729	-1	-967
-9	-302	4	-851
-3	-334	5	-445
3	-99	-5	153
-17	-4730	-7	788
-14	-3956	1	1101
-7	6545	11	947
-7	-453	-7	401
-10	1672	3	-321
8	367	11	-800
-1	717	-7	-949
-3	-279	9	-841
-18	-323	7	-438
-1	-99	-9	139
-6	-4785	-7	773
3	-4023	5	1081
-11	6610	-5	944
-1	-441	-7	389
-5	1687	3	-313
-3	375	-1	-799
-11	735	-5	-965
-8	-289	4	-843
-2	-333	7	-447
-1	-125	-1	145
1	-4851	-1	773
-7	-4115	11	1100
-11	6707	-11	957
-3	-429	-9	391
2	1711	13	-317
-5	377	-11	-814
-13	737	1	-967
-9	-291	1	-851
-15	-331	9	-447
1	-91	-11	149
-15	-4795	9	781
-17	-4063	-5	1117
-9	6641	-1	970
-9	-469	-13	397
-14	1703	11	-329
-7	373	7	-811
-9	717	-5	-969
8	-289	-6	-845
1	-343	0	-437
-3	-81	-9	149
-6	-4757	5	781
-10	-3989	11	1089
-9	6591	5	965
-1	-446	-5	379
-9	1686	17	-323
-3	393	11	-819
-9	715	7	-959
-1	-297	1	-831
-7	-331	15	-447
-5	-109	-5	138
-4	-4829	7	771
-5	-4038	1	1083
3	6675	5	958
4	-451	-4	403
-1	1693	5	-311
-1	392	7	-805
-14	733	1	-949
-9	-285	12	-859
-3	-337	15	-441
-1	-102	-7	141
-10	-4839	5	781
6	-4099	11	1107
-1	6724	0	973
-17	-423	1	394
0	1709	21	-311
5	382	5	-813
-8	731	-1	-969
-1	-297	-3	-867
7	-341	17	-447
13	-73	5	153
-5	-4765	9	789
-11	-4065	9	1114
2	6609	5	967
3	-446	-7	401
-3	1695	11	-339
-3	383	5	-831
-9	729	-5	-987
6	-289	6	-851
-9	-347	10	-441
-3	-81	-14	155
-8	-4747	5	791
-1	-4007	-5	1087
-11	6605	9	937
3	-445	-9	385
-2	1670	-7	-313
-1	381	6	-810
-1	725	-8	-963
7	-273	13	-849
-2	-333	7	-431
-5	-78	5	143
-4	-4765	-1	783
-3	-4027	-1	1093
3	6629	5	944
1	-427	1	393
-5	1679	5	-327
-11	410	14	-807
-12	725	-7	-970
-9	-277	7	-847
-3	-337	7	-457
12	-93	-1	143
2	-4703	3	771
-1	-3973	4	1092
-7	6511	8	943
-3	-443	6	390
0	1671	-1	-317
-5	379	3	-797
-10	719	7	-963
-5	-279	-3	-831
5	-353	7	-439
1	-94	-6	148
-1	-4647	0	773
5	-3961	9	1076
-1	6430	-1	934
3	-451	-13	391
12	1643	5	-317
-5	399	10	-783
-5	707	-3	-953
4	-294	-1	-819
3	-345	5	-431
-1	-86	-4	153
2	-4625	-3	748
-5	-3887	1	1067
-5	6407	7	925
-10	-449	-3	393
5	1632	11	-303
-9	377	-1	-787
-3	705	-8	-941
3	-273	-5	-829
-12	-337	7	-435
-9	-89	4	137
5	-4627	1	749
-5	-3909	-5	1065
-7	6407	1	914
-13	-425	-9	393
-13	1633	-3	-318
-9	391	-1	-773
-14	707	-9	-942
-8	-287	7	-827
-11	-343	17	-439
-9	-99	7	147
10	-4635	-3	749
-5	-3943	-3	1064
-3	6446	-1	923
3	-421	-6	381
-7	1643	5	-299
9	363	6	-784
-8	709	-5	-937
-5	-279	7	-825
-14	-341	5	-433
6	-91	-21	154
-1	-4699	-3	768
-1	-4039	1	1066
-8	6557	-7	932
1	-446	-1	401
-9	1659	9	-313
-7	379	10	-787
-9	719	-1	-953
-5	-287	17	-843
-7	-328	3	-441
3	-95	-9	135
-5	-4731	-7	776
-7	-3993	-11	1089
3	6575	-3	949
3	-441	-1	387
7	1681	7	-317
-9	397	-4	-806
-3	719	2	-949
1	-279	1	-841
-9	-327	9	-439
-1	-109	-12	139
-5	-4799	-7	773
1	-4058	3	1089
-5	6665	9	944
11	-439	7	395
1	1693	7	-321
-1	390	-5	-803
-12	731	-9	-954
-9	-294	-9	-849
-3	-349	3	-449
1	-94	-17	135
3	-4813	1	785
-1	-4073	-3	1090
-1	6673	13	967
-3	-443	-14	409
-10	1707	3	-313
-1	377	-12	-816
-21	727	-15	-975
5	-297	-11	-839
-1	-336	-3	-443
4	-94	1	148
-11	-4806	3	794
-3	-4120	7	1100
-7	6673	1	967
-5	-453	-3	391
-1	1709	9	-313
3	379	-13	-817
-9	746	-9	-963
10	-295	-5	-857
-11	-345	-2	-443
3	-101	-1	147
-3	-4865	11	804
-3	-4110	-1	1103
-12	6749	-9	957
3	-481	3	405
3	1717	21	-325
-19	374	-3	-814
-13	739	-16	-973
-5	-295	-6	-855
3	-337	17	-446
-7	-93	-7	139
-4	-4857	-1	805
-1	-4084	-5	1113
3	6713	7	970
3	-469	-1	407
-7	1709	11	-325
7	393	3	-823
-17	741	-9	-978
-5	-289	-6	-855
-5	-339	9	-447
-3	-99	-11	153
-10	-4825	-9	791
-1	-4056	-1	1114
-15	6675	13	955
-11	-449	3	399
-13	1703	3	-323
-8	391	-3	-818
0	739	-7	-985
-10	-294	3	-851
-13	-342	1	-455
4	-86	-4	150
-3	-4705	-8	783
-1	-3963	4	1105
-8	6517	-7	954
-3	-461	-9	403
-10	1663	-1	-325
1	382	-9	-817
-7	717	-5	-971
-15	-303	11	-847
-11	-343	2	-439
-9	-93	-7	157
1	-4739	-9	765
-5	-3963	-1	1081
2	6551	7	927
3	-451	-17	397
3	1663	-3	-325
15	377	-1	-784
-11	725	-15	-951
1	-273	17	-847
-6	-335	7	-443
-5	-105	-12	154
-2	-4797	-11	763
-11	-4013	-9	1097
-3	6624	-5	942
-7	-464	1	385
1	1695	-9	-314
-3	389	-4	-797
-18	733	-9	-975
-11	-307	-6	-841
6	-353	13	-463
-3	-99	-9	147
-1	-4811	-11	767
1	-4053	4	1098
-7	6668	3	951
-3	-449	6	403
-5	1707	-1	-327
-1	367	3	-803
-13	733	1	-971
-1	-284	3	-845
7	-337	3	-459
-1	-83	8	155
-9	-4786	-7	779
-11	-4051	17	1109
-3	6629	-1	951
1	-464	-1	399
3	1695	13	-333
1	369	10	-813
-9	733	-11	-979
-9	-295	8	-851
-5	-349	11	-441
-7	-84	-15	161
-9	-4780	-3	773
1	-3991	12	1103
-4	6615	-1	947
-5	-462	5	401
1	1695	1	-329
-3	365	6	-806
-5	725	-9	-967
1	-292	-1	-849
-1	-315	15	-452
3	-109	9	153
12	-4759	1	775
-7	-3963	10	1093
-17	6567	7	940
-1	-446	11	381
-11	1675	19	-313
-3	379	7	-811
-16	733	-9	-963
1	-287	-5	-843
-18	-339	13	-433
3	-112	-3	143
-11	-4723	5	763
-7	-3969	5	1079
-1	6549	-11	953
-3	-444	-5	396
-7	1685	11	-307
-8	359	9	-800
-7	715	-13	-961
-7	-303	1	-835
-7	-351	9	-439
-7	-104	-11	148
-1	-4713	3	784
-5	-3986	-14	1074
-18	6542	-7	954
-5	-465	-7	389
-1	1663	-1	-307
-9	365	7	-799
-19	719	-3	-955
-5	-281	-1	-837
-5	-341	0	-429
-5	-73	-1	151
-1	-4677	-3	766
-3	-3897	14	1073
2	6437	9	937
-1	-469	-1	395
-7	1659	7	-313
6	371	-1	-778
-13	725	-5	-951
15	-287	1	-829
-11	-319	17	-415
-1	-99	-11	138
-10	-4665	1	759
-9	-3891	7	1067
-2	6453	13	920
-7	-437	-1	375
-11	1640	13	-302
-11	373	1	-781
-16	708	-1	-935
-8	-297	-13	-841
-8	-347	5	-435
-7	-91	-1	139
-7	-4655	-11	761
-19	-3894	-6	1066
-7	6418	-7	931
1	-433	-4	369
-9	1643	7	-305
-1	381	-6	-792
4	707	-5	-937
9	-289	3	-831
-7	-338	13	-429
-3	-76	9	148
-7	-4655	-3	753
7	-3927	24	1065
-6	6429	9	915
-3	-445	-9	390
2	1647	3	-297
3	356	3	-779
-2	693	-5	-945
3	-281	3	-814
-9	-343	10	-445
3	-89	1	137
-11	-4693	9	749
-8	-3915	15	1075
3	6485	-7	919
-12	-465	-7	389
2	1648	-3	-309
-5	365	5	-783
-9	701	-13	-941
-9	-283	-9	-831
-15	-331	7	-447
-7	-85	-9	136
-4	-4639	-13	741
-10	-3866	10	1077
-5	6405	7	934
-7	-449	3	393
-1	1648	15	-315
7	389	1	-789
-7	711	-7	-942
-1	-284	9	-818
-1	-335	19	-441
-1	-104	-9	151
-3	-4702	-11	747
8	-3929	9	1064
-7	6491	8	917
-13	-443	5	378
-9	1667	11	-307
-1	367	-7	-773
-11	723	-11	-947
-3	-311	7	-827
-5	-337	7	-439
3	-103	-5	147
-17	-4689	-8	760
-3	-3927	-1	1075
8	6473	-5	927
-9	-475	3	395
-5	1663	-1	-319
-3	365	7	-779
-7	721	-1	-953
6	-291	13	-819
-5	-328	23	-427
-5	-99	-4	145
-2	-4762	-9	745
-1	-3961	11	1069
6	6587	3	925
-1	-473	7	399
2	1688	9	-315
-9	379	11	-779
1	727	-11	-947
1	-291	-1	-829
-4	-341	19	-441
-5	-119	5	143
-3	-4755	-3	767
7	-3945	16	1105
3	6575	-3	938
6	-473	-4	393
-13	1687	2	-327
-13	369	1	-799
-7	717	-11	-957
-9	-319	7	-833
-20	-337	1	-441
-5	-129	-9	143
2	-4879	7	767
-5	-4079	-5	1091
-5	6742	10	951
-1	-477	-4	389
-3	1737	-1	-319
-3	369	1	-804
2	741	-9	-971
-5	-319	12	-845
-7	-321	7	-457
13	-109	11	148
5	-4858	15	796
-9	-4075	12	1119
6	6737	5	976
3	-490	1	397
6	1727	21	-335
10	375	7	-819
-16	740	5	-981
-7	-311	-1	-857
-11	-330	1	-457
-7	-120	-9	139
2	-4814	-13	779
-7	-3955	11	1117
-6	6623	-3	961
-10	-503	3	405
-11	1711	-5	-327
4	383	-11	-821
-17	723	-17	-967
-7	-305	-7	-859
-14	-339	5	-439
-5	-141	1	159
-14	-4871	-1	779
-12	-4025	3	1095
-9	6718	-11	950
10	-487	1	391
-1	1731	16	-308
-1	397	-7	-819
-9	757	3	-959
13	-310	12	-853
5	-319	21	-447
14	-105	16	145
7	-4799	9	797
-5	-3968	17	1098
-1	6634	17	969
5	-469	-1	384
-9	1721	15	-327
-1	369	12	-821
-1	747	-9	-963
3	-305	12	-859
-17	-336	13	-435
10	-107	-9	147
-15	-4805	-13	788
-11	-4021	-7	1086
-13	6637	-13	954
-18	-507	-17	389
-25	1719	9	-309
-12	354	-17	-815
-16	723	-19	-965
-5	-313	-6	-853
-15	-341	1	-453
-7	-101	-9	155
-7	-4829	-5	786
7	-3973	1	1103
3	6667	1	957
-1	-471	3	391
-2	1729	7	-317
6	379	-1	-817
9	736	13	-967
7	-300	4	-855
8	-335	21	-446
14	-109	4	150
28	-4931	5	783
13	-4056	18	1107
3	6815	15	964
11	-482	5	393
1	1749	21	-338
-1	381	5	-821
-11	751	3	-980
-11	-320	5	-859
-13	-341	11	-461
-5	-111	-11	151
-3	-4853	-17	807
-19	-3993	-21	1137
-13	6675	-1	987
-9	-503	-7	407
-21	1729	-5	-337
-16	366	-17	-836
-14	741	-15	-983
-16	-307	-7	-847
-3	-345	-7	-439
3	-135	-23	158
3	-4889	-13	800
-5	-4057	6	1119
1	6741	1	960
15	-509	-14	397
-2	1743	19	-319
15	395	16	-805
5	752	9	-991
11	-311	17	-859
5	-341	24	-455
13	-107	3	161
10	-4900	7	791
9	-4005	22	1123
-1	6733	9	965
5	-508	5	399
-3	1739	9	-337
-7	389	18	-821
-7	749	3	-995
-3	-319	-5	-853
-22	-341	9	-447
-1	-115	-6	162
-10	-4801	-13	785
-24	-3927	-7	1113
-7	6585	-9	964
-5	-508	3	403
-5	1697	-1	-324
-13	375	1	-807
-14	743	-17	-981
-9	-307	1	-839
-15	-347	7	-435
3	-129	-5	165
1	-4801	-11	779
3	-3943	5	1107
5	6631	-13	949
3	-503	19	409
-1	1741	19	-317
9	381	11	-789
2	755	3	-951
16	-295	29	-829
-1	-329	7	-439
21	-101	5	150
9	-4789	3	776
5	-3932	23	1102
0	6589	-7	951
-12	-495	1	409
-6	1723	15	-329
10	361	16	-815
-14	735	-7	-969
-1	-312	-13	-831
-15	-349	11	-437
-1	-125	-19	153
-18	-4826	-15	767
-13	-3943	-19	1089
-14	6631	-9	945
-11	-503	-11	399
-15	1717	13	-311
4	379	-5	-800
-13	750	-13	-961
-3	-305	-13	-853
-4	-333	21	-442
9	-123	-6	137
-7	-4741	-9	783
1	-3837	22	1107
2	6515	1	954
4	-485	-1	393
5	1703	15	-312
-3	384	7	-799
-2	735	-5	-962
10	-313	24	-829
1	-321	25	-449
-1	-125	7	145
-1	-4769	5	771
-9	-3894	5	1077
-5	6563	-3	931
7	-497	-17	384
-19	1711	7	-299
3	354	-19	-797
-25	743	-13	-957
-9	-323	-3	-847
-17	-338	7	-441
-17	-109	1	148
-9	-4792	-7	778
-7	-3943	-9	1086
-11	6589	-1	947
-16	-518	-1	386
-15	1723	9	-315
-3	366	7	-797
-17	750	-5	-959
-1	-318	13	-837
-15	-326	19	-437
9	-112	11	153
-4	-4739	19	781
-9	-3850	7	1099
2	6545	3	955
-1	-485	-3	391
-5	1709	25	-311
-5	382	9	-795
-19	733	-3	-959
-11	-305	1	-831
-7	-323	11	-442
5	-120	1	145
-2	-4809	3	779
1	-3887	-5	1081
-11	6589	9	936
-13	-487	5	393
-7	1701	7	-308
-9	375	-1	-791
-15	745	-1	-952
-8	-307	-1	-843
1	-331	1	-451
3	-102	1	145
-9	-4775	1	783
6	-3897	1	1092
-5	6569	8	953
-5	-490	-5	394
-7	1721	11	-321
-5	364	6	-793
-9	735	1	-967
-1	-321	12	-833
7	-317	5	-437
13	-127	-8	150
-1	-4804	-5	784
-5	-3948	5	1090
-14	6623	5	948
-5	-493	1	390
3	1731	5	-311
5	353	5	-799
2	741	-7	-949
-3	-311	-1	-841
-11	-347	21	-439
-11	-113	-9	157
-11	-4779	7	779
-9	-3855	4	1109
-4	6569	5	947
-3	-503	7	391
-10	1705	7	-317
-3	371	-9	-808
-1	737	-3	-963
-5	-305	1	-843
0	-317	11	-437
-1	-117	5	155
0	-4815	-1	773
-5	-3917	1	1087
-9	6617	-1	940
6	-501	1	381
-11	1715	19	-318
-1	365	9	-793
-7	737	-9	-959
-9	-325	4	-845
-2	-327	9	-453
1	-121	-9	153
-13	-4773	-3	787
-15	-3884	15	1095
-11	6555	3	949
-11	-483	1	398
-7	1721	7	-323
-9	353	1	-799
-21	725	-13	-955
-9	-318	10	-829
-9	-326	11	-441
11	-105	-7	147
3	-4799	11	769
1	-3935	6	1098
-4	6600	1	943
-5	-509	-7	383
12	1707	3	-311
1	351	16	-793
-9	738	1	-969
-3	-327	3	-837
-11	-327	11	-449
-13	-115	-1	151
-9	-4754	-3	779
-5	-3868	4	1093
-4	6535	-7	945
-3	-503	-17	387
-3	1701	-3	-317
-3	361	5	-802
-1	719	-11	-957
-13	-311	6	-823
-13	-325	-3	-442
-8	-123	-1	149
-5	-4663	-19	775
-14	-3757	1	1073
-11	6411	-11	934
-3	-495	-13	389
-7	1669	-3	-314
-1	366	-4	-783
-10	728	-3	-952
-9	-301	-11	-821
-4	-329	5	-423
7	-114	3	159
-9	-4667	3	757
8	-3806	11	1052
-7	6414	9	921
-1	-481	5	381
-8	1667	7	-297
-12	363	3	-780
-2	717	-5	-921
-3	-307	7	-815
-14	-339	21	-437
1	-117	-5	147
-7	-4637	5	760
-1	-3770	5	1063
-7	6367	-1	924
1	-501	1	383
1	1661	5	-297
-3	349	-1	-777
-19	703	-3	-931
-3	-312	-3	-827
-3	-325	11	-415
-5	-107	1	131
0	-4663	-7	758
-13	-3761	3	1043
-4	6383	-5	919
-11	-493	-7	381
5	1656	11	-297
4	348	-6	-769
-1	711	-7	-915
3	-301	-1	-821
-14	-335	19	-432
-3	-132	5	149
-2	-4637	-3	757
-3	-3727	18	1071
1	6332	7	922
-9	-499	-11	379
1	1646	3	-310
3	351	-1	-767
-11	705	-13	-926
-1	-300	-4	-805
4	-315	21	-425
-1	-109	3	141
-3	-4670	5	753
1	-3789	1	1057
-7	6416	2	907
-15	-487	-9	385
-6	1667	5	-287
-7	355	4	-773
-11	717	-15	-941
-3	-302	3	-815
-25	-330	1	-437
3	-112	-6	144
-9	-4647	-15	758
-1	-3801	9	1069
-8	6411	-3	922
-14	-503	-11	379
-4	1685	9	-305
-3	357	-5	-777
-1	715	-9	-933
-5	-323	-11	-810
-15	-315	18	-439
-5	-109	1	145
-1	-4573	-1	737
1	-3687	15	1053
10	6291	11	909
-11	-485	5	381
-7	1636	3	-307
-5	364	8	-770
-5	703	-5	-925
-3	-287	5	-797
-7	-323	1	-415
1	-114	6	143
-5	-4491	7	731
-10	-3627	-1	1041
2	6141	-3	892
6	-489	-3	373
-1	1608	-2	-300
-9	351	-11	-753
-22	703	-11	-909
-5	-312	19	-790
-13	-315	9	-415
-5	-107	-3	151
-17	-4471	1	729
-13	-3608	-3	1019
-1	6146	-8	877
-3	-472	3	367
-14	1605	-1	-281
-9	341	7	-748
-10	701	1	-907
5	-295	-7	-791
-10	-315	5	-415
-5	-112	1	152
-1	-4483	3	711
-3	-3675	-1	1016
3	6189	-1	877
-7	-481	-6	365
-10	1627	5	-291
-11	339	3	-745
-5	713	1	-917
-1	-279	1	-795
-11	-312	9	-425
-9	-113	-4	131
2	-4464	-9	725
1	-3615	-1	1024
-7	6131	1	885
-11	-473	-25	365
-11	1611	5	-295
-9	336	9	-746
-9	689	-13	-901
-5	-295	-9	-789
-17	-308	5	-417
-1	-129	-12	133
-7	-4523	-15	719
-12	-3655	3	1009
-9	6205	-3	882
-5	-472	-11	373
-13	1621	15	-286
-3	343	-3	-735
4	714	5	-888
-8	-302	-11	-797
-12	-305	7	-423
-1	-105	5	133
0	-4520	5	739
-11	-3655	-11	1031
-3	6205	-2	899
-1	-473	24	367
-15	1627	17	-301
-5	336	-1	-755
-2	707	-7	-899
3	-315	-3	-789
-1	-320	11	-411
-9	-129	-8	144
-11	-4578	-1	728
-7	-3716	-7	1033
-6	6285	1	897
-9	-511	3	363
0	1649	13	-291
-1	341	3	-763
2	709	-3	-909
-1	-318	3	-802
-1	-305	11	-423
5	-119	-4	143
-11	-4569	3	741
-9	-3659	1	1046
-11	6243	-9	899
1	-508	-5	365
-12	1617	13	-301
4	331	-3	-765
-15	697	-16	-915
-1	-305	5	-793
-6	-296	7	-407
-9	-117	-3	154
-13	-4575	3	739
7	-3688	-1	1025
-3	6284	-5	896
1	-480	-6	369
-7	1641	2	-292
-7	351	-3	-757
-9	712	-7	-919
-1	-312	9	-792
-2	-319	7	-429
3	-131	-17	137
-2	-4630	1	729
-5	-3732	15	1047
-13	6343	-3	891
1	-472	3	367
-7	1657	9	-297
-3	337	9	-762
-6	709	-7	-919
-5	-330	18	-813
-21	-321	11	-429
-1	-119	6	156
5	-4570	8	753
-11	-3706	17	1055
-8	6251	-3	911
-3	-511	-5	379
-2	1645	-1	-303
-1	333	12	-763
0	703	-9	-925
-7	-303	6	-790
-7	-318	3	-409
1	-127	-3	143
-11	-4623	-3	750
-9	-3699	1	1037
-4	6331	-7	891
-11	-503	-1	371
-3	1655	-1	-295
-7	330	9	-754
-1	713	-5	-919
-5	-319	-3	-795
0	-313	7	-420
-1	-129	-7	148
-3	-4599	-3	749
-1	-3699	22	1049
-3	6297	-11	900
-1	-503	13	373
-7	1640	1	-310
3	351	-3	-773
-7	720	-11	-922
-7	-320	-5	-795
-1	-303	9	-421
-5	-133	-11	149
3	-4617	-1	739
3	-3709	6	1047
-11	6319	-13	899
-5	-490	-7	371
-1	1649	-1	-303
-1	321	-1	-765
-7	727	-7	-927
12	-319	10	-795
5	-297	3	-423
3	-117	-3	152
-1	-4513	0	753
-7	-3644	6	1045
-11	6191	-7	909
-11	-495	-14	380
13	1631	21	-301
1	348	7	-761
2	699	-7	-917
4	-299	-13	-791
-3	-310	7	-403
-5	-127	7	143
0	-4591	-1	727
1	-3673	1	1024
14	6295	13	889
1	-495	-3	363
-13	1649	5	-295
8	329	-1	-755
-11	713	-15	-911
-1	-309	13	-809
-7	-315	3	-419
-7	-127	-25	141
-3	-4565	5	753
-1	-3647	3	1043
-13	6253	5	912
6	-491	-1	369
-11	1639	13	-302
3	343	-5	-761
-11	702	-7	-897
-1	-307	4	-791
-5	-305	1	-405
-1	-129	-11	155
-5	-4571	5	739
-3	-3651	-17	1021
-5	6275	17	905
-5	-491	-9	385
-7	1645	7	-291
1	321	-9	-763
-7	711	-1	-909
1	-321	-5	-801
3	-307	21	-419
3	-111	-1	138
-9	-4643	-3	737
-1	-3751	-3	1037
-6	6371	3	905
-3	-492	-9	364
-7	1673	15	-297
7	328	-11	-767
-12	717	-15	-917
8	-331	-5	-821
-1	-310	15	-417
5	-123	-23	143
0	-4705	-11	743
-9	-3723	-6	1049
2	6421	5	913
-5	-510	-15	379
-7	1692	19	-309
-7	345	8	-795
-13	725	7	-919
-11	-315	5	-809
-9	-309	17	-416
-3	-145	-19	143
-11	-4689	1	757
1	-3719	7	1059
0	6399	-7	924
4	-495	-1	375
5	1672	7	-305
-1	343	-1	-773
-11	725	-5	-938
3	-312	9	-804
-8	-313	15	-431
5	-140	-17	135
-10	-4743	-7	757
-1	-3785	3	1060
-3	6476	1	921
-1	-487	-9	369
-3	1697	17	-307
-1	333	-9	-782
-8	747	-15	-939
-9	-315	1	-817
-2	-305	3	-425
-7	-119	-13	151
3	-4769	7	768
3	-3827	-1	1068
0	6520	-7	927
-1	-515	1	373
2	1705	5	-311
-1	333	-7	-789
3	745	-11	-957
-1	-329	8	-817
-9	-299	16	-439
-1	-117	-11	139
-10	-4709	-1	778
-5	-3737	-13	1093
-7	6443	-9	941
-3	-525	1	387
-7	1687	3	-329
3	343	3	-790
-9	717	-21	-949
-3	-323	-13	-809
-14	-319	3	-425
-1	-135	-1	157
-5	-4711	-7	761
-7	-3713	7	1069
-1	6399	-1	918
-7	-510	-6	389
1	1672	11	-314
-11	346	-7	-771
-3	735	-3	-940
-7	-313	7	-798
-3	-321	-5	-421
3	-138	-1	165
-9	-4733	-5	757
3	-3745	11	1063
1	6451	-11	925
-5	-515	11	379
-1	1697	5	-311
11	330	1	-775
-5	731	-17	-947
3	-339	7	-811
7	-305	7	-429
1	-129	8	150
-11	-4697	-5	782
-5	-3753	3	1070
-8	6405	-9	920
3	-523	-9	391
-9	1699	1	-325
-7	331	-7	-777
7	727	-7	-937
-1	-323	-5	-812
-7	-304	11	-427
-3	-140	9	149
-7	-4703	5	762
-1	-3717	14	1061
2	6427	9	919
-3	-531	-9	377
-17	1696	3	-311
-5	323	5	-762
3	723	-2	-935
3	-319	14	-821
-1	-313	7	-442
1	-140	-6	143
2	-4687	-1	761
-7	-3707	-7	1071
1	6397	1	928
4	-505	-3	373
1	1687	16	-313
3	338	6	-781
-9	727	1	-933
-1	-325	-5	-805
-2	-299	1	-415
5	-140	7	137
1	-4679	1	759
10	-3737	-1	1051
-5	6409	7	921
1	-503	-7	377
3	1683	21	-309
-3	315	4	-788
-4	717	-9	-927
-1	-333	1	-815
-2	-291	11	-429
10	-125	-1	144
-13	-4629	0	767
-3	-3698	13	1053
-6	6315	13	921
-7	-523	-1	372
-5	1681	19	-313
3	333	20	-791
-11	713	-9	-923
-5	-318	-8	-807
-11	-301	17	-411
3	-135	1	143
7	-4627	7	743
-5	-3671	-5	1031
-3	6333	3	905
7	-518	-9	365
-7	1657	9	-301
-1	333	-1	-772
-11	727	-3	-913
-3	-317	-6	-809
-15	-308	19	-423
3	-133	9	141
-3	-4713	-7	753
-1	-3734	14	1057
3	6423	5	908
4	-493	-1	365
-3	1681	11	-311
3	338	1	-779
-3	726	1	-930
9	-320	-9	-823
-8	-305	5	-429
5	-145	-7	151
3	-4653	-1	771
1	-3696	-5	1055
-11	6359	10	923
-3	-497	4	365
-10	1665	5	-307
-7	336	7	-784
-1	725	-15	-927
-1	-318	5	-801
-13	-303	11	-421
17	-120	3	155
3	-4667	-18	759
3	-3734	-3	1047
-3	6365	-1	902
-5	-507	-5	365
-5	1679	17	-313
3	321	7	-775
-2	725	-7	-931
6	-319	-6	-802
-3	-318	15	-409
-1	-112	-9	141
-9	-4539	-1	760
-1	-3559	3	1065
2	6171	-11	909
3	-498	1	383
-5	1620	9	-309
-5	337	18	-770
-9	707	-16	-909
-9	-293	1	-785
-12	-305	-1	-416
1	-137	-6	153
-12	-4607	1	723
-12	-3621	7	1021
5	6277	-7	882
-1	-503	11	369
-13	1640	13	-303
-5	328	-12	-755
-2	714	-21	-919
-9	-311	1	-791
-2	-301	3	-433
3	-120	3	151
-5	-4550	-1	749
-9	-3585	-11	1057
-5	6218	-9	893
3	-481	-1	375
-3	1631	7	-313
-1	319	3	-772
-21	699	-7	-915
-5	-310	-1	-787
1	-301	7	-411
-1	-122	3	150
-5	-4578	-1	723
-1	-3679	17	1040
-6	6271	3	885
1	-513	3	370
-16	1653	3	-313
-3	327	7	-755
-9	715	-15	-905
-9	-313	5	-800
-13	-307	0	-411
-1	-111	-7	145
-3	-4487	-17	737
-7	-3537	1	1044
-3	6115	5	893
1	-498	10	377
-11	1594	17	-315
8	318	11	-761
-13	693	-15	-907
-3	-299	19	-785
-1	-282	19	-407
3	-129	5	143
-7	-4473	7	719
-3	-3539	-9	1011
-7	6105	5	870
8	-489	1	365
-5	1627	8	-289
7	330	9	-749
2	691	-19	-892
-3	-305	3	-774
-5	-295	9	-405
-1	-120	-11	143
-5	-4512	-5	721
-1	-3591	8	1007
1	6167	-8	871
-1	-490	-13	359
-6	1633	11	-293
-7	323	3	-746
-14	701	-9	-893
-1	-323	12	-771
-2	-299	9	-417
4	-138	-9	145
-1	-4479	-8	728
-9	-3607	1	1021
2	6157	7	881
-7	-500	-9	366
-3	1621	11	-293
3	320	1	-759
-3	695	-1	-905
-3	-323	-8	-791
-17	-304	8	-409
-13	-135	-9	129
-11	-4583	-7	712
-7	-3643	6	1006
0	6257	-1	879
-5	-503	3	363
0	1638	7	-291
4	321	1	-754
-5	705	-3	-899
-13	-307	-11	-795
-11	-285	5	-426
-1	-141	-5	124
-1	-4585	9	741
-9	-3655	-1	1029
-9	6286	5	898
3	-500	-8	363
-15	1651	13	-297
-7	341	-4	-781
-16	703	-7	-906
-8	-325	9	-792
-6	-297	11	-415
-3	-161	7	133
-1	-4687	-13	739
6	-3753	-1	1033
-15	6422	5	903
-3	-492	-15	367
2	1679	11	-301
-1	315	1	-773
6	719	-3	-927
12	-321	14	-825
-2	-311	1	-437
3	-109	-19	137
-3	-4635	7	755
-15	-3753	-1	1063
2	6363	7	928
-7	-511	-7	361
-4	1661	13	-311
-7	341	1	-783
0	717	-5	-933
-5	-325	8	-808
-5	-314	7	-415
-13	-127	-17	153
6	-4713	-3	741
-9	-3785	9	1041
11	6467	-5	913
3	-498	-13	385
-2	1682	21	-309
-7	336	11	-779
-9	719	2	-929
-13	-317	-9	-817
-8	-300	9	-428
1	-122	-15	140
3	-4701	1	771
-3	-3765	-3	1077
-1	6429	-3	924
1	-503	-15	375
-11	1668	-3	-313
-5	361	-4	-791
-7	719	-17	-940
-16	-327	-9	-814
-21	-299	-3	-433
3	-127	-13	143
7	-4719	-5	755
-3	-3786	7	1063
-5	6456	-1	921
3	-489	-1	371
-1	1691	7	-295
3	341	-6	-788
-9	725	1	-949
12	-323	12	-819
-11	-327	11	-425
-1	-119	15	167
11	-4749	-13	780
-11	-3853	12	1082
-8	6500	-7	917
-5	-508	-3	382
-8	1693	7	-315
-7	349	1	-783
-13	727	-7	-947
-1	-307	19	-821
-3	-326	3	-439
-7	-117	-3	143
-9	-4707	-9	760
-5	-3755	3	1075
-13	6415	-3	941
-5	-505	5	383
-9	1683	13	-319
-1	335	8	-789
-7	725	-8	-953
-13	-319	9	-813
-17	-302	3	-432
-7	-135	1	152
-14	-4723	-5	767
-3	-3789	-1	1069
-16	6457	-3	916
-1	-501	-15	381
-11	1685	10	-305
3	356	-5	-787
-11	731	-17	-948
-9	-323	15	-816
-4	-315	17	-431
-7	-109	-3	153
-5	-4569	1	763
6	-3668	-1	1074
1	6263	3	927
3	-493	4	390
8	1651	7	-307
1	346	-7	-789
-20	711	-9	-933
-1	-310	-1	-811
-5	-318	17	-419
-7	-130	-6	151
-11	-4566	-7	744
-7	-3685	1	1035
-12	6237	-9	897
3	-516	-19	377
-5	1655	7	-297
5	346	10	-753
-9	707	-11	-915
-15	-305	9	-801
-15	-318	7	-419
9	-117	-15	147
-10	-4470	-3	735
-5	-3589	-6	1032
-7	6147	-3	899
1	-490	-1	377
7	1600	3	-297
-3	333	-5	-759
-11	691	-11	-899
5	-299	1	-799
-9	-301	7	-399
1	-141	-9	133
7	-4547	7	723
-12	-3663	5	1021
-7	6233	11	882
-3	-492	-6	365
-7	1627	13	-275
-1	343	-3	-743
-15	691	-7	-897
-1	-312	7	-794
-8	-325	17	-423
3	-125	-9	125
-11	-4559	-5	735
6	-3697	-4	1041
-11	6257	2	909
-3	-475	-5	369
-6	1639	7	-293
-7	338	-9	-756
-11	705	-3	-901
-7	-302	10	-787
-13	-309	13	-419
4	-129	-13	127
-7	-4629	-7	738
5	-3783	-4	1034
-13	6361	1	899
3	-503	-13	368
1	1653	3	-301
-1	348	-17	-759
3	717	-3	-911
8	-311	-5	-809
-15	-313	19	-421
5	-129	-4	141
-3	-4709	7	745
-10	-3795	6	1060
-14	6479	-1	911
-1	-501	-3	381
7	1678	11	-305
4	333	-9	-784
-11	719	-5	-927
1	-292	-3	-813
2	-312	7	-423
3	-125	-6	146
-3	-4689	3	755
-3	-3785	-7	1069
3	6431	3	934
6	-493	3	387
1	1669	-3	-308
3	361	-1	-783
-10	716	-5	-942
-9	-300	3	-808
-8	-313	15	-415
5	-140	5	143
-1	-4783	7	769
4	-3894	4	1062
-9	6561	9	925
-3	-491	1	381
-5	1701	7	-301
-3	351	9	-788
-4	729	-11	-937
5	-318	7	-831
-1	-311	9	-431
1	-121	4	147
-7	-4757	2	784
-9	-3897	17	1093
-8	6523	7	949
-7	-505	-1	391
-1	1697	15	-317
10	346	7	-799
-10	731	-5	-959
-7	-310	8	-839
-7	-318	7	-425
-7	-113	-6	149
-6	-4814	-5	755
-11	-3881	1	1075
2	6581	1	933
-1	-517	-1	393
-15	1715	7	-315
8	355	5	-804
-7	733	-13	-963
-11	-309	3	-831
6	-317	15	-437
-1	-125	-5	156
-2	-4773	-3	781
-10	-3837	3	1093
-1	6545	5	938
3	-505	5	387
-5	1703	1	-322
-3	357	4	-795
-9	737	-11	-959
-7	-331	9	-826
4	-311	11	-433
-3	-138	-9	155
1	-4845	5	757
-13	-3917	7	1084
1	6641	-3	937
-9	-508	-1	376
-10	1733	19	-323
-5	348	5	-801
-5	741	-7	-963
-3	-321	16	-851
-14	-324	7	-453
-5	-125	-4	152
-11	-4845	-2	792
-1	-3929	11	1109
-6	6621	3	951
3	-527	-7	397
16	1733	-1	-327
3	359	7	-809
-9	746	-11	-969
-1	-317	9	-839
-1	-334	19	-437
-5	-120	-5	153
-1	-4814	5	790
-3	-3858	17	1097
-5	6597	-3	951
-5	-516	-5	401
-7	1712	5	-313
-3	371	6	-809
-7	738	-5	-963
1	-309	1	-841
-7	-314	7	-431
-1	-132	-3	148
-6	-4859	3	777
-13	-3896	-7	1091
5	6661	-3	932
4	-498	-4	383
-11	1719	21	-319
-3	359	1	-811
-14	749	-5	-969
1	-320	19	-853
3	-315	9	-445
3	-129	-13	153
-3	-4809	-9	793
3	-3914	-13	1110
3	6619	11	969
-9	-487	1	395
-8	1737	11	-329
-17	354	9	-801
-2	743	-15	-977
-1	-307	16	-849
-9	-324	9	-441
4	-117	-9	147
-5	-4770	3	778
-13	-3914	13	1093
-2	6564	11	942
3	-501	-13	391
-8	1721	3	-313
1	369	-1	-801
-11	737	-3	-969
-3	-312	-3	-839
-19	-326	5	-439
-1	-120	5	143
-2	-4821	-9	771
-3	-3921	-9	1085
3	6637	5	939
-5	-513	-13	389
-2	1722	15	-309
6	364	3	-812
-7	747	-10	-963
-5	-299	1	-857
-12	-329	15	-443
-7	-139	1	154
1	-4917	-3	785
1	-3993	24	1101
0	6757	5	956
-1	-505	-3	391
1	1745	19	-330
5	373	4	-819
-12	755	-7	-978
-3	-337	11	-861
2	-325	11	-457
5	-129	10	149
3	-4859	1	791
8	-3975	-3	1107
-3	6684	0	971
-1	-497	-12	392
-15	1741	19	-327
-1	369	5	-832
-4	747	-1	-985
3	-307	-7	-849
-10	-332	13	-445
10	-105	11	161
-7	-4887	-2	777
-3	-4035	-3	1099
-8	6735	-1	968
-9	-516	-6	381
-2	1737	25	-315
5	359	3	-815
-2	758	1	-985
10	-320	13	-863
-5	-339	9	-443
-1	-113	-3	147
-3	-4865	11	800
-3	-3966	5	1117
-13	6699	5	963
5	-517	-7	387
1	1728	13	-323
-5	377	20	-821
-11	735	-5	-993
-3	-319	1	-853
-2	-331	19	-440
3	-115	-6	148
-1	-4773	-11	789
-1	-3860	-3	1103
0	6565	9	966
-7	-511	1	389
-13	1697	9	-326
-9	395	21	-813
-7	739	-1	-970
-1	-315	-1	-835
-5	-337	11	-439
3	-123	10	159
-7	-4713	-11	775
6	-3839	9	1089
-3	6475	-2	933
7	-492	-7	402
-1	1695	11	-313
7	369	1	-789
-12	717	-11	-961
3	-319	18	-825
-9	-338	5	-433
-5	-120	-1	157
-11	-4713	1	767
-3	-3871	6	1081
-10	6475	-1	931
3	-505	-1	393
-15	1671	-3	-313
-7	385	5	-789
-15	721	-17	-961
4	-305	5	-837
-5	-335	2	-435
7	-107	6	143
-7	-4711	-5	756
-10	-3843	-1	1071
-3	6475	-7	925
-5	-477	5	397
5	1681	7	-309
-5	367	-3	-789
-11	723	-11	-949
-5	-301	5	-829
-7	-317	7	-450
-14	-111	3	145
10	-4683	3	759
5	-3811	-1	1087
-9	6437	-9	930
6	-491	-15	393
-5	1669	3	-305
-3	379	-3	-779
-10	727	-7	-944
-9	-294	5	-818
-4	-339	11	-443
-1	-120	-11	135
1	-4687	-3	753
3	-3857	5	1065
-1	6460	-16	927
-5	-483	3	395
10	1677	7	-305
-9	365	-11	-783
2	719	-15	-941
1	-305	1	-819
3	-329	5	-441
8	-123	-17	135
-7	-4737	10	760
-15	-3939	1	1074
1	6541	-5	933
-5	-509	-12	391
-8	1697	5	-303
3	366	16	-783
-10	717	-13	-953
8	-307	17	-831
-3	-322	-7	-441
-3	-130	-5	133
-18	-4743	-9	765
-13	-3909	-7	1083
-7	6557	-7	937
-5	-492	-5	401
-5	1692	7	-315
1	374	1	-799
-9	717	-18	-947
-3	-305	6	-841
-5	-315	7	-431
-5	-125	-17	129
-2	-4781	1	773
-7	-3958	1	1085
-13	6597	1	940
8	-480	-8	395
-5	1717	11	-304
13	387	-7	-799
-3	737	-1	-952
-7	-309	17	-837
-4	-335	19	-445
-3	-133	-13	141
-1	-4745	3	775
-5	-3943	1	1079
-5	6565	10	955
-9	-483	-17	392
-5	1705	7	-311
-3	364	5	-802
-4	719	-1	-953
5	-305	-11	-831
-11	-335	7	-441
3	-114	-4	148
-11	-4801	-18	766
3	-4003	-1	1079
-6	6605	5	949
-1	-490	-15	382
-1	1717	1	-311
7	379	-11	-787
-1	729	3	-955
-1	-300	-17	-849
-1	-339	2	-433
-1	-107	-9	135
6	-4766	-5	789
7	-3915	1	1097
0	6567	-3	959
1	-498	-9	393
5	1695	1	-319
6	395	-3	-805
-17	723	-11	-953
-1	-299	-1	-839
-15	-339	7	-444
-5	-127	-13	143
-3	-4795	-1	777
-7	-3961	5	1083
-3	6595	-3	950
-1	-477	-21	393
-1	1697	9	-308
1	395	1	-803
-11	731	1	-959
8	-313	19	-839
2	-327	9	-437
5	-109	-5	151
-2	-4690	-9	777
6	-3859	-17	1097
3	6465	-8	945
1	-465	-3	395
8	1671	3	-319
-1	374	-9	-803
-5	717	-7	-963
5	-315	3	-825
-5	-334	19	-439
17	-119	-3	153
5	-4750	-3	757
3	-3935	9	1073
2	6553	7	924
-1	-487	-6	383
-19	1697	5	-313
-3	377	3	-773
-3	725	-5	-947
-7	-315	15	-849
-11	-343	8	-453
5	-109	-5	153
-10	-4719	-5	781
-12	-3878	-9	1097
-11	6493	-11	945
-7	-467	3	407
-2	1677	3	-331
4	372	-1	-793
1	715	-25	-949
-1	-299	-13	-821
2	-331	3	-433
3	-137	-17	137
-7	-4693	-9	759
-3	-3849	-9	1081
-2	6457	-5	926
8	-474	-1	389
5	1669	1	-305
-3	384	1	-781
-10	726	-7	-948
-3	-315	11	-828
-6	-317	9	-435
-1	-121	-9	137
-3	-4708	-19	759
3	-3878	-5	1078
-1	6461	0	935
-11	-472	-1	387
-11	1689	9	-309
9	379	11	-792
-2	729	-11	-953
3	-305	-3	-823
-7	-325	7	-435
-1	-120	-3	149
3	-4657	3	757
-3	-3863	9	1066
-3	6425	-7	927
7	-487	-1	393
3	1673	7	-297
-3	363	1	-779
-3	717	-15	-953
10	-305	20	-823
7	-335	10	-427
5	-115	-7	149
-5	-4651	-1	752
-11	-3812	3	1065
-4	6419	-5	911
-7	-471	3	389
-9	1659	11	-303
6	351	9	-786
-9	715	0	-933
-11	-289	1	-825
-6	-321	7	-423
-1	-129	5	146
0	-4649	-7	745
-1	-3832	5	1051
0	6409	5	928
8	-461	-5	371
-1	1652	7	-300
-3	374	-7	-777
-9	719	-7	-936
-9	-303	13	-821
1	-327	11	-431
-3	-119	-1	141
3	-4741	3	741
10	-3914	3	1059
-5	6553	3	919
5	-469	-17	367
-16	1699	7	-307
-5	351	11	-784
-4	729	-19	-953
-14	-321	10	-831
-9	-325	-1	-453
1	-117	-13	129
1	-4751	-9	778
-7	-3935	14	1081
-6	6555	-5	951
-5	-491	3	375
-4	1705	7	-307
-3	359	-1	-809
5	715	-9	-951
1	-303	-13	-841
-17	-333	7	-431
-9	-117	-9	153
1	-4735	-1	757
-9	-3886	1	1079
2	6527	1	933
-3	-485	-11	375
-10	1688	11	-311
13	371	-1	-803
1	729	3	-957
7	-305	1	-849
2	-313	15	-429
1	-135	-5	129
-4	-4739	-7	777
-11	-3885	12	1081
5	6531	7	940
6	-472	-3	381
-3	1689	15	-308
-11	361	-3	-803
0	725	-15	-940
-8	-301	-1	-841
-7	-327	15	-441
3	-117	1	157
-16	-4759	-3	775
-5	-3909	-13	1073
-13	6537	9	933
-13	-469	-11	395
-9	1701	-1	-299
-3	359	9	-799
-17	733	-13	-949
-7	-297	20	-835
-5	-327	13	-433
13	-102	-13	150
-9	-4675	-3	778
-5	-3850	4	1080
-7	6438	-3	935
-5	-487	-12	391
-5	1677	11	-321
5	348	16	-799
5	717	-9	-941
3	-299	4	-837
-23	-326	15	-433
-7	-114	-9	137
-5	-4675	-1	760
-7	-3787	-4	1063
2	6403	-7	917
3	-480	5	375
-13	1648	3	-309
-11	354	4	-780
-13	713	-3	-943
13	-305	-11	-813
-10	-327	7	-442
-10	-127	-17	160
-12	-4699	-9	759
5	-3837	16	1051
-5	6467	5	918
4	-474	-8	389
-3	1662	3	-324
-1	369	15	-779
-15	735	-11	-954
-1	-309	1	-816
-7	-329	7	-439
-1	-117	-15	139
-7	-4607	-11	757
-5	-3755	13	1082
1	6351	10	929
9	-465	1	385
7	1649	5	-335
-11	355	-5	-790
-3	709	-7	-943
3	-305	10	-809
3	-316	5	-417
6	-133	-1	145
-5	-4729	0	744
-1	-3899	9	1041
-8	6504	-7	908
-5	-499	9	374
0	1681	5	-311
-9	338	5	-769
3	723	-9	-941
1	-303	21	-837
-9	-312	-2	-445
7	-103	-1	135
-5	-4579	-3	766
-5	-3703	19	1085
-8	6267	3	939
-3	-492	-7	375
-16	1632	1	-327
1	335	11	-793
-5	701	-10	-939
-3	-297	1	-805
-6	-307	9	-426
3	-131	-7	146
-13	-4641	-19	731
-9	-3739	-5	1033
0	6344	5	892
-13	-483	-9	377
-3	1634	19	-303
-9	345	-1	-751
-1	717	-15	-922
-7	-312	-9	-815
4	-317	9	-435
-3	-125	7	135
3	-4623	-5	753
3	-3765	3	1057
-1	6347	1	909
1	-469	1	371
-16	1663	9	-325
-10	323	1	-771
-3	707	-7	-933
-10	-318	14	-803
-2	-322	5	-425
4	-115	-6	145
-9	-4593	-8	741
-5	-3771	-9	1045
-9	6319	3	917
-5	-491	-1	371
-3	1631	9	-317
5	331	1	-765
-10	707	-21	-925
1	-305	1	-817
-3	-318	9	-411
7	-131	-13	145
-10	-4635	-5	741
-3	-3763	3	1047
-3	6371	3	903
-11	-487	-5	371
-10	1653	15	-307
13	336	9	-774
-7	705	-3	-923
1	-303	1	-807
-12	-307	9	-423
-5	-122	-9	143
4	-4639	3	747
-7	-3747	-1	1057
2	6361	1	924
10	-479	-1	369
-1	1655	13	-299
-1	343	-3	-777
0	727	9	-924
-3	-303	1	-812
-11	-305	19	-431
5	-117	-15	151
-5	-4635	1	765
-9	-3776	-1	1052
-1	6369	3	911
-3	-475	-13	375
-11	1665	7	-297
1	333	1	-775
-13	717	-9	-921
1	-307	-7	-809
0	-320	21	-427
10	-135	-5	141
-5	-4607	-3	752
-1	-3760	5	1053
-3	6311	5	925
1	-511	-9	367
-4	1639	5	-305
1	333	-9	-775
-9	701	-3	-933
3	-323	11	-798
-9	-325	2	-405
3	-129	-7	145
-4	-4625	3	754
-7	-3704	-1	1037
-5	6331	7	911
-1	-498	-11	375
-5	1651	9	-299
-3	348	-3	-766
-15	713	-7	-925
-9	-300	3	-811
-12	-302	5	-415
-5	-137	-11	141
-4	-4669	1	743
-7	-3732	-5	1053
-1	6382	5	908
-1	-474	-4	369
-1	1657	15	-310
-11	346	11	-767
-1	718	-7	-931
11	-315	-11	-811
-2	-321	11	-431
-5	-121	-13	155
-3	-4584	-3	757
11	-3699	13	1062
1	6289	-1	903
-5	-487	-3	374
-4	1647	7	-305
-3	347	-9	-773
-7	709	3	-923
-3	-305	-9	-795
3	-315	3	-419
-1	-127	5	151
1	-4695	-8	735
-9	-3805	-3	1037
4	6432	3	898
-12	-511	-15	366
-7	1661	5	-299
-5	330	7	-765
-13	721	-13	-929
-5	-323	-13	-802
-9	-319	5	-433
3	-114	-7	143
-22	-4625	-5	762
1	-3709	1	1069
3	6347	-3	919
3	-505	7	387
-9	1654	9	-321
6	336	-6	-787
5	721	-5	-937
-9	-302	6	-797
-9	-304	9	-428
9	-119	-1	159
-7	-4607	5	745
-14	-3688	-9	1051
-16	6314	1	902
-7	-487	-4	389
3	1657	5	-304
-7	341	-1	-767
2	731	-1	-922
-9	-315	9	-815
-2	-307	11	-423
-5	-120	-7	153
-2	-4598	-7	739
-1	-3689	-5	1045
-13	6291	2	907
-3	-483	-7	365
-1	1647	5	-309
-1	336	-7	-771
-9	719	-9	-927
-16	-315	22	-801
-9	-309	15	-421
4	-138	-3	144
7	-4699	-2	749
1	-3801	9	1053
-7	6452	7	887
-1	-510	-6	368
4	1689	3	-311
7	338	-5	-777
-9	729	-15	-935
-1	-325	-6	-807
-13	-298	15	-419
-11	-115	-1	149
-7	-4647	3	762
-7	-3689	-4	1071
1	6349	-1	929
-5	-507	-7	375
-5	1671	9	-309
-1	343	11	-778
-7	715	-15	-925
-9	-307	-11	-817
-6	-312	3	-426
-5	-148	-9	152
0	-4737	-7	755
1	-3773	-1	1041
-9	6455	-3	914
6	-511	1	371
-5	1691	1	-301
-1	343	-9	-773
-14	731	-13	-926
-8	-318	11	-819
-5	-313	3	-437
-3	-145	-7	145
-5	-4733	-3	765
4	-3779	-5	1084
1	6458	15	933
5	-513	1	382
-8	1697	5	-325
1	341	4	-794
-9	733	-3	-947
-1	-331	3	-817
-15	-307	5	-417
3	-122	-1	151
-7	-4661	-7	767
-9	-3733	-5	1063
-10	6371	-3	927
-15	-528	-1	383
-10	1679	5	-315
5	335	10	-789
-15	725	-3	-937
-1	-305	4	-804
-1	-312	15	-417
-1	-129	-9	155
-8	-4645	7	753
-1	-3663	1	1053
-8	6339	-3	903
7	-500	1	381
-2	1664	7	-309
4	328	6	-768
-15	711	-13	-931
-5	-325	9	-799
4	-309	-5	-417
-9	-147	6	151
-10	-4681	1	759
-7	-3687	-3	1043
-14	6386	9	910
-5	-505	-5	377
-9	1679	1	-307
-1	339	-1	-765
-15	726	-25	-913
-7	-330	-1	-804
-5	-307	11	-417
-3	-139	1	153
-10	-4654	-1	773
-1	-3691	-5	1057
-7	6353	-5	915
-5	-500	-1	383
-10	1669	9	-291
-1	320	1	-778
-5	719	-7	-937
7	-328	3	-811
7	-295	17	-419
10	-125	-1	152
-1	-4633	-3	749
3	-3698	-9	1051
-3	6323	-1	906
-1	-523	4	384
-3	1667	9	-307
-1	320	-5	-771
-2	723	-7	-923
6	-312	-3	-801
-17	-320	16	-419
-9	-127	-9	145
1	-4627	3	746
-13	-3651	1	1051
-11	6325	-1	909
-3	-513	-3	379
-5	1652	7	-307
-1	321	5	-783
-5	707	-11	-925
-13	-317	7	-799
-8	-314	15	-409
-3	-131	-1	146
-2	-4671	5	743
-11	-3675	-5	1039
-3	6351	9	908
1	-510	-4	373
1	1675	9	-309
-1	338	-3	-781
-11	728	5	-921
-5	-323	7	-804
-9	-305	9	-413
3	-131	-3	137
-2	-4621	-9	751
4	-3657	-3	1063
-9	6309	7	911
-9	-503	1	381
-11	1651	17	-315
-7	331	-1	-772
-5	713	-9	-931
10	-323	7	-803
-16	-315	13	-417
4	-141	8	148
-9	-4647	-1	743
-11	-3719	9	1048
-1	6337	1	902
-11	-518	-9	363
-3	1659	13	-303
1	333	3	-769
-11	713	-7	-923
6	-317	-1	-815
-7	-320	7	-433
-9	-121	-15	153
-16	-4559	-7	751
-10	-3603	1	1043
-1	6207	13	909
-3	-523	-13	373
-9	1637	11	-313
-3	333	5	-779
-17	707	-11	-917
-1	-312	3	-805
-8	-314	13	-403
-12	-148	-12	137
-9	-4603	-5	735
-10	-3629	3	1023
-1	6285	1	890
-1	-507	-11	371
-13	1644	11	-294
-1	335	-9	-757
-1	724	-3	-910
-11	-321	1	-802
-8	-311	11	-421
1	-120	-17	149
-2	-4578	-7	745
6	-3611	15	1043
-7	6245	1	899
-3	-495	3	363
-5	1647	11	-293
-13	321	5	-761
-11	709	-15	-917
-1	-318	-9	-787
-5	-307	11	-415
4	-143	-4	136
-11	-4623	-7	740
-5	-3683	1	1035
-1	6311	3	900
-1	-525	-4	363
-3	1659	11	-297
-5	313	3	-755
-10	717	-5	-919
4	-313	-9	-809
-9	-307	3	-413
-1	-119	3	133
-11	-4573	-3	751
-11	-3598	3	1048
-5	6233	-9	909
-7	-513	3	373
-2	1634	5	-305
-9	345	-11	-766
-11	709	-19	-919
5	-309	-5	-797
-12	-299	5	-418
-13	-153	1	135
-10	-4651	-1	739
1	-3665	-5	1039
3	6357	5	886
8	-503	1	373
-5	1662	13	-302
3	333	1	-757
-8	724	-5	-929
-3	-318	3	-804
-6	-301	11	-431
-11	-148	-13	141
-9	-4670	5	747
-1	-3691	-5	1059
-3	6359	-3	909
9	-503	-1	385
-7	1677	9	-307
-5	325	4	-771
-12	717	-9	-923
-3	-323	-5	-809
-2	-307	1	-423
-3	-135	-22	146
-5	-4639	-2	751
-1	-3713	-3	1058
-11	6347	-1	905
-3	-505	-1	382
-2	1659	3	-317
1	329	14	-779
-13	717	-13	-935
1	-325	6	-805
-11	-301	13	-425
-3	-120	-3	147
-6	-4687	9	740
-1	-3697	9	1051
14	6405	3	901
1	-513	7	373
0	1681	15	-307
17	328	20	-775
7	729	8	-929
-3	-323	25	-807
-7	-285	17	-415
1	-145	1	139
-5	-4705	-1	749
-7	-3705	-1	1057
-2	6411	5	916
-5	-497	6	375
-9	1673	9	-307
-17	337	-5	-789
-15	727	-25	-941
-10	-337	-15	-812
-11	-309	1	-415
3	-143	-21	155
-17	-4745	-15	755
-1	-3776	-5	1056
-11	6482	-18	917
-7	-505	-3	369
-11	1701	-5	-327
3	323	-21	-787
-2	743	-7	-937
3	-319	-5	-811
3	-287	11	-429
11	-131	-5	160
3	-4701	0	760
1	-3763	17	1071
5	6436	15	934
9	-515	7	371
7	1703	17	-321
20	333	16	-795
15	734	13	-947
19	-307	13	-816
3	-291	27	-429
-1	-127	-1	151
-6	-4703	7	760
-5	-3693	1	1057
6	6411	5	919
3	-527	1	365
-9	1681	7	-309
-3	327	-9	-781
-13	723	-7	-945
-7	-333	-11	-825
-11	-310	-1	-416
-21	-127	-19	145
-15	-4679	-15	763
-10	-3713	-1	1057
-5	6384	-11	914
-11	-511	-8	365
-15	1659	2	-311
-9	329	-12	-795
-18	733	-9	-946
5	-330	-1	-808
-1	-307	11	-415
5	-127	-11	161
7	-4560	7	759
8	-3627	17	1049
3	6255	8	919
21	-487	4	369
16	1643	27	-305
23	330	1	-780
1	721	17	-921
3	-315	16	-801
0	-311	17	-419
8	-113	15	147
-7	-4598	5	740
-1	-3673	-3	1032
0	6267	-5	899
-9	-508	-13	362
-14	1643	-5	-303
-12	320	-9	-757
-11	695	-17	-917
-19	-323	-19	-807
-5	-319	-9	-419
-13	-127	-14	139
-14	-4589	-1	748
-8	-3633	-14	1046
-5	6263	-7	895
-1	-507	-5	369
3	1645	15	-299
3	348	23	-763
1	705	-10	-903
7	-299	17	-797
7	-291	13	-409
10	-155	17	145
10	-4725	9	745
5	-3769	24	1033
17	6461	9	884
13	-500	20	379
9	1685	18	-300
-3	337	-4	-755
-7	724	1	-934
1	-343	4	-815
-19	-297	7	-435
-5	-148	-9	133
-11	-4719	-5	749
-11	-3758	-4	1078
-11	6447	-11	921
1	-508	-11	376
-10	1685	-1	-321
-3	315	-13	-786
-11	721	-11	-947
3	-320	-9	-811
5	-311	7	-439
11	-138	-5	139
-1	-4789	3	757
-3	-3825	9	1066
-10	6528	5	915
1	-513	9	380
-1	1717	17	-311
10	333	14	-777
5	740	11	-947
6	-349	17	-808
1	-311	13	-437
1	-127	9	139
4	-4720	3	762
-9	-3727	13	1085
7	6439	1	927
-3	-519	7	393
2	1678	15	-319
6	343	-9	-794
-5	727	-8	-941
-7	-311	15	-829
-12	-305	-3	-415
-8	-150	-3	156
-11	-4787	-7	753
-5	-3801	7	1057
1	6529	-9	914
1	-527	1	381
-11	1713	-11	-311
1	339	-5	-787
5	747	-7	-938
-7	-348	-11	-830
-2	-301	-5	-425
3	-135	-7	155
5	-4791	9	779
-3	-3813	17	1076
5	6549	-1	933
-1	-507	7	386
-3	1721	15	-321
5	329	11	-800
-13	743	-7	-959
1	-348	16	-835
-3	-311	9	-437
6	-150	-15	148
-5	-4860	-3	775
-15	-3891	5	1080
3	6649	3	941
-5	-541	1	379
0	1735	7	-329
7	325	-5	-799
-16	758	-9	-963
4	-330	-1	-833
9	-304	9	-443
7	-148	-7	137
-3	-4868	7	800
1	-3835	24	1099
6	6633	-13	965
-1	-544	-5	383
2	1745	17	-331
11	333	8	-810
-5	757	-1	-957
5	-323	5	-847
-8	-309	19	-433
3	-132	-15	151
-8	-4787	5	789
1	-3757	-5	1089
-3	6517	3	954
1	-536	-9	383
-9	1703	17	-311
-3	348	-12	-805
-16	747	-11	-957
-11	-336	-13	-832
-8	-315	11	-435
-3	-149	-5	153
-15	-4779	-3	773
3	-3793	-13	1078
-7	6505	-3	933
-5	-508	-4	387
-2	1723	15	-305
-3	339	-6	-797
1	743	-1	-951
12	-328	-1	-833
-5	-299	7	-433
-5	-125	-7	149
-5	-4782	5	786
17	-3827	1	1078
-3	6516	-5	933
3	-533	-1	379
-4	1709	17	-313
-3	328	-3	-805
-2	725	-5	-951
-7	-343	1	-823
-11	-309	7	-433
3	-148	-1	141
-1	-4829	-7	769
-1	-3830	-13	1073
-9	6603	-1	929
-9	-526	-1	375
-17	1722	13	-325
10	328	-1	-801
-13	742	1	-937
-3	-317	-11	-839
-11	-304	7	-425
-5	-140	-9	154
-7	-4883	-3	787
-1	-3863	-3	1093
5	6645	5	952
6	-521	-9	387
11	1743	7	-319
-7	345	-7	-805
4	753	-5	-962
-9	-315	1	-834
10	-295	21	-445
3	-137	-1	155
3	-4911	-3	783
10	-3896	11	1107
-5	6708	-5	949
1	-518	7	377
-6	1757	17	-331
3	345	7	-811
0	751	-13	-967
-10	-327	3	-835
-3	-313	7	-437
-3	-156	4	158
7	-4969	-15	796
-9	-3963	-1	1125
-16	6785	-1	952
3	-534	6	383
-4	1779	5	-335
-14	343	-11	-831
1	767	-13	-985
13	-339	6	-855
-3	-313	1	-443
-1	-133	-3	177
-13	-4961	-5	799
1	-3911	7	1125
-6	6785	15	967
-1	-535	-1	389
-10	1763	3	-341
11	343	11	-831
-7	758	-13	-1001
5	-335	-1	-853
-14	-310	1	-442
-3	-161	1	166
-15	-5111	-3	797
-1	-4002	7	1117
-5	6951	7	962
-13	-559	-7	381
-11	1797	13	-339
1	343	-17	-823
-7	785	-3	-998
7	-351	-6	-871
3	-311	3	-453
-10	-158	-7	165
2	-5100	1	825
1	-4028	-1	1163
1	6945	-5	995
-7	-535	-14	408
7	1826	5	-345
3	345	6	-851
-9	793	-3	-1019
7	-338	3	-881
7	-301	9	-445
4	-143	-6	173
-1	-5085	-2	813
-3	-4038	7	1149
3	6928	1	991
-5	-555	-9	397
-7	1823	11	-343
3	325	1	-851
-2	775	-5	-1021
8	-336	1	-879
-1	-308	11	-453
1	-147	-5	179
-8	-5057	-9	833
-10	-3953	6	1145
-8	6879	-1	977
-5	-551	-5	403
0	1815	-5	-353
-3	353	13	-851
-15	769	-7	-1009
3	-347	-13	-868
-1	-314	7	-446
-5	-163	5	163
-4	-5117	3	829
-7	-4011	14	1135
5	6955	11	971
-5	-541	6	389
-13	1814	10	-337
-7	348	-11	-857
-9	789	-5	-1009
-8	-353	-9	-877
4	-309	7	-459
3	-133	3	181
-3	-4988	-9	833
-9	-3920	-6	1156
3	6767	-1	991
-3	-543	6	392
-11	1794	11	-351
5	347	1	-855
-8	771	-3	-1005
-3	-351	7	-865
-17	-309	9	-441
1	-137	-4	182
-11	-5009	-11	814
-3	-3977	-6	1119
-10	6834	5	968
-3	-539	9	390
0	1791	7	-329
-5	349	-7	-835
-7	780	-11	-997
-1	-330	1	-877
-1	-335	13	-459
11	-127	-21	165
-7	-5013	1	809
-5	-3931	7	1135
-3	6823	3	973
-5	-539	-9	405
-7	1779	-3	-341
1	361	11	-841
-5	760	13	-999
-1	-331	6	-859
1	-325	9	-445
3	-147	-17	169
-12	-5009	1	803
-3	-3912	12	1129
7	6796	1	977
-7	-523	-13	395
-11	1777	7	-326
-11	359	5	-833
-17	763	-17	-986
-9	-328	1	-853
-5	-323	9	-451
3	-145	10	167
-9	-4975	-7	811
-5	-3939	-5	1138
1	6773	3	969
-5	-521	9	399
-7	1784	9	-327
9	354	-6	-825
-9	773	-23	-987
-10	-323	3	-859
2	-316	9	-451
-5	-156	6	150
-9	-5011	5	797
-3	-4017	9	1131
-14	6855	-1	978
-10	-547	-1	397
-5	1809	-3	-335
-7	339	-9	-825
-14	765	-19	-1005
1	-341	19	-861
-7	-325	3	-461
-9	-153	9	169
2	-5069	-5	822
-11	-3999	1	1139
0	6937	7	973
-1	-541	5	397
-5	1823	7	-349
6	347	15	-845
-17	773	-3	-999
1	-325	11	-878
-10	-314	5	-457
-1	-143	-17	167
4	-5019	-3	813
5	-3979	-1	1143
-5	6839	1	989
6	-549	-1	403
-7	1797	-7	-345
-13	361	-6	-835
-11	761	-9	-995
-14	-337	-6	-855
-10	-329	9	-435
-7	-153	3	161
-13	-5067	-3	815
-5	-4020	-1	1140
-7	6898	-10	975
-3	-529	-1	406
-5	1816	15	-333
-1	343	6	-837
-5	779	-11	-1005
5	-338	10	-875
-11	-315	11	-453
4	-147	-5	153
-5	-5035	3	839
1	-4035	5	1151
10	6914	3	990
3	-554	9	405
4	1833	19	-343
3	357	-5	-839
-2	794	5	-995
6	-339	23	-873
-11	-311	29	-451
-1	-129	-7	161
-5	-4983	-9	817
-5	-3925	14	1143
-15	6803	-9	983
-12	-553	1	389
-21	1783	-3	-335
-17	359	-5	-839
-17	769	-21	-999
-3	-329	-22	-865
-13	-321	5	-436
-13	-157	-21	161
-18	-4967	-15	799
-9	-3923	5	1121
-7	6788	-9	960
-1	-543	1	403
-5	1777	7	-329
-1	363	1	-827
0	777	-3	-994
3	-341	19	-857
-2	-315	7	-453
15	-143	7	159
-9	-4907	13	805
23	-3897	13	1126
-1	6705	2	971
13	-508	13	403
4	1763	23	-333
5	339	9	-833
5	765	5	-983
5	-325	18	-857
13	-315	15	-443
6	-161	13	168
-9	-4949	-3	794
-11	-3966	-7	1107
-10	6751	-1	955
-11	-545	-9	391
-20	1761	-5	-333
1	336	-13	-817
-21	746	-23	-975
-11	-343	-6	-851
-13	-330	-7	-445
-1	-127	-24	155
-10	-4914	-17	801
-1	-3891	1	1125
-13	6691	-1	975
-3	-525	3	403
7	1751	7	-337
8	355	3	-825
1	742	-17	-995
5	-319	6	-853
3	-304	15	-443
3	-140	3	160
3	-4955	7	781
11	-3919	5	1105
5	6754	5	964
-1	-509	5	389
-9	1763	18	-326
-11	359	11	-805
-8	761	-1	-990
-8	-341	9	-863
-7	-325	9	-455
-10	-125	12	161
-9	-4835	-9	795
-9	-3871	7	1117
-13	6597	1	965
-23	-521	-6	394
-14	1723	-5	-331
-14	349	1	-835
-14	745	-19	-987
-9	-318	10	-839
-17	-317	7	-431
4	-135	-8	165
-13	-4909	-5	780
1	-3951	17	1085
-4	6723	-1	937
3	-518	1	388
-1	1755	5	-317
5	341	14	-815
1	758	-3	-981
-3	-323	13	-853
-1	-313	11	-455
3	-122	-3	161
1	-4872	-11	797
-7	-3883	22	1119
-1	6671	9	953
-3	-516	-13	397
9	1734	9	-343
-5	353	1	-816
-5	738	-17	-977
-17	-325	-9	-855
-23	-319	1	-435
-14	-140	-14	155
-10	-4885	-11	785
-19	-3909	-15	1099
-5	6688	-13	944
-3	-513	-6	377
-11	1745	-11	-329
-5	359	1	-809
-14	753	-9	-984
9	-321	-1	-855
-13	-311	9	-439
-5	-120	1	155
-3	-4911	-3	791
4	-3953	19	1102
7	6715	-2	945
-5	-495	17	385
6	1769	13	-327
-7	348	1	-818
-5	751	-9	-977
5	-318	24	-843
-7	-328	13	-447
-3	-143	4	145
-3	-4881	3	798
-7	-3976	-1	1102
-9	6691	7	954
-15	-523	-11	390
-10	1743	9	-329
9	343	-3	-823
-17	745	-11	-985
-1	-310	8	-853
-9	-319	19	-425
-5	-125	-11	163
-20	-4871	-5	794
-1	-3907	1	1109
6	6669	-7	955
5	-505	-7	385
-7	1739	11	-335
6	351	-11	-810
-3	751	-1	-967
-5	-315	15	-845
-16	-314	17	-439
-1	-141	-1	154
-1	-4783	1	789
-7	-3839	-5	1097
1	6547	7	954
-5	-521	-1	381
-1	1703	23	-311
1	365	-3	-815
3	731	-7	-959
-3	-315	9	-832
2	-325	3	-431
1	-137	-7	145
3	-4843	3	785
-7	-3914	1	1071
-9	6645	11	939
-1	-501	1	375
2	1733	23	-319
3	365	-11	-811
-15	745	-15	-961
-5	-325	-1	-857
-2	-330	5	-443
11	-123	-11	144
-15	-4855	-9	777
-13	-3968	1	1105
-5	6659	-5	964
3	-523	-17	385
-7	1725	1	-327
-3	348	7	-815
-1	735	-15	-975
6	-329	7	-837
-7	-328	7	-453
11	-139	-7	141
-2	-4880	-5	781
-1	-3943	-6	1099
-7	6669	-5	947
-1	-503	-9	389
-16	1726	5	-333
-3	364	6	-819
-11	741	-19	-975
-9	-305	9	-843
-8	-315	7	-447
1	-114	-1	151
-7	-4851	-5	781
-3	-3909	5	1095
-7	6660	-3	960
13	-480	13	387
-7	1719	1	-329
5	369	9	-811
-4	743	1	-970
3	-305	6	-838
3	-329	9	-447
3	-117	-7	143
-5	-4871	-7	791
-3	-3958	-6	1109
7	6680	2	945
5	-477	-4	390
-11	1731	7	-335
-11	355	6	-806
-11	751	-15	-985
-10	-323	3	-843
-7	-320	-3	-457
-7	-138	-11	158
1	-4969	-11	787
-9	-4097	6	1110
-7	6832	-3	955
-13	-509	-6	397
-9	1773	-3	-335
-11	364	-1	-831
-5	755	-17	-993
-3	-318	11	-855
-3	-327	9	-461
-7	-115	-14	155
-7	-4869	1	799
-13	-3941	-6	1141
1	6693	7	977
7	-498	-7	397
-5	1737	5	-355
-1	354	-1	-833
1	746	-15	-989
5	-295	-1	-851
-11	-323	7	-435
-3	-132	-11	159
-7	-4917	-11	779
3	-3977	18	1107
-9	6743	-9	948
-7	-491	-7	379
-7	1733	18	-335
5	357	-1	-827
-11	753	-13	-986
1	-321	5	-843
-8	-323	3	-457
-5	-127	-1	149
-9	-4837	-7	803
-5	-3943	7	1125
-7	6646	-10	961
-5	-487	1	394
-5	1723	7	-345
-5	341	-1	-822
2	745	-5	-983
5	-302	1	-845
-9	-328	13	-453
6	-140	-9	164
-9	-4852	-3	784
-5	-3981	-7	1098
-15	6659	-1	951
-5	-498	-9	387
-13	1729	9	-323
1	356	7	-821
-12	746	-5	-973
4	-313	1	-851
-5	-328	15	-445
3	-121	-7	155
-3	-4786	-5	796
-10	-3893	-1	1105
-2	6563	1	957
-5	-501	10	391
-9	1693	5	-321
10	354	1	-817
-9	735	3	-961
-3	-293	-1	-839
-8	-315	19	-418
-9	-132	6	159
-7	-4801	-11	769
-5	-3945	5	1089
3	6610	-3	934
4	-485	-15	375
-3	1697	-2	-311
-3	351	1	-799
-11	727	-7	-956
1	-310	-5	-851
-19	-315	-1	-441
-7	-121	-27	147
-19	-4791	-5	791
4	-3939	-1	1093
-11	6577	-9	949
-5	-464	1	372
-8	1705	13	-319
-5	348	5	-811
-4	743	1	-963
3	-293	5	-843
-16	-319	15	-433
8	-117	-1	149
1	-4731	-3	786
-5	-3911	7	1093
2	6510	15	939
-5	-477	-6	388
2	1691	13	-325
-7	345	10	-795
-7	729	-1	-951
3	-284	13	-837
-5	-332	2	-429
-5	-109	9	149
0	-4760	-5	767
-11	-3903	14	1083
-15	6531	-1	929
-5	-471	-5	373
3	1673	5	-321
1	359	1	-800
-7	737	-19	-961
3	-287	-1	-831
-3	-319	11	-440
-9	-125	-15	137
-5	-4739	-1	777
-7	-3899	3	1083
-9	6505	-3	928
-9	-461	11	385
-3	1673	3	-324
-5	356	3	-797
-12	727	-1	-948
-3	-295	-1	-829
-8	-331	9	-419
7	-119	-5	151
-13	-4765	1	771
6	-3966	-3	1073
-1	6581	-9	937
-3	-445	-9	382
-9	1703	11	-321
-1	348	-1	-793
-2	717	-9	-949
-1	-300	-5	-847
-14	-322	13	-443
4	-114	-4	145
-7	-4679	8	775
1	-3885	-1	1086
-12	6439	-1	927
5	-465	-1	391
-6	1661	7	-331
1	341	-1	-809
-11	721	-7	-957
-9	-299	6	-810
-9	-328	-3	-419
-13	-105	-19	155
3	-4673	-3	754
-5	-3841	9	1067
-1	6437	1	913
-3	-472	-3	391
5	1642	7	-315
6	366	-3	-792
-11	717	5	-943
-9	-287	-1	-829
-2	-319	15	-442
3	-113	3	147
-15	-4717	1	753
-1	-3891	7	1077
0	6509	-3	914
6	-446	-1	375
-1	1660	-2	-319
3	356	9	-787
-1	721	-5	-936
-11	-309	-12	-825
-14	-333	7	-443
-1	-102	-7	151
7	-4622	-11	763
1	-3825	6	1084
-11	6366	-11	939
-9	-441	-11	382
-11	1655	15	-325
-5	347	-6	-797
-11	711	-9	-947
-17	-284	7	-807
-3	-315	-3	-421
6	-91	-17	156
-3	-4713	-10	741
1	-3925	-11	1049
-8	6488	1	911
-8	-467	1	379
-10	1655	7	-313
1	341	-5	-777
-21	729	-1	-939
11	-291	-23	-825
-7	-321	10	-431
-5	-111	-4	147
-3	-4707	5	765
-7	-3887	7	1073
1	6519	1	931
-3	-464	-15	387
7	1669	17	-331
-3	366	8	-797
-1	725	-8	-947
-1	-277	15	-823
-6	-321	9	-426
-5	-114	-1	143
-3	-4761	1	761
-1	-3963	3	1075
1	6569	-1	926
-7	-464	1	377
5	1677	11	-314
-5	369	11	-797
-18	731	-11	-952
3	-293	1	-838
-4	-329	3	-435
7	-107	-9	141
-13	-4757	-9	771
-1	-3951	-8	1090
-19	6543	5	945
-5	-446	-6	395
-2	1689	11	-323
-9	346	-6	-795
-7	709	-17	-949
-14	-295	-3	-829
-7	-335	1	-435
-1	-105	-13	152
-3	-4822	-3	786
5	-4041	1	1086
-4	6675	1	950
-1	-472	-1	393
6	1711	7	-333
-1	359	-9	-803
-1	739	-7	-961
11	-302	-1	-841
1	-343	3	-453
7	-103	7	143
-1	-4715	5	787
9	-3907	9	1115
8	6525	-1	971
7	-459	5	377
-3	1668	11	-323
3	351	13	-808
-1	717	-13	-963
-3	-297	-5	-829
-10	-323	-1	-440
1	-122	-19	147
12	-4791	-1	765
-10	-3989	10	1065
-10	6621	1	928
-3	-477	-13	381
-19	1691	0	-315
1	369	-1	-803
-14	737	-17	-956
-5	-294	3	-843
-9	-333	-1	-441
-5	-109	1	157
-9	-4819	-3	785
11	-3987	-5	1108
1	6648	5	939
-9	-449	-1	381
-10	1715	13	-341
-11	367	9	-811
-2	735	-11	-971
14	-305	10	-823
-5	-307	15	-439
11	-113	-4	163
-3	-4754	3	787
7	-3981	25	1111
-5	6568	19	947
-5	-465	4	387
-5	1703	5	-325
1	369	3	-823
-7	721	5	-967
4	-301	19	-835
-13	-339	15	-433
5	-91	-17	149
-11	-4722	-1	774
-23	-3899	-7	1085
-16	6493	-5	935
-18	-472	1	385
-15	1666	11	-333
-5	364	-1	-802
-11	717	-11	-955
-1	-292	-3	-825
-8	-329	9	-441
-11	-91	-9	150
-10	-4653	-11	765
-9	-3842	5	1067
10	6431	3	932
-3	-443	-5	389
1	1651	15	-323
-3	369	13	-793
-6	715	1	-942
-7	-279	5	-829
0	-339	11	-423
12	-109	-17	137
-7	-4634	1	761
6	-3832	15	1061
-3	6393	9	923
5	-443	-14	371
-10	1643	7	-297
-1	351	17	-781
-12	723	-5	-937
-12	-289	7	-825
-9	-337	1	-441
-9	-97	-21	141
-15	-4569	-5	757
-3	-3845	-13	1058
-4	6313	7	920
-3	-453	-19	379
-2	1619	1	-313
-5	369	5	-769
-3	705	-17	-933
4	-276	1	-817
-5	-325	9	-419
-1	-86	-13	135
-1	-4599	-1	751
-1	-3813	7	1051
-6	6349	5	909
3	-439	1	377
0	1626	19	-309
-1	369	15	-773
-1	707	-5	-915
-1	-271	5	-803
-5	-323	27	-420
9	-101	-14	131
5	-4625	3	749
1	-3849	7	1045
-12	6391	5	904
11	-449	-5	379
-17	1645	13	-303
-5	374	6	-781
-17	701	-7	-933
-19	-293	-9	-826
-15	-335	-3	-431
5	-94	-1	147
-17	-4565	-13	755
-1	-3811	5	1059
-17	6287	5	919
-11	-431	-11	382
-15	1627	15	-297
-7	348	-15	-774
-11	711	-11	-935
5	-275	-5	-793
-5	-325	-1	-417
11	-85	-9	150
-1	-4499	-11	741
1	-3786	-3	1040
-7	6249	7	895
-1	-441	1	370
8	1605	13	-289
9	382	16	-771
7	697	-3	-911
4	-281	7	-794
1	-323	11	-427
5	-86	1	139
-6	-4471	-3	732
5	-3704	9	1036
12	6173	7	889
-1	-435	-1	381
-9	1578	11	-307
6	359	-1	-754
-7	681	-7	-909
-3	-287	-1	-791
-11	-331	7	-409
-7	-113	-12	140
-6	-4543	-9	733
-13	-3761	-3	1017
-13	6254	-13	884
-13	-438	-15	371
-15	1591	-10	-286
-13	356	-14	-747
-11	688	-17	-901
-8	-284	-5	-797
-3	-321	5	-431
-3	-99	10	147
-2	-4425	-3	735
-3	-3697	3	1035
-7	6130	7	905
-9	-415	1	379
0	1581	15	-311
3	367	9	-746
3	679	1	-909
7	-271	16	-783
9	-324	13	-401
11	-91	19	138
-3	-4449	5	724
-7	-3747	3	1013
-3	6151	9	871
-3	-446	9	363
-9	1571	7	-293
-18	355	-1	-743
-17	685	-15	-905
-1	-275	-6	-784
-11	-331	-3	-419
-17	-76	-12	127
-11	-4363	-17	719
-12	-3621	-3	1026
-13	6007	-1	877
-13	-436	-9	369
-13	1548	-3	-307
-9	369	3	-748
-15	669	-15	-887
-3	-261	4	-777
-4	-317	5	-401
-1	-93	-7	140
3	-4395	1	705
7	-3671	7	993
0	6099	15	858
4	-423	3	363
3	1554	17	-284
11	361	9	-725
5	688	7	-886
5	-271	6	-780
1	-325	9	-415
5	-94	5	137
-9	-4395	-7	725
4	-3683	-1	1021
-13	6077	-3	871
-5	-423	1	355
-3	1556	13	-289
1	351	-13	-744
-10	677	-11	-889
-16	-292	12	-773
-7	-315	7	-409
-5	-83	4	133
-7	-4314	5	714
-13	-3659	-1	999
3	5985	-9	867
-11	-441	-24	361
-5	1531	-1	-295
-1	333	3	-741
-3	665	1	-877
11	-258	6	-762
-5	-315	16	-405
13	-79	-9	141
11	-4353	13	701
-7	-3633	-9	979
3	6043	11	869
10	-426	-13	363
-5	1546	15	-279
10	363	13	-727
-5	661	10	-869
-3	-271	3	-773
-9	-323	23	-407
-9	-87	-13	119
-7	-4347	5	717
-5	-3652	-5	1009
-21	6015	7	874
3	-425	-13	357
-15	1541	11	-284
-15	349	-12	-739
-12	676	-13	-882
-14	-291	-17	-768
-20	-309	5	-393
-13	-94	-19	129
-5	-4381	1	711
-5	-3663	6	989
-1	6047	-7	869
5	-427	-9	361
-12	1556	7	-279
1	341	5	-730
-5	675	-5	-883
9	-279	7	-781
5	-307	5	-405
10	-102	-17	140
3	-4351	5	720
3	-3683	6	994
-1	6039	1	875
-3	-428	6	364
-1	1545	17	-295
-3	354	-5	-745
5	667	11	-873
8	-261	5	-779
-1	-325	13	-407
-7	-101	-15	127
-1	-4384	-5	703
-9	-3673	3	991
-11	6063	5	875
-7	-445	-23	359
-3	1542	3	-295
-1	348	4	-731
-3	661	-3	-879
-1	-271	1	-763
-6	-310	-5	-407
-1	-94	-14	142
-12	-4423	-5	711
-1	-3680	7	1005
-10	6112	-11	862
8	-413	-17	361
-1	1550	10	-289
-3	347	6	-743
-12	675	-11	-887
1	-281	-6	-773
4	-321	11	-417
-5	-79	7	141
5	-4411	-9	723
-9	-3696	11	995
-1	6096	1	873
-5	-413	9	363
-9	1567	1	-301
-7	348	-1	-736
-3	683	-11	-893
-1	-289	3	-779
0	-315	5	-421
4	-77	4	141
-9	-4411	-7	714
-1	-3711	9	1011
-9	6123	-7	871
3	-423	9	360
-17	1573	-3	-295
-3	341	5	-727
-9	679	-11	-897
-9	-284	13	-765
-11	-310	-5	-409
-9	-99	1	145
2	-4385	-17	717
-3	-3645	-6	1026
-5	6063	-1	871
-5	-433	-5	363
-5	1552	7	-299
6	359	1	-737
-7	677	-16	-893
-5	-285	5	-763
1	-311	9	-407
-8	-95	5	147
-5	-4385	-1	705
-12	-3639	1	1007
5	6072	-5	866
4	-429	-9	361
-1	1552	13	-282
-3	357	19	-731
-6	675	-13	-883
-5	-294	9	-773
-5	-317	7	-419
5	-97	16	129
0	-4333	3	717
4	-3621	3	1013
1	5981	-7	873
-3	-429	5	359
-1	1544	5	-287
-1	346	11	-733
-10	667	-15	-873
-3	-282	1	-775
0	-320	11	-405
4	-83	-6	144
-1	-4349	-7	696
-1	-3671	9	998
-3	6031	-9	861
-5	-438	1	360
-5	1547	11	-287
-3	341	12	-731
-14	675	-9	-881
-1	-283	-1	-772
-23	-311	10	-403
-7	-94	-4	131
-3	-4320	-7	711
-10	-3597	4	998
-8	5987	1	867
-1	-435	-23	353
5	1539	11	-291
-3	345	-7	-731
-11	665	8	-865
-5	-269	-7	-759
-7	-299	21	-393
-7	-96	1	140
-5	-4361	3	705
3	-3603	-9	981
-5	6029	11	856
-9	-428	-3	350
-7	1543	3	-283
-1	351	9	-725
-6	675	-3	-872
1	-279	1	-774
-17	-313	11	-409
5	-87	-9	139
-5	-4297	1	713
-1	-3583	-1	993
-1	5948	-5	873
-13	-426	-5	363
-14	1542	9	-275
-3	347	-5	-736
-5	655	-1	-875
-3	-285	-1	-769
-21	-311	7	-401
1	-95	-5	134
-15	-4347	-7	704
-9	-3657	1	980
-8	6016	5	861
-17	-441	-17	355
-18	1541	5	-277
-9	361	3	-721
-9	667	-3	-873
4	-265	9	-769
-5	-332	19	-409
-1	-91	-17	115
2	-4403	13	707
-1	-3673	-1	995
0	6105	3	869
1	-431	-11	363
1	1560	1	-285
1	354	11	-753
-15	677	-5	-875
11	-273	1	-781
-9	-308	15	-397
3	-86	-9	128
-8	-4461	9	717
-3	-3696	7	1013
-13	6148	7	884
-1	-431	-5	359
-1	1574	16	-291
-11	354	6	-735
-1	680	-3	-888
1	-285	-5	-782
-5	-309	3	-425
3	-89	10	131
-9	-4528	-7	723
-11	-3781	-3	1017
-11	6277	11	889
1	-423	-6	379
0	1619	7	-285
-11	353	4	-754
-5	691	-3	-901
-14	-283	-5	-793
2	-316	13	-423
1	-87	-11	147
-7	-4598	1	735
-9	-3835	5	1054
-9	6337	-7	908
-5	-459	19	379
-8	1621	3	-299
-3	357	5	-759
-2	691	-19	-923
4	-284	15	-795
-9	-313	-3	-435
11	-103	9	141
-3	-4657	7	739
-7	-3889	6	1053
-7	6437	-11	909
-5	-465	14	387
-15	1640	7	-311
8	343	-1	-762
-5	699	-10	-931
1	-297	-12	-795
-14	-319	9	-443
-14	-113	1	147
0	-4761	-15	751
-9	-3932	7	1073
3	6571	7	924
-1	-451	1	377
-3	1671	13	-318
-5	371	3	-779
-7	725	-9	-947
-5	-312	15	-821
-4	-307	15	-433
5	-117	-1	151
-7	-4847	-3	769
4	-4033	1	1096
-7	6698	-3	947
-5	-453	-3	396
-2	1721	19	-321
-12	347	-1	-800
-8	735	-7	-971
-7	-312	10	-837
-1	-322	3	-453
4	-122	1	158
-1	-4855	-5	797
-13	-4051	5	1117
-14	6707	-11	961
1	-485	4	391
-10	1719	21	-339
-12	361	3	-819
-13	731	-11	-981
-9	-302	15	-839
-7	-341	18	-429
-3	-99	3	167
0	-4834	3	783
-3	-3986	5	1109
-13	6675	-9	961
-1	-490	5	397
7	1700	9	-331
8	374	22	-817
-11	735	-5	-965
-5	-312	-4	-839
-3	-331	9	-426
-7	-125	4	147
-4	-4881	1	795
-3	-4053	5	1101
0	6714	-3	950
-5	-471	13	383
-13	1715	11	-326
-9	365	7	-809
-3	751	-9	-970
-5	-305	5	-843
-10	-329	19	-451
-3	-107	-21	147
-14	-4839	-3	805
-1	-3999	1	1118
-9	6657	-3	977
-3	-475	-3	388
-1	1715	7	-317
-1	372	-1	-816
-10	731	-1	-965
3	-315	16	-855
7	-327	15	-423
-1	-107	-4	163
-9	-4845	-2	795
-3	-4055	12	1104
-6	6681	11	963
-7	-491	-9	393
-9	1713	7	-323
1	367	-9	-807
-5	730	-9	-963
-1	-305	-5	-859
-7	-333	21	-441
3	-93	-17	155
-2	-4867	-9	800
-1	-4035	-15	1117
-12	6717	-3	953
3	-477	-9	399
-3	1720	13	-329
-1	363	11	-817
-19	742	-8	-973
-3	-301	-4	-847
-13	-331	13	-439
-7	-112	-7	156
-15	-4939	-3	807
-1	-4071	7	1111
-7	6808	11	973
10	-474	-3	397
3	1741	11	-313
-3	383	-1	-835
-1	739	-7	-984
5	-321	5	-871
2	-339	11	-459
1	-107	-9	149
0	-4853	-5	805
6	-4009	3	1123
-5	6672	-11	987
-11	-464	-12	396
0	1729	7	-339
-3	377	-4	-826
-10	739	-3	-983
1	-293	16	-845
3	-352	5	-435
-1	-103	-17	169
-7	-4864	-11	799
-11	-4063	-1	1103
-4	6729	-9	946
-1	-463	-4	397
-5	1721	13	-325
-7	384	-11	-805
-7	732	-11	-985
6	-297	-1	-855
-13	-341	3	-449
3	-112	-9	161
-14	-4975	3	796
-5	-4105	4	1123
0	6857	-9	961
-7	-510	-1	393
-7	1755	-1	-335
8	372	-11	-816
-1	751	-7	-983
-11	-297	-9	-865
-8	-319	3	-451
-5	-115	-1	164
5	-4957	-5	807
-7	-4081	-9	1149
-1	6835	-11	985
1	-477	-9	407
-11	1753	-5	-327
-5	382	-4	-833
-17	737	-19	-996
-3	-303	1	-871
-5	-343	13	-453
-3	-114	5	171
-12	-5012	-7	799
-9	-4139	-6	1138
-5	6921	-1	987
3	-477	-12	400
-8	1781	9	-335
7	372	1	-832
8	759	-9	-1005
-3	-309	7	-869
-1	-341	11	-473
6	-115	8	163
-15	-5039	-8	810
-11	-4187	17	1151
-8	6929	-9	994
-9	-501	-17	417
4	1791	-3	-345
-3	365	5	-839
-9	758	-9	-1009
4	-315	4	-873
-9	-337	5	-457
5	-109	-3	161
-6	-5027	-21	806
-7	-4128	-3	1151
0	6923	-9	989
1	-503	-13	411
-10	1759	-3	-337
4	372	-8	-839
-15	755	-3	-1013
11	-312	24	-869
-7	-341	7	-458
-10	-109	-17	169
-5	-4851	-13	813
-12	-3987	-7	1155
-3	6668	-3	997
-3	-501	8	405
-5	1713	8	-333
1	389	-1	-831
-2	741	-13	-991
-7	-318	5	-847
-7	-343	3	-433
5	-119	3	169
-5	-4861	-5	793
3	-4003	-1	1100
1	6682	-1	955
3	-495	9	404
5	1725	9	-313
-1	354	3	-802
-15	741	-1	-975
-3	-321	-1	-863
-5	-346	21	-443
4	-103	4	152
-11	-4798	-3	792
-3	-3983	-3	1107
-11	6593	-1	963
-1	-498	-3	397
2	1705	9	-319
1	389	16	-819
-17	721	-3	-963
-5	-313	1	-849
1	-343	13	-423
1	-111	-17	159
-6	-4795	13	786
-5	-3941	-1	1099
-4	6607	3	947
-3	-462	-11	389
0	1704	9	-307
-3	372	13	-814
-5	723	-5	-961
-13	-295	-6	-847
7	-323	7	-452
-1	-125	-5	146
-7	-4847	-7	797
-1	-4005	-1	1093
0	6662	-5	948
3	-477	-3	383
-7	1719	7	-314
9	387	-9	-817
-5	743	-9	-960
-7	-300	-4	-849
3	-341	15	-441
3	-117	-21	141
-5	-4827	3	789
11	-3975	7	1108
-1	6640	15	977
-1	-459	-1	390
-6	1723	17	-323
-1	365	5	-804
-11	735	-3	-965
-14	-301	-7	-849
3	-323	21	-459
13	-125	-9	148
-5	-4897	-3	777
-5	-4079	-7	1098
-7	6759	15	954
1	-497	-9	391
-13	1743	5	-323
-3	359	-7	-819
-9	759	-3	-969
-11	-297	3	-849
-9	-326	2	-459
-1	-104	-12	137
-8	-4889	7	801
-8	-4029	12	1131
3	6751	1	961
1	-480	7	389
-9	1743	9	-337
6	354	-6	-825
-9	750	-11	-987
7	-294	7	-849
1	-337	9	-441
-9	-122	1	164
-2	-4973	1	793
-10	-4083	-3	1109
-13	6845	-3	960
-1	-499	-3	403
-7	1753	11	-327
-7	384	-3	-831
-11	741	-13	-985
-1	-320	-9	-863
-11	-329	17	-461
-1	-117	7	161
5	-4930	-5	807
-3	-4066	8	1144
-3	6805	5	985
3	-471	-4	398
3	1761	-1	-331
-1	387	12	-841
-1	751	1	-999
-10	-317	5	-853
-5	-328	11	-445
10	-117	-21	169
-3	-4985	8	807
-13	-4135	1	1131
1	6879	-1	965
-10	-505	9	405
-5	1775	-3	-335
-9	366	12	-839
-9	760	-25	-995
-9	-301	3	-869
-1	-341	-5	-457
-9	-132	-9	159
-14	-4951	-1	806
-3	-4063	5	1139
-12	6827	1	973
-3	-493	-5	407
-10	1759	15	-347
3	382	1	-837
-21	755	-13	-1003
-11	-315	-7	-863
2	-329	15	-443
-3	-122	5	161
1	-4865	-9	801
-12	-3959	-7	1135
3	6682	5	966
8	-495	-11	393
-11	1717	2	-342
-7	381	7	-839
-1	743	-5	-994
-8	-319	12	-851
3	-317	1	-447
3	-133	-5	165
2	-4893	-7	789
3	-4015	15	1107
-11	6732	1	937
-1	-485	-7	395
-15	1739	1	-321
-3	365	19	-823
0	755	-3	-987
3	-307	14	-859
5	-321	19	-453
4	-121	-21	169
-11	-4855	3	794
-15	-3995	1	1125
-8	6691	-1	963
-1	-507	-1	393
-15	1721	13	-337
1	359	20	-827
-16	737	-9	-977
6	-295	-1	-845
-5	-335	11	-441
7	-119	-1	159
-2	-4864	1	783
-5	-3974	7	1099
-13	6691	5	955
5	-487	-9	383
-5	1718	9	-323
10	359	-5	-819
-5	745	-8	-975
1	-302	9	-859
-15	-315	13	-450
7	-102	-5	154
-2	-4817	1	799
-3	-3917	5	1101
-1	6620	-5	966
11	-485	-6	387
-13	1707	5	-330
-3	382	-7	-827
-16	741	-9	-976
-5	-307	1	-845
-8	-315	9	-437
-7	-122	3	143
-1	-4853	-3	783
-1	-3966	-7	1086
-7	6685	-9	951
7	-487	-12	387
0	1727	5	-301
-3	343	-13	-823
-12	739	-5	-965
5	-305	-13	-849
-10	-330	7	-451
-3	-113	-19	135
-11	-4885	1	791
-7	-4025	1	1111
-7	6725	-7	954
-3	-518	-9	387
-6	1749	9	-335
1	348	-1	-829
-3	733	-3	-981
-1	-311	3	-855
-5	-326	15	-441
-5	-137	-7	149
-8	-4914	-7	797
1	-3999	1	1115
0	6747	-3	957
-1	-485	-13	387
-5	1743	11	-327
11	361	4	-825
-9	746	-5	-985
1	-295	1	-861
-9	-317	-1	-437
-5	-132	3	147
-17	-4923	1	783
-10	-4001	5	1119
-3	6771	-3	956
-5	-490	-13	395
-1	1729	1	-327
-11	383	6	-835
-21	747	-15	-980
-3	-300	11	-853
-12	-327	13	-453
-7	-140	-3	157
-1	-4939	-3	795
-5	-4053	9	1115
-1	6783	-7	969
7	-497	-9	384
-7	1759	13	-333
9	372	-5	-823
-5	763	-11	-995
1	-307	-9	-859
3	-331	13	-453
1	-127	-11	153
1	-5009	3	798
-5	-4131	1	1129
-3	6886	-5	976
3	-503	9	403
-2	1795	13	-345
-5	364	1	-843
-23	759	-9	-1013
-1	-310	-5	-863
-1	-331	-3	-465
1	-115	1	159
-6	-4963	-5	812
-9	-4033	1	1143
-13	6821	1	977
-1	-503	3	397
-17	1771	-1	-343
-1	373	4	-849
-15	751	-8	-991
-3	-301	-7	-855
0	-319	7	-447
11	-133	-13	154
-2	-4971	-9	793
-7	-4033	5	1137
-2	6829	-1	968
3	-495	8	399
3	1757	3	-328
-5	383	-4	-833
-14	763	-9	-991
-11	-315	6	-865
-7	-329	-1	-447
-9	-131	-9	167
-2	-4899	5	809
-13	-3983	11	1125
7	6740	-11	975
-3	-487	-13	394
-10	1757	5	-349
3	351	-7	-843
-10	751	-15	-999
-7	-323	-3	-851
2	-343	9	-449
-15	-140	-11	156
-3	-4855	-11	791
-11	-3976	9	1101
-14	6681	-5	959
-8	-515	-5	388
-12	1739	1	-333
-5	361	7	-817
-5	740	-11	-985
10	-307	7	-845
-5	-328	19	-439
-3	-119	-5	153
2	-4870	-9	785
-14	-3937	11	1103
-4	6667	-7	947
-3	-507	-13	385
-3	1727	5	-325
6	351	6	-817
-3	747	-3	-987
-5	-310	7	-855
-4	-319	13	-447
-9	-135	-7	151
-12	-4889	-11	791
-13	-3985	-7	1105
-9	6702	-7	950
-3	-495	3	389
-9	1739	7	-334
-11	356	1	-821
-20	741	-13	-981
-5	-315	1	-851
-14	-317	7	-451
-3	-147	-19	145
-9	-4975	-1	799
-19	-4045	-5	1108
-13	6829	-3	955
3	-492	-9	385
-1	1771	13	-325
-8	345	1	-828
-13	753	1	-985
5	-323	3	-857
0	-313	3	-451
10	-138	-19	156
-9	-4941	3	804
5	-4007	-1	1121
5	6769	7	972
-12	-511	-9	384
-11	1745	7	-345
-5	345	-9	-847
-9	747	-1	-999
-3	-315	-5	-869
-13	-329	3	-435
-11	-137	-3	165
-5	-5019	-5	795
-13	-4043	5	1121
-5	6875	-9	967
-5	-523	-3	393
-1	1785	7	-331
3	357	1	-835
-25	766	-3	-997
5	-323	-1	-869
-7	-333	3	-457
3	-150	-13	153
-10	-5021	-11	819
-5	-4059	-1	1133
-11	6853	-3	987
4	-521	-7	395
-5	1769	16	-341
-5	357	17	-847
-4	757	-19	-999
-7	-307	-1	-859
-17	-317	15	-445
-1	-148	-13	167
-11	-5039	-3	803
-11	-4075	3	1124
-1	6897	13	979
-13	-493	-4	397
-9	1802	13	-337
-5	357	-3	-843
-9	775	-17	-1011
-3	-328	-5	-867
-2	-321	13	-455
-1	-133	-11	169
-5	-4959	3	823
-3	-4041	-3	1159
-5	6809	-5	994
5	-523	-7	399
3	1773	1	-345
1	355	1	-851
-17	758	1	-1007
6	-321	-1	-869
-9	-324	8	-449
-9	-127	-4	171
-10	-5007	1	795
1	-4037	-5	1121
-8	6859	-1	967
-7	-521	-5	393
1	1771	13	-329
-3	351	-1	-831
-11	777	-19	-995
-5	-318	1	-855
-2	-327	7	-441
-10	-145	-9	171
-2	-5013	13	821
-17	-4035	-3	1139
-9	6845	-1	983
6	-499	-3	399
-3	1771	10	-337
-11	356	-1	-839
-7	771	-11	-993
-1	-329	9	-857
-4	-321	19	-447
7	-139	1	173
7	-4951	1	809
-1	-3989	3	1132
3	6785	7	979
-7	-493	-1	398
-3	1765	9	-339
3	356	-7	-829
-12	755	1	-999
-7	-323	12	-853
-3	-326	15	-453
-3	-143	-5	174
-1	-5015	-1	800
-11	-4093	-3	1125
-8	6871	5	969
1	-527	-4	397
0	1783	11	-333
-7	341	-5	-829
-13	770	5	-991
-5	-325	13	-871
-13	-321	5	-461
-5	-135	-1	161
-13	-4999	-3	805
-1	-4009	-4	1151
-5	6847	3	983
10	-526	-5	407
-7	1785	23	-341
4	351	-1	-839
-7	754	1	-1001
-7	-307	9	-859
-9	-313	23	-431
5	-151	-9	175
-4	-4987	-7	809
1	-3997	-1	1137
-1	6837	-5	970
-11	-505	-4	395
-13	1761	15	-335
3	353	3	-839
-1	767	3	-998
-3	-330	-1	-875
-2	-313	7	-449
1	-135	-5	163
-1	-5014	7	817
-5	-4031	1	1131
-13	6847	-3	983
7	-503	-1	397
-5	1792	3	-339
3	351	-6	-843
-4	777	-3	-987
1	-335	-1	-861
-11	-313	7	-449
3	-150	3	157
3	-5063	0	821
3	-4107	15	1129
0	6934	7	980
9	-518	-5	401
2	1807	7	-341
10	341	16	-849
-9	785	-15	-1011
11	-325	-9	-871
-11	-326	-3	-445
-5	-132	7	163
-6	-5009	-9	817
-12	-4001	-3	1151
-6	6861	1	989
-3	-521	-9	393
-10	1777	9	-345
3	341	6	-853
-7	758	-10	-1009
5	-320	5	-874
-3	-312	7	-441
-3	-159	1	162
1	-5105	1	827
3	-4065	-1	1131
-5	6957	-5	979
-1	-529	-1	397
-1	1801	7	-344
-11	351	5	-837
-9	783	-5	-1001
-9	-338	14	-885
4	-323	17	-463
3	-153	-9	165
3	-5165	-5	823
10	-4125	-4	1161
-9	7055	-11	1001
-1	-515	6	404
-1	1835	9	-353
-1	341	1	-855
6	791	-7	-1025
-7	-343	12	-889
-1	-321	11	-457
10	-138	3	188
-3	-5077	2	855
-3	-4107	6	1173
-9	6959	-5	999
-3	-544	11	405
4	1827	9	-357
1	343	7	-859
5	772	-3	-1025
-3	-323	19	-869
-5	-326	8	-437
-3	-149	9	163
2	-5075	-5	825
-9	-4043	7	1151
-4	6945	-3	979
10	-527	1	407
-1	1803	13	-343
4	354	19	-853
-11	777	-19	-1015
-9	-341	1	-871
4	-319	3	-453
-9	-149	-9	171
-2	-5009	-1	827
-1	-3984	12	1149
-3	6839	-5	983
-19	-518	-4	399
-7	1781	7	-350
-3	354	6	-849
-17	781	-11	-998
-9	-333	11	-865
-5	-313	19	-439
7	-153	-11	179
-2	-4935	-7	823
-7	-3935	6	1139
5	6765	-3	983
7	-515	5	394
-3	1775	15	-327
3	347	9	-838
-5	775	-9	-999
-1	-323	7	-859
-3	-323	13	-437
13	-114	-3	179
-1	-4747	7	819
-3	-3799	1	1119
-1	6471	3	961
-14	-525	-3	388
0	1699	17	-327
-12	341	-1	-815
-19	733	-17	-973
6	-307	-3	-829
-17	-310	5	-419
-7	-133	-9	161
-11	-4808	1	774
-9	-3827	-5	1059
-5	6567	1	919
-3	-515	1	377
-11	1706	7	-303
-7	328	-4	-784
-13	750	-1	-953
9	-325	23	-835
0	-304	19	-438
7	-148	1	151
2	-4893	17	781
12	-3911	7	1103
5	6682	13	942
13	-523	4	379
5	1735	11	-319
-7	345	7	-811
-1	751	1	-955
-8	-325	11	-851
-11	-301	11	-441
-3	-130	-1	149
-9	-4665	-5	783
-5	-3731	-3	1099
-5	6388	-5	953
-7	-493	-15	385
-6	1683	11	-331
-19	335	-11	-809
-9	725	-11	-965
-11	-305	1	-815
-12	-315	11	-411
-9	-37	-13	161
-9	-3743	0	768
-7	-2927	-9	1042
-10	5087	-1	915
-12	-451	1	374
4	1381	9	-291
5	337	10	-745
-13	615	-3	-857
4	-243	1	-701
-9	-314	7	-324
1	68	1	141
0	-1930	3	605
-18	-1273	1	802
-6	2493	9	711
-5	-341	-3	319
-2	765	1	-178
8	318	-3	-541
-9	383	-3	-606
7	-143	1	-442
-6	-280	3	-153
-8	99	-1	115
-14	-497	-7	315
-13	-13	-17	371
-3	470	-15	321
-5	-233	-1	200
-1	248	-5	-7
-5	263	-1	-199
-17	200	5	-285
3	-68	-1	-213
-2	-249	-1	-65
-11	69	-13	37
7	-46	-5	69
1	223	-15	53
-5	-75	2	65
-3	-120	3	91
-14	61	15	77
11	197	1	27
0	117	3	-67
-3	-24	7	-107
2	-201	-7	-94
-7	37	6	-35
1	-1	-3	-7
-7	109	-1	-20
-11	-67	-9	27
-1	-73	1	58
-5	57	-3	83
-7	153	10	63
-9	83	-3	-17
-19	-1	1	-83
-15	-177	-11	-103
-17	35	3	-69
-3	29	-3	-37
1	58	3	19
-8	-27	3	37
-7	-81	7	61
7	42	5	77
-7	143	7	43
-7	57	2	-3
-9	-11	15	-52
-3	-134	3	-103
-5	32	1	-85
-1	43	-5	-59
-3	32	5	9
-1	-1	1	51
-11	-95	15	65
-1	46	-1	57
-5	117	-7	42
-1	65	-7	9
-9	-51	-1	-31
-2	-133	-1	-79
-5	27	-7	-83
-5	45	-1	-63
-5	13	-1	-7
-9	2	2	51
-9	-112	-9	65
6	61	-5	73
-7	112	-5	35
-6	65	-9	-7
-3	-69	-9	-17
1	-107	-3	-49
-11	1	-6	-77
-9	46	-3	-51
-9	19	5	-17
-8	21	1	43
-1	-117	-6	80
-4	67	13	83
-5	125	5	51
-7	74	-1	-9
-3	-78	-4	-41
-5	-115	-5	-49
-7	1	-3	-68
-2	47	-5	-41
-5	30	-5	-23
0	5	1	31
-10	-130	10	73
-3	56	11	83
-3	125	-4	49
-13	71	2	-15
-11	-84	5	-47
-8	-99	7	-65
-7	1	-9	-57
-6	51	1	-39
-5	32	1	-3
-1	12	11	25
8	-123	-1	61
1	62	-3	83
3	123	6	53
-1	61	3	9
-5	-85	-6	-49
1	-105	7	-61
1	-7	1	-59
-9	49	9	-39
11	35	-5	-7
1	17	3	33
7	-127	5	55
-13	51	-1	75
-12	125	1	47
-4	77	5	-1
-5	-89	-1	-33
-1	-95	-3	-61
-3	-1	-5	-77
-9	60	10	-17
-1	31	-9	-3
-7	9	-1	31
1	-117	4	60
-5	57	-1	77
-3	114	-1	37
-5	72	11	-7
1	-89	-1	-39
-11	-103	16	-49
5	-1	-1	-58
-9	57	7	-35
1	24	-14	-3
-4	19	1	45
3	-129	-11	69
-13	44	-7	69
1	129	8	27
7	71	1	3
-11	-81	-13	-25
-8	-95	1	-39
3	5	-1	-53
-4	51	9	-33
-3	32	-3	5
-5	1	3	31
3	-111	1	65
-1	57	5	73
-11	130	-1	33
-6	63	-5	-3
-3	-96	-15	-39
-7	-101	9	-51
12	7	-5	-57
-7	53	13	-41
4	27	1	-17
-5	-10	7	33
-7	-115	1	57
-10	51	-5	67
-1	132	1	45
-2	73	11	-3
-5	-79	10	-33
-7	-94	-7	-55
4	19	11	-65
-9	44	-8	-31
1	19	6	-17
0	-15	7	33
-13	-119	6	66
2	61	1	69
-3	127	3	39
-9	62	-3	-13
-5	-78	-11	-35
-13	-97	-2	-53
-11	17	-1	-65
-1	45	9	-33
-9	27	-9	-11
-1	-5	-1	39
-3	-109	-1	63
-1	63	-9	69
-9	138	-4	41
-9	59	3	-13
-9	-79	-9	-30
-12	-105	-1	-55
-15	24	-5	-66
-10	63	-5	-51
-1	22	-5	-17
-3	-6	-13	37
-5	-119	11	61
-1	75	-13	63
-1	127	-11	36
-14	49	-1	3
-7	-96	11	-33
-11	-117	-3	-57
-5	43	7	-57
1	40	-3	-55
-3	39	-11	-13
-13	-12	-7	41
-7	-122	-1	73
-3	71	5	79
5	132	5	45
-8	45	1	-1
3	-102	-3	-43
-12	-113	5	-66
-3	24	15	-71
-7	47	10	-33
3	21	-3	-5
-12	-3	-5	43
-5	-117	12	74
-2	67	1	73
-3	141	-5	47
3	62	1	-9
4	-97	13	-49
-9	-109	-8	-55
-3	37	13	-59
2	47	5	-47
3	17	-9	-9
-3	13	1	49
-1	-109	-11	89
2	76	-5	81
6	119	-3	43
-1	45	-7	-5
-7	-109	-1	-37
-6	-118	-1	-53
-7	33	-12	-70
-18	49	-15	-41
-7	-1	-1	-21
-15	-3	-7	37
-11	-114	-17	61
-9	62	-7	73
-1	127	-17	56
-10	49	-9	5
-8	-97	-9	-37
-4	-117	-9	-59
-10	41	14	-57
7	32	1	-39
6	25	6	-17
-7	3	11	39
1	-99	-17	74
7	81	-1	87
3	131	-14	39
-7	65	11	-7
3	-93	-3	-39
-1	-115	5	-61
11	66	21	-61
9	47	18	-29
1	35	5	-1
10	5	-9	33
-1	-113	6	62
9	51	1	77
5	123	7	39
7	41	9	-7
-3	-79	-11	-43
-9	-129	1	-63
-17	49	-17	-60
-14	17	-7	-41
-11	23	-9	-13
-14	-25	-7	41
-22	-117	-15	81
-31	58	-11	75
-13	140	-3	43
-21	37	-15	1
-11	-87	-21	-33
-19	-118	-5	-41
-12	69	-7	-65
4	19	1	-43
-5	55	-1	-9
9	5	-7	41
8	-91	18	71
3	67	-5	89
11	159	13	42
10	47	25	7
18	-73	24	-35
7	-129	9	-57
20	60	35	-59
-2	28	17	-39
19	37	20	-23
11	-7	11	39
5	-123	17	68
-9	59	5	73
9	151	9	45
-5	27	9	-1
-5	-95	-1	-57
-14	-123	-3	-72
1	45	-5	-69
-15	12	0	-41
-9	25	-14	-20
-18	-25	-11	39
-19	-141	-17	63
-17	55	-21	87
-18	145	-5	49
-9	24	-25	-5
-11	-91	-13	-47
-9	-117	-7	-55
5	63	-17	-70
7	29	-1	-35
-5	51	3	-5
-4	-7	1	51
1	-122	3	77
17	73	5	75
19	139	15	45
13	46	2	-5
17	-86	19	-39
16	-105	19	-55
16	65	17	-71
16	33	21	-49
14	50	20	-7
-5	-12	17	29
4	-127	1	65
-1	64	17	77
1	127	11	28
-11	41	-1	-3
-9	-94	1	-45
-11	-119	-17	-67
-12	49	-9	-67
-9	11	-19	-43
-3	39	-34	-19
-15	-12	-11	39
-9	-138	1	75
-13	79	-5	85
-5	135	-24	43
-3	29	-3	-5
3	-83	-17	-45
2	-115	-9	-63
6	53	-21	-61
7	13	15	-37
11	51	1	-17
6	3	15	43
1	-120	11	69
6	89	5	85
16	138	20	45
11	47	9	-11
10	-91	21	-43
3	-123	10	-63
-1	53	22	-59
-5	5	23	-39
1	45	1	-13
-6	-3	5	39
-12	-139	-3	79
-12	77	-1	65
4	132	8	39
-19	36	-3	1
-15	-101	-17	-55
-12	-110	-7	-73
-23	43	-17	-75
-14	5	-21	-41
-21	41	-17	-9
-7	-2	-7	35
-5	-139	-1	67
-9	75	-13	79
7	155	-9	47
-5	37	7	-5
1	-95	-6	-37
8	-93	7	-69
9	66	16	-65
5	28	5	-39
19	53	-1	-5
3	28	5	43
5	-138	1	68
14	77	15	69
5	159	19	39
-5	33	7	-1
3	-97	3	-51
-2	-105	3	-61
4	37	-4	-59
-1	12	-1	-41
-13	41	-12	-17
-11	-1	3	47
-5	-150	1	71
-11	71	1	83
-22	153	-13	31
-15	32	-7	-1
4	-109	-1	-43
-11	-103	3	-59
5	51	9	-62
-11	25	5	-39
-8	50	-9	-9
-1	25	1	55
-3	-151	7	69
7	84	-1	89
-1	147	-4	43
-7	38	-5	3
-15	-94	5	-36
-5	-105	5	-57
-7	39	4	-63
4	25	1	-39
-3	47	5	-13
-13	12	-3	39
-3	-145	18	59
-13	75	7	75
-3	161	-4	37
-4	29	1	-3
-10	-112	-5	-25
-9	-105	-1	-61
-3	55	-9	-61
-15	17	-3	-39
-9	48	-6	-9
-7	12	8	39
-15	-157	-9	80
-9	71	7	81
-12	157	-11	45
-5	31	3	-1
-5	-96	12	-35
-5	-115	3	-65
6	59	1	-69
3	10	7	-37
11	60	13	-23
1	31	-5	33
-1	-147	12	67
-2	81	3	73
1	166	14	51
-5	26	-1	-9
-7	-105	-4	-47
-7	-103	-1	-73
-11	57	9	-59
-6	3	-1	-43
-7	55	-5	-13
-5	19	-5	41
-14	-156	-5	67
-3	80	-9	69
4	167	-15	47
1	42	-8	-11
-9	-107	14	-54
-10	-115	-13	-57
5	49	-1	-64
2	1	-3	-37
-3	48	7	-9
-1	31	-3	39
3	-153	-1	85
7	81	-5	83
-1	163	9	41
5	37	-1	-15
-13	-105	3	-41
2	-117	9	-65
-1	51	-3	-69
7	5	9	-45
-7	42	8	-11
-1	29	-1	39
-9	-163	3	80
-20	75	-1	63
-11	163	-5	39
-8	29	5	-9
-3	-101	7	-33
-9	-113	-3	-68
-1	43	-15	-63
-9	11	2	-33
-3	51	-3	-9
-12	15	-11	37
-8	-163	4	69
0	87	1	81
-14	177	3	45
-13	29	5	-11
6	-87	4	-45
-11	-107	5	-67
-9	49	13	-63
-6	7	-5	-35
7	53	1	-15
1	23	1	47
1	-179	7	77
-14	102	1	79
11	177	6	43
-7	29	5	-9
-5	-107	15	-48
-9	-97	-5	-71
-8	39	-1	-70
-14	5	-1	-37
5	55	-3	-5
-11	7	-3	37
-7	-159	-11	63
-7	79	-9	79
-11	167	-9	25
-11	21	-3	-11
-13	-115	-9	-47
-12	-111	-5	-57
1	59	-15	-77
-14	4	5	-33
4	42	-13	-9
-15	17	-5	41
-3	-168	-4	66
-9	93	-7	87
7	157	1	23
2	31	3	-3
5	-103	7	-47
-2	-105	11	-74
21	53	7	-73
-3	7	11	-35
13	48	7	-7
0	15	17	41
-3	-168	9	63
2	97	9	87
-3	159	1	39
-9	24	5	-1
3	-99	3	-47
-9	-105	7	-69
-19	51	-4	-62
0	5	5	-37
-5	53	-9	-9
-4	15	1	29
-7	-161	-9	59
-16	92	-3	71
-5	157	3	35
-7	28	7	-15
-9	-101	1	-48
-11	-103	-5	-61
-15	53	-7	-66
-4	1	1	-37
3	53	1	1
-3	24	-9	43
4	-161	5	79
-7	91	-5	77
-5	175	-3	43
-11	25	-3	-17
-3	-93	9	-47
2	-93	7	-55
-7	55	-3	-49
-5	-3	9	-47
-1	55	-4	-7
-1	6	16	41
-13	-169	-5	65
-7	95	-1	63
-5	163	6	33
-5	17	1	-7
-7	-99	-5	-47
-12	-94	7	-65
-3	68	-3	-53
-9	4	1	-41
-17	49	-9	-20
-13	9	-1	49
-5	-168	1	76
-5	99	-19	73
-12	181	-7	35
-14	8	-7	-7
-17	-103	-6	-43
-1	-97	1	-65
-9	33	1	-63
-7	13	11	-53
-5	65	1	-13
-3	17	-11	33
5	-175	12	69
10	101	-3	71
10	163	-1	47
3	17	5	-15
-9	-84	-1	-43
-7	-105	-7	-61
-5	48	-7	-63
-5	3	9	-45
-10	66	-7	-1
2	9	7	33
1	-179	1	69
-7	99	8	71
-11	169	5	46
0	5	1	-7
1	-96	3	-49
0	-101	-11	-67
-19	37	-1	-55
-2	-5	5	-45
-11	59	-15	-7
-17	17	-5	35
-9	-171	7	78
-3	95	-13	69
7	173	9	47
-2	13	1	1
-1	-102	7	-37
0	-92	-15	-74
1	41	-13	-63
5	14	10	-53
-3	63	11	-3
-5	37	5	37
-3	-181	5	69
-11	105	1	71
-11	171	-11	41
-5	15	5	-9
-9	-103	8	-31
-11	-103	5	-65
-11	37	-11	-56
-7	-81	-5	-47
-5	-29	-13	-9
6	135	-5	31
-12	-179	-1	71
-9	127	-9	89
10	177	5	39
1	44	-3	-5
-13	-109	-9	-60
-14	-113	-1	-85
-1	-112	-9	-78
-11	-1849	-5	-27
7	-1771	-9	1
-3	2749	-3	57
-1	-251	-1	79
-9	681	2	55
5	181	-1	-38
5	257	-1	-161
-8	-205	-9	-295
2	-129	5	-291
-5	135	3	-85
-17	17	3	271
3	140	-3	499
-7	2	-3	487
-3	-255	-9	207
-4	173	-1	-131
1	213	-6	-295
11	-17	1	-229
1	-39	-3	-51
-12	-105	-3	69
4	43	1	43
-9	-13	-7	-63
-9	151	-1	-108
-8	-23	1	-39
-5	-201	1	82
2	99	7	165
7	207	-13	115
-7	53	-5	5
-1	-105	3	-93
5	-151	-3	-113
9	43	-9	-81
0	-25	-5	-15
-5	107	-5	7
10	-7	-1	55
-5	-194	-9	45
-5	99	-1	43
13	189	-1	9
-13	46	-15	-5
1	-109	-1	-17
-14	-91	3	-25
-5	14	4	-53
0	33	3	-55
3	45	-1	-33
2	29	-5	31
-9	-181	-6	85
-9	99	-7	111
-7	169	-11	50
-2	3	3	-29
5	-49	3	-82
-11	-107	1	-67
-7	59	5	-47
-13	-3	5	-17
8	91	-1	-13
-11	-4	5	31
-3	-157	4	58
-4	87	9	89
-8	176	1	68
-3	-9	-3	19
-7	-50	3	-43
1	-109	5	-84
-3	29	8	-91
-9	12	3	-43
-1	58	5	-1
-7	9	-7	51
1	-168	-17	79
-11	95	-1	61
-1	174	-9	27
-13	13	-3	-7
3	-63	5	-33
-11	-119	8	-59
-1	37	-17	-72
-1	19	-1	-55
-7	66	3	-21
2	7	1	47
-5	-157	-1	77
-9	109	-7	71
6	156	-1	47
-3	4	-1	-3
-1	-73	12	-25
4	-97	-5	-67
5	27	-1	-67
0	3	7	-49
5	76	-3	1
5	12	-11	37
10	-173	15	81
-1	87	0	63
1	179	3	46
-9	3	7	3
-3	-63	4	-33
5	-105	-3	-69
1	6	-3	-51
5	-3	1	-63
4	71	-3	-15
-5	14	-7	39
1	-161	-1	83
-1	97	3	79
-9	173	5	49
-4	-1	-1	-13
-3	-78	10	-43
11	-105	-7	-70
-3	30	-5	-37
-3	2	7	-47
-1	66	1	-5
-6	21	-1	35
-12	-181	-13	82
0	107	-1	73
-10	153	7	61
-3	-5	-11	-3
-7	-68	-4	-51
3	-91	9	-49
3	19	3	-76
-3	11	-7	-43
-11	57	1	-5
-2	15	-5	35
-14	-174	16	83
-3	115	-3	79
-3	171	1	55
1	6	1	-7
-7	-68	1	-44
0	-93	11	-69
-7	17	3	-63
-13	19	-1	-41
5	53	10	-17
1	23	1	39
13	-187	-4	67
-1	109	-3	87
1	171	-3	42
-2	-5	3	3
-5	-63	-1	-35
-11	-91	-7	-47
-1	-5	-7	-67
-5	23	-1	-57
4	61	-5	-5
-3	19	-9	35
-13	-179	-1	49
-11	110	-7	81
-5	163	3	60
-7	-3	3	-5
-11	-66	12	-49
-15	-91	5	-53
6	33	-1	-83
-3	14	-8	-39
-5	59	-4	-15
-11	9	-3	33
-3	-179	9	61
-4	101	5	77
-1	159	-9	45
-2	-1	-3	3
-3	-63	-3	-41
-11	-93	9	-53
-9	9	9	-81
2	13	-1	-59
-10	67	1	-11
-1	19	-1	45
1	-185	-9	69
-9	103	13	79
-5	173	-6	37
-11	-13	13	9
-1	-63	3	-43
-3	-93	-5	-61
-1	9	1	-64
-5	31	3	-55
-3	48	-1	-21
7	12	5	39
1	-185	-6	71
-5	109	-3	81
-3	171	-9	49
1	-3	-1	9
-1	-69	-12	-45
-13	-101	7	-65
5	5	-1	-63
-3	23	-3	-43
-5	71	4	-11
-3	13	13	41
-5	-189	1	66
0	105	1	77
-1	184	-5	39
-10	-5	3	1
1	-57	-9	-29
-12	-97	-5	-65
10	9	-4	-61
-7	20	8	-39
5	61	-17	-21
-6	-5	1	41
-8	-179	-3	68
4	109	7	71
-12	167	1	55
-10	-18	-11	-5
-13	-50	5	-33
-15	-105	-9	-65
-3	3	-15	-65
5	31	-9	-43
3	67	1	-5
1	-3	-15	37
-3	-176	1	69
-9	105	-3	75
13	181	-9	55
-5	-5	-5	1
-11	-60	-3	-46
-5	-101	7	-57
-1	-1	-9	-67
-11	31	1	-51
-10	57	5	-15
-2	-1	5	35
-5	-171	-11	71
-9	107	7	71
3	177	-3	56
-6	-13	5	11
-9	-53	7	-49
-19	-109	-5	-77
-5	6	-17	-55
0	22	-7	-51
-5	57	8	-27
-11	-9	-3	29
-5	-167	9	74
-11	91	-1	81
13	176	1	45
0	3	-3	-1
-1	-55	5	-35
-16	-101	7	-72
6	-1	11	-57
-9	16	13	-53
3	63	11	-17
-6	-3	-5	37
1	-163	11	69
1	105	9	67
-3	165	12	43
-7	-2	-3	-11
-1	-47	6	-37
1	-89	-1	-55
-9	-11	-9	-72
-3	39	-3	-47
-5	50	-7	-9
1	11	-5	29
5	-168	12	67
-2	125	13	67
-1	167	13	49
-15	-4	-7	-5
-5	-41	7	-50
-5	-101	-5	-71
-7	4	-1	-63
-5	31	3	-51
-1	53	-3	-11
3	16	-7	33
-7	-181	-5	63
-7	119	1	69
-9	153	1	46
-6	-3	5	5
8	-65	-6	-45
1	-85	5	-73
5	-21	1	-67
5	40	-1	-55
1	59	18	-17
-7	4	9	39
-1	-171	7	78
-2	110	15	75
-9	165	17	47
-9	3	1	-9
-3	-53	1	-47
-9	-100	17	-68
1	-32	-1	-59
-3	33	1	-47
-1	60	1	-16
-15	3	-3	27
-7	-169	-9	57
-6	115	-1	81
-5	158	5	41
-11	-14	-7	-9
-9	-37	1	-39
-5	-83	7	-57
-5	-12	-12	-71
-5	23	-1	-53
3	51	3	-17
1	3	9	45
-7	-166	-7	65
1	127	7	71
6	163	6	37
-3	-7	-5	1
-1	-30	-1	-47
-3	-87	11	-51
3	-13	11	-69
-3	43	3	-45
-1	42	-5	-19
-1	5	-1	43
-1	-177	3	61
1	125	2	81
-13	167	6	32
-11	-3	13	-5
1	-55	-5	-49
-8	-89	3	-63
-7	-6	16	-71
-11	36	1	-51
4	47	-9	-25
-13	3	9	37
-5	-161	-13	58
2	115	-1	89
-8	147	-23	39
-11	-3	-3	7
-7	-37	-5	-45
-9	-94	-19	-61
4	-4	15	-65
-15	45	3	-39
9	50	-9	-20
-2	5	5	41
-7	-168	-11	63
-7	107	1	79
1	153	3	39
-1	-5	-3	-5
-3	-29	8	-39
-5	-91	13	-51
-3	-5	6	-67
1	31	-3	-49
-3	57	-1	-25
1	-1	1	45
5	-163	-5	59
-10	119	7	83
4	163	1	33
-5	-13	11	1
-3	-55	9	-60
-8	-83	7	-73
-1	-14	-6	-70
-5	51	3	-49
-5	43	1	-19
-1	1	3	33
3	-161	1	71
1	119	10	79
-7	158	-9	41
4	-5	9	9
5	-37	13	-39
-1	-91	-1	-59
3	-19	-1	-69
7	34	-3	-47
-1	53	1	-21
-11	-9	3	33
-3	-171	3	76
-3	121	-1	67
-5	157	-1	39
-4	-13	-5	-9
-1	-39	-11	-49
0	-103	5	-66
-5	-21	9	-67
1	30	-8	-35
1	53	1	-6
-3	-5	3	27
1	-174	-1	73
-8	103	-5	71
-5	173	-5	55
-1	-14	1	-5
4	-33	5	-37
-7	-95	-8	-57
-9	-4	1	-55
-1	45	5	-37
-15	51	1	-13
-7	-13	7	35
1	-173	7	79
-12	111	-3	75
-1	166	8	43
7	-9	-3	9
-7	-43	3	-35
-9	-99	11	-59
-1	-14	-5	-58
-4	41	-9	-39
-7	47	-11	-1
-13	-5	-5	33
1	-163	-4	83
-7	107	-3	83
-7	169	5	43
2	-1	-11	-11
-11	-42	1	-27
-3	-99	-1	-53
-3	-23	-9	-59
-5	48	-1	-45
-1	58	5	-17
-7	-7	-13	41
-1	-171	-3	70
-9	113	-1	71
-5	165	1	55
14	-3	-1	1
-5	-42	-7	-43
3	-98	-13	-65
-13	-15	1	-51
-7	44	-2	-41
-5	42	1	-4
-14	-13	5	49
-15	-169	5	74
-5	117	-5	69
-3	156	3	47
-17	-9	3	-3
-5	-35	-1	-35
-15	-97	2	-59
-17	-14	-1	-58
-4	53	-1	-51
-15	35	-9	-11
-4	-1	-13	33
-7	-169	10	71
-2	115	5	81
-11	145	-3	51
-5	-2	8	1
-3	-31	6	-35
-8	-109	1	-67
-3	-19	1	-74
-13	59	3	-47
1	43	-5	-9
7	-13	-5	39
-3	-163	6	67
7	115	15	85
-5	161	-7	42
-14	-1	1	-5
-5	-53	-11	-47
-7	-105	3	-55
7	-12	5	-61
5	45	3	-37
4	30	-11	-11
-3	-21	7	41
-9	-173	-4	71
0	118	3	83
-7	159	7	49
-8	-1	-3	13
-3	-42	1	-47
-21	-119	13	-63
4	-9	-9	-67
-7	47	11	-43
-5	45	-4	-21
0	-13	-3	55
-3	-161	-12	68
-8	111	3	83
3	161	5	39
-15	-8	5	-1
-9	-37	5	-43
-5	-119	-3	-51
-5	-24	1	-57
-14	39	11	-33
-1	40	-17	-15
6	-13	-1	33
7	-171	-1	65
-9	109	1	87
6	173	-15	43
-11	-18	-11	1
-11	-21	-7	-45
5	-119	7	-51
1	-27	-9	-78
-3	53	5	-33
1	53	-9	-9
-10	-18	1	43
-1	-145	-4	67
9	109	15	85
3	167	1	47
-2	-13	-1	9
-3	-25	1	-41
-3	-107	1	-71
9	-13	16	-59
0	44	7	-39
-9	47	-5	-9
-3	-27	-5	37
-7	-151	1	64
-5	109	7	91
-14	163	3	43
-16	-15	-9	5
-3	-25	1	-45
-11	-107	1	-59
-3	-22	-4	-77
-7	43	-13	-41
-3	43	-9	-15
-15	-33	-11	39
3	-163	-5	73
-3	101	3	81
5	181	-9	55
-15	-6	1	-1
6	-24	-11	-35
3	-113	-5	-67
-1	-13	-3	-63
-4	43	7	-41
-1	57	-7	-17
5	-21	7	39
5	-138	5	79
-2	103	-1	73
11	171	6	47
-3	-3	-9	1
-1	-14	6	-23
-9	-101	3	-63
-5	-33	1	-66
-11	47	3	-31
-7	33	-5	-11
3	-20	-3	35
-3	-141	-3	87
-9	109	-1	85
-7	167	-12	56
0	-13	3	-7
1	-13	7	-45
-6	-113	-7	-55
-3	-17	3	-53
-3	36	7	-45
11	25	-1	-3
-11	-21	-13	55
-1	-148	-12	73
2	99	-1	71
-7	163	-4	55
-5	-19	-9	-1
-7	-11	-9	-29
-1	-107	15	-70
11	-15	11	-57
-5	47	10	-47
-1	35	9	-6
-1	-31	-5	43
-5	-140	9	76
0	105	1	71
-10	165	14	41
9	-11	-1	-7
-3	-37	8	-37
-5	-105	-19	-53
-9	-13	-9	-50
-13	39	-1	-35
-5	45	-6	-7
-5	-13	-5	35
-1	-153	1	77
-2	97	-7	73
-9	163	7	57
-1	-8	2	1
-3	-24	1	-25
4	-107	-9	-59
-10	-15	3	-65
-3	49	3	-35
-7	42	3	-17
3	-12	1	41
3	-141	19	75
-1	103	-3	71
7	161	-3	48
0	1	5	-5
-7	-24	-9	-39
-1	-117	5	-67
1	-23	10	-63
-3	63	-7	-35
-1	29	1	-11
-13	-27	-1	49
-11	-147	9	77
-10	95	-9	63
3	153	-7	49
0	-3	-5	3
-7	-29	3	-35
2	-93	1	-53
-13	-21	-5	-55
-13	73	-1	-31
-1	25	-3	-16
-2	-11	5	33
-8	-149	-9	71
-5	99	-7	81
-18	156	-1	49
7	6	-5	-1
-9	-27	3	-27
-1	-113	1	-49
-11	-15	3	-70
11	53	5	-43
-1	17	-3	-13
6	-17	11	47
3	-150	7	61
-7	96	-3	75
4	145	-3	27
-7	8	-1	13
-9	-31	-3	-47
-7	-83	-1	-53
-13	-19	1	-68
-13	51	-5	-41
-3	31	-9	-3
-3	-27	-5	35
-3	-132	-9	55
-1	95	3	81
-9	151	-7	37
-16	-7	-1	-9
-5	-14	6	-39
4	-107	1	-53
-3	-13	-9	-59
-12	47	11	-43
3	19	-11	-15
1	-25	15	33
-9	-139	-4	63
-6	95	3	83
15	156	-5	39
2	5	5	13
3	-27	-5	-35
2	-100	-3	-55
4	-17	-3	-67
-11	33	8	-41
-9	17	-3	-12
-8	-9	-1	53
9	-148	-1	55
-10	103	-1	79
-3	156	5	45
-7	-6	-3	1
-5	-42	6	-43
-7	-119	-8	-55
1	-40	5	-64
-10	-120	-1	-41
-11	-193	-13	-11
-2	255	3	47
1	-135	-1	71
-7	155	7	73
-7	151	5	41
-7	29	-15	-23
3	-35	1	-78
-8	-117	-3	-73
-15	-39	3	-61
-1	-545	11	-3
-1	-623	-11	45
1	877	7	85
-9	-143	11	75
-11	294	5	43
3	183	-7	-18
-11	65	1	-71
-1	-65	-1	-122
-8	-129	3	-129
3	-48	-5	-57
2	-880	-3	51
-5	-951	15	154
1	1367	1	179
3	-166	-1	102
-5	413	5	15
-7	201	1	-94
-17	105	-3	-149
1	-67	5	-175
-10	-135	7	-152
-5	-48	4	-39
5	-1044	-7	115
-5	-1097	3	235
-1	1597	-1	247
3	-193	5	134
-5	479	-7	-25
-3	212	-1	-153
-7	133	9	-213
6	-89	5	-216
-7	-159	-2	-154
-11	-49	7	-17
2	-1103	1	149
-7	-1089	-7	261
1	1645	-1	261
-7	-184	-7	151
-10	494	7	-29
4	233	-1	-172
-11	159	-1	-246
-3	-91	-1	-223
-6	-175	5	-145
-8	-42	-1	-13
1	-1207	-1	159
-5	-1175	-1	259
0	1773	-9	263
-9	-205	1	151
1	523	-5	-31
3	233	-3	-183
-6	173	-5	-253
-5	-81	-4	-247
-6	-175	1	-173
-5	-58	14	-1
-7	-1331	-7	179
11	-1301	1	285
1	1961	-8	272
-9	-215	-14	163
1	576	-3	-39
-17	243	1	-197
-7	195	-17	-287
7	-96	-9	-277
3	-185	-15	-174
-7	-47	-15	3
-9	-1527	-13	208
-7	-1501	1	335
-17	2250	-5	311
-17	-217	9	163
-15	643	1	-55
-5	247	1	-227
-7	221	-7	-303
6	-93	-11	-305
-3	-185	11	-197
-1	-55	5	-8
-3	-1657	-7	239
-8	-1601	1	371
6	2437	-1	361
5	-229	-11	181
2	673	7	-76
-1	271	11	-259
1	243	-3	-339
-9	-99	-1	-329
-8	-195	5	-197
-1	-69	1	1
-9	-1861	13	263
-9	-1761	1	401
-3	2679	1	382
4	-235	-6	195
-7	731	0	-85
-3	271	3	-295
-6	270	-3	-369
-10	-102	6	-359
-4	-209	5	-225
-1	-53	-1	15
1	-2003	-3	291
-7	-1923	-13	443
5	2901	-5	419
3	-223	-4	203
-7	789	7	-103
3	277	3	-319
-2	277	-3	-413
-5	-109	3	-383
-17	-213	5	-223
6	-37	5	29
1	-2141	3	321
-5	-2032	6	480
-16	3095	-3	437
-1	-253	-1	211
-13	823	9	-101
5	284	-7	-341
-1	307	-7	-439
8	-107	-15	-405
-5	-214	-1	-239
3	-53	-7	17
4	-2326	3	333
-11	-2173	-13	489
-8	3319	-1	473
-11	-257	-13	213
-17	890	15	-116
4	297	-1	-371
-5	322	3	-465
5	-131	-1	-437
-8	-226	5	-249
3	-65	-9	35
-1	-2425	3	377
7	-2253	3	533
9	3453	7	509
-3	-238	-9	226
-1	905	3	-123
5	320	-19	-398
-5	331	-5	-491
-5	-121	-17	-463
-9	-237	13	-257
3	-45	-9	41
-3	-2485	5	386
-1	-2285	-8	569
-3	3538	-2	523
3	-245	-1	249
-6	935	11	-137
-3	313	1	-409
-2	349	-3	-509
-7	-125	-13	-469
-17	-247	-3	-267
6	-42	-13	37
7	-2409	-2	391
-5	-2223	-6	577
-12	3423	1	530
-5	-261	-11	245
-1	921	-1	-139
1	309	3	-409
7	343	-9	-521
-9	-120	1	-463
-5	-261	-5	-263
3	-33	-9	56
-12	-2387	-5	393
-1	-2165	1	558
4	3367	-1	499
1	-255	-7	231
-5	889	1	-134
-9	341	-4	-393
-9	341	-1	-507
-7	-107	9	-467
-9	-249	-3	-249
-13	-42	-12	57
-5	-2331	-7	383
-7	-2102	-3	557
-3	3282	-5	503
-5	-241	-3	258
-5	865	3	-144
-3	335	1	-382
-8	323	-9	-489
-15	-95	-6	-443
0	-245	-1	-249
-1	-19	7	53
3	-2257	-1	358
1	-2035	8	545
-1	3175	-5	481
1	-251	15	239
0	857	9	-121
-1	339	9	-368
5	325	3	-487
-5	-101	3	-429
-2	-263	-1	-243
-3	-39	-1	57
-9	-2199	-1	351
-13	-2017	6	526
2	3122	-1	475
-7	-246	1	235
-1	837	7	-115
-7	325	10	-357
-2	316	-11	-471
4	-107	4	-421
-7	-250	8	-244
-3	-30	11	42
-8	-2237	3	345
-8	-2035	9	520
-6	3193	-3	477
-3	-255	-7	231
-13	847	-3	-112
1	318	15	-355
-13	329	-1	-459
1	-101	1	-434
-12	-235	9	-253
-9	-53	-6	45
6	-2393	-5	345
-10	-2193	5	519
-13	3405	7	477
-11	-253	1	233
-5	907	13	-121
-9	329	1	-374
4	349	5	-477
-15	-115	6	-445
1	-241	-1	-271
-3	-73	3	33
-1	-2567	-3	364
4	-2367	4	573
-9	3661	2	533
-7	-257	-3	247
-9	951	-1	-135
3	345	-1	-401
-2	361	7	-511
-7	-114	-1	-475
-9	-261	15	-281
-1	-71	-5	45
1	-2855	-1	405
-7	-2661	11	615
-6	4099	15	568
-1	-301	-5	249
-5	1063	-5	-147
1	355	-3	-447
0	409	-7	-559
1	-151	1	-533
-17	-265	9	-298
-1	-75	-3	40
-7	-3117	-7	469
5	-2853	1	685
2	4443	-9	617
1	-305	-1	271
7	1145	9	-176
3	381	-1	-493
-9	427	2	-600
5	-153	-4	-573
-8	-264	17	-313
-1	-99	-9	58
-3	-3371	-5	491
-1	-3082	-1	741
-1	4803	-1	673
3	-315	-6	287
-1	1225	-5	-186
-1	374	4	-538
-8	475	-3	-671
-11	-177	-13	-605
-5	-295	11	-345
3	-99	-13	73
2	-3505	3	547
6	-3187	6	799
-11	4995	-1	722
3	-333	-12	311
-10	1285	-7	-227
-1	384	-6	-573
-5	493	-5	-705
-3	-179	-11	-647
-7	-289	11	-347
-7	-94	-7	89
1	-3597	-5	571
-11	-3277	9	817
-14	5107	-5	735
-14	-338	-17	316
-8	1315	13	-209
1	393	-5	-591
-13	501	-3	-727
3	-187	-1	-655
-15	-307	16	-347
-9	-89	-12	89
2	-3644	3	592
-5	-3264	1	843
1	5155	5	749
9	-345	-7	329
-1	1322	1	-223
-7	409	5	-614
-13	518	0	-750
7	-181	11	-679
-7	-305	17	-363
-5	-68	9	100
-2	-3623	-1	587
14	-3221	10	851
-2	5099	7	759
4	-338	-5	333
-7	1297	5	-234
-3	425	-7	-619
-1	513	5	-756
-9	-191	6	-671
-11	-315	7	-361
-12	-81	-5	101
0	-3675	-3	597
-11	-3285	-3	855
-3	5173	2	746
5	-331	-9	335
-2	1329	9	-217
11	408	9	-601
-5	527	-9	-763
5	-173	-13	-675
3	-295	7	-367
10	-69	3	101
1	-3649	3	589
-3	-3303	-9	853
2	5150	-11	764
-3	-356	-5	340
6	1327	9	-231
-7	403	-5	-617
-5	523	-7	-769
-3	-186	1	-666
3	-305	-3	-369
-9	-71	-4	98
-16	-3685	-9	584
3	-3307	5	849
-2	5213	-1	749
-1	-348	7	331
-11	1329	13	-237
-5	423	11	-619
-9	535	-7	-771
-11	-169	-1	-669
-6	-309	3	-371
-7	-61	-5	89
-16	-3683	-5	595
-3	-3279	16	857
-5	5155	-3	757
3	-330	-5	331
-9	1334	-3	-228
1	433	-1	-616
-1	521	-7	-759
1	-197	-1	-661
-11	-317	9	-369
12	-99	-7	99
-10	-3739	-9	599
4	-3382	7	853
-3	5299	-7	762
3	-333	3	337
-4	1361	13	-221
1	413	4	-623
12	551	-5	-771
3	-186	1	-695
0	-311	1	-385
6	-86	4	95
-1	-3769	7	609
-11	-3445	-3	871
-9	5338	3	788
-7	-359	-4	342
-3	1371	9	-243
-7	413	-5	-633
3	535	-7	-779
-9	-175	4	-692
-3	-316	1	-371
-7	-85	-3	104
-15	-3821	3	602
-3	-3449	-15	879
-9	5415	5	777
-3	-345	-13	351
-21	1371	9	-241
-3	423	3	-630
1	539	-15	-788
3	-191	1	-703
-4	-301	9	-381
5	-107	1	100
-1	-3961	3	629
3	-3561	3	885
7	5595	-3	801
3	-343	-4	339
1	1415	11	-248
-1	433	4	-645
6	579	-5	-800
1	-193	4	-721
3	-315	19	-399
14	-93	10	95
0	-4003	-3	641
13	-3617	-11	935
-7	5660	0	829
-5	-343	1	367
-6	1433	7	-245
-10	428	-1	-681
-12	565	-13	-827
-9	-211	3	-735
-19	-336	-1	-409
-17	-109	-1	107
-11	-4075	-15	650
-3	-3729	-7	941
-21	5745	-17	829
-14	-375	-9	362
-11	1451	5	-257
-14	425	-3	-685
-5	583	-15	-839
4	-199	-11	-740
-7	-332	10	-401
1	-81	-12	103
-1	-4151	11	668
-3	-3719	9	958
16	5853	7	851
13	-356	12	373
10	1489	7	-265
13	449	29	-698
19	596	10	-839
9	-189	25	-747
15	-312	29	-418
-3	-101	1	112
5	-4241	11	685
1	-3817	18	969
-2	5975	5	852
-1	-371	4	369
-7	1499	1	-265
-15	447	13	-707
-24	613	-7	-866
-14	-227	-24	-766
-23	-337	1	-421
-20	-97	-15	117
-27	-4228	-9	697
-11	-3813	-1	993
-11	5940	-18	869
-19	-363	-19	372
-6	1501	5	-287
-3	447	3	-709
-15	613	-11	-875
-1	-201	-1	-763
-2	-337	5	-407
-1	-81	-1	134
3	-4252	10	693
17	-3847	19	991
2	6003	11	874
17	-364	1	377
6	1527	17	-281
18	469	3	-717
-5	613	5	-867
10	-212	11	-770
-11	-329	24	-413
-3	-77	-4	116
-4	-4261	3	700
-7	-3811	-7	1006
-8	6007	5	873
-10	-379	-5	373
-14	1499	7	-281
3	444	-1	-717
-23	609	-11	-887
-9	-209	-1	-785
-11	-335	3	-420
-13	-96	-17	119
-14	-4203	-15	697
-13	-3723	-1	999
-3	5885	1	880
3	-385	-15	379
-9	1489	8	-268
1	459	11	-711
13	614	-5	-868
11	-207	3	-767
6	-331	21	-409
7	-85	12	129
0	-4155	17	683
4	-3727	9	981
7	5858	19	867
7	-359	11	373
4	1484	27	-271
13	443	15	-709
-17	627	3	-869
3	-215	12	-769
-2	-330	3	-411
-13	-97	-7	118
-13	-4139	-5	690
1	-3719	-3	977
-19	5821	1	851
-18	-375	1	382
-13	1487	3	-277
-5	428	-17	-713
-23	611	-3	-857
-3	-230	-5	-756
-7	-329	-2	-411
-3	-79	-14	127
-3	-4195	-7	677
3	-3733	3	968
-3	5905	-1	863
14	-375	5	375
9	1489	9	-259
13	437	3	-695
3	623	7	-853
1	-204	19	-775
1	-323	23	-407
-1	-75	-7	118
1	-4153	3	693
12	-3685	-9	977
-2	5825	-3	872
13	-359	1	377
3	1479	3	-268
1	444	6	-711
-14	625	1	-850
-8	-222	7	-773
-14	-329	9	-395
3	-85	-11	109
-7	-4199	-5	677
-7	-3719	-1	971
-11	5869	-7	839
-3	-341	-1	379
-5	1489	13	-253
-3	433	1	-699
-5	625	-3	-857
3	-215	-3	-767
-9	-328	9	-415
3	-83	1	105
7	-4238	8	682
1	-3791	1	976
-5	5967	7	857
3	-379	-9	362
10	1517	1	-277
1	421	24	-703
-10	623	-9	-867
6	-217	4	-771
-11	-326	11	-421
-5	-89	3	123
-7	-4203	-5	696
-12	-3711	-6	992
-12	5905	7	877
3	-384	-7	371
-2	1489	11	-269
6	433	3	-715
-15	619	-11	-859
-5	-217	1	-761
-10	-331	1	-415
-13	-102	3	114
-2	-4289	1	685
1	-3776	-3	981
7	6003	5	862
4	-375	-5	369
-11	1501	19	-261
-13	447	1	-707
-10	628	-7	-869
9	-229	13	-781
-5	-311	9	-419
3	-93	-7	115
5	-4276	1	695
6	-3776	18	1007
-1	6005	8	877
13	-377	-4	390
-2	1516	9	-283
17	435	-3	-715
-2	629	-9	-877
-3	-233	-7	-767
-9	-331	-3	-421
8	-96	-13	133
3	-4339	-15	683
-5	-3855	-3	999
-7	6105	-11	872
-9	-387	3	382
-11	1543	-1	-281
1	423	-3	-731
-5	641	-5	-887
6	-228	11	-784
7	-327	0	-429
3	-91	-9	118
-1	-4283	3	703
-1	-3735	7	1019
5	5987	1	881
1	-389	1	389
-7	1509	7	-289
11	423	6	-731
-9	629	-15	-883
5	-229	6	-785
4	-315	23	-399
-8	-102	6	125
1	-4317	5	697
-3	-3783	-11	983
-17	6025	-9	870
-7	-402	-21	373
1	1515	7	-286
-9	433	14	-717
-4	654	-5	-878
-5	-245	6	-776
-8	-325	19	-417
-5	-107	-3	131
-5	-4263	-13	707
-5	-3724	-4	1003
13	5932	10	885
5	-382	13	390
-8	1515	9	-269
1	435	5	-728
-2	645	-3	-875
-5	-243	-3	-763
-3	-311	19	-405
6	-102	-1	134
-3	-4306	-2	696
-11	-3812	-4	993
-9	6038	-9	865
-13	-401	-6	372
-8	1527	9	-273
-19	441	5	-715
-15	641	-3	-877
-13	-229	-5	-789
-3	-319	13	-425
1	-97	-17	120
-9	-4375	1	715
-3	-3817	-9	1010
-10	6095	-1	883
-5	-387	-19	371
-7	1533	-11	-275
4	437	4	-739
-15	655	-13	-875
-11	-240	-6	-797
-14	-313	13	-420
1	-102	-4	120
3	-4347	-5	713
-3	-3796	7	1011
-2	6085	-3	900
-9	-393	-1	383
-1	1533	2	-265
9	437	-1	-737
3	654	-1	-907
-3	-240	-3	-788
1	-317	19	-413
-3	-115	-9	121
-2	-4457	-5	709
-1	-3913	-8	1013
3	6239	2	897
-5	-387	-6	376
-11	1577	21	-283
-1	431	-1	-731
-21	671	-15	-895
-5	-253	-3	-801
-5	-333	-3	-431
-3	-104	-15	119
-13	-4423	-11	730
-11	-3897	13	1046
3	6172	-11	922
-5	-415	1	388
2	1553	7	-287
-7	441	10	-765
-17	667	-9	-911
3	-233	1	-796
-9	-328	7	-411
11	-105	3	135
2	-4500	3	717
-9	-3905	1	1025
2	6267	-11	893
1	-415	14	381
-7	1579	-3	-283
10	439	11	-757
3	661	-13	-907
7	-245	4	-805
-1	-327	9	-446
-1	-97	3	140
-2	-4513	-1	729
1	-3922	3	1045
0	6269	-1	914
-7	-393	-13	385
-3	1576	10	-296
-5	438	12	-765
-7	681	-11	-924
-7	-258	-1	-802
-10	-335	15	-427
1	-105	3	141
-17	-4583	-7	729
6	-4002	6	1045
-3	6392	2	907
3	-395	-6	394
-22	1619	-1	-297
1	433	11	-761
-5	697	-11	-933
-3	-247	14	-825
-13	-331	5	-453
-5	-119	4	135
-7	-4623	-3	752
-7	-4058	-1	1081
-9	6454	-1	927
-11	-423	-1	391
-4	1637	1	-307
1	437	5	-773
-5	693	-7	-949
4	-267	15	-833
-7	-327	13	-441
-9	-101	-1	145
-7	-4621	-13	749
-19	-3995	29	1075
2	6429	-5	941
5	-410	-7	407
7	1626	7	-313
10	439	15	-783
-9	683	-16	-965
-7	-257	-4	-835
-1	-333	7	-450
11	-107	-9	133
2	-4655	-1	749
3	-4051	7	1079
2	6481	-3	926
-7	-405	-13	399
-9	1639	18	-295
-5	447	9	-783
-12	705	-5	-948
-1	-263	3	-839
-2	-329	5	-459
1	-105	1	139
-1	-4662	-3	759
1	-4079	-1	1080
1	6509	13	943
-3	-411	-5	404
-2	1641	17	-307
-5	462	-1	-792
-5	709	-9	-963
-1	-274	3	-847
5	-335	7	-439
15	-119	11	144
-1	-4745	2	751
5	-4192	-3	1082
-11	6633	5	939
-1	-415	3	405
4	1679	-1	-303
1	447	-5	-793
-13	715	-3	-965
-1	-276	1	-853
-13	-333	10	-453
-7	-99	-9	139
-15	-4763	-7	787
-14	-4148	-6	1121
-10	6633	-3	975
-7	-423	3	415
-7	1659	5	-323
8	444	-1	-817
-7	707	-13	-977
-7	-271	5	-861
-15	-323	7	-444
-5	-109	-1	133
-6	-4845	-1	785
-5	-4223	-9	1111
2	6739	5	971
6	-429	1	417
-13	1697	7	-316
-1	463	11	-815
-16	735	-5	-975
-3	-291	-1	-865
-3	-333	17	-461
-3	-112	-21	149
5	-4921	-11	805
-3	-4291	15	1118
-15	6849	2	997
-3	-405	-7	420
2	1727	11	-317
3	456	4	-819
-4	745	3	-983
1	-294	-5	-889
-17	-352	11	-459
6	-109	-1	148
-7	-4931	11	807
-1	-4343	-9	1137
-7	6868	1	1001
11	-439	-14	413
-7	1723	5	-313
3	462	-7	-839
-3	734	-17	-1001
6	-275	-11	-883
-5	-351	1	-459
9	-97	-12	139
-3	-4901	3	799
-8	-4257	17	1147
-7	6795	1	1009
5	-437	-17	417
-3	1703	15	-325
6	480	23	-845
1	727	-2	-1013
5	-275	7	-883
-16	-341	11	-464
-1	-107	-9	156
-4	-4869	-3	793
-7	-4189	-3	1135
5	6777	5	979
-3	-410	-3	419
-1	1673	13	-316
13	469	1	-827
-16	735	-9	-994
5	-275	-6	-877
4	-355	19	-457
1	-107	-13	157
-5	-4948	-15	791
3	-4301	1	1133
11	6891	3	983
3	-403	3	425
-2	1727	15	-327
-3	455	1	-827
-6	729	-7	-1001
3	-292	-1	-885
5	-354	-7	-477
4	-95	-13	155
-9	-4879	-3	819
3	-4259	7	1145
-5	6809	-1	1008
-12	-433	6	423
-8	1699	9	-337
3	464	12	-837
5	721	-19	-1015
8	-279	7	-881
-7	-335	11	-457
-11	-94	1	159
-6	-4957	3	796
3	-4290	9	1139
-3	6895	-7	973
-7	-417	-13	423
2	1714	1	-327
-3	477	15	-827
-15	735	3	-999
1	-285	19	-882
3	-345	15	-475
-7	-101	-4	149
7	-4941	3	801
-9	-4305	-5	1159
15	6877	5	991
11	-429	-6	425
-5	1703	11	-345
3	479	1	-851
-9	739	-3	-1009
-15	-291	7	-889
-2	-341	5	-465
3	-85	12	151
3	-4871	-1	795
-17	-4251	6	1147
-3	6797	-9	997
-11	-405	-3	420
-5	1687	3	-337
-3	471	-1	-845
-13	735	-17	-1011
1	-305	10	-879
-9	-364	5	-471
4	-76	-1	141
-1	-4802	-11	793
-9	-4233	12	1127
2	6707	-13	974
-5	-415	13	415
-3	1687	1	-323
-3	469	3	-831
-2	722	-9	-991
15	-271	5	-867
3	-347	3	-457
-1	-91	-4	159
-5	-4865	-3	783
-1	-4249	-3	1097
-2	6789	-7	983
-7	-427	-9	411
1	1686	1	-321
6	463	-5	-813
-3	725	-7	-981
1	-291	1	-881
-8	-343	-3	-463
-5	-87	-21	141
-1	-4855	-1	783
-7	-4277	-1	1125
3	6797	-1	987
10	-397	-15	415
-3	1685	3	-324
5	475	-6	-829
-12	721	-9	-999
9	-294	-6	-867
0	-347	15	-459
-3	-81	-11	143
10	-4863	1	805
6	-4281	-11	1132
-5	6795	5	999
-11	-381	-5	410
-3	1683	9	-327
-3	471	6	-832
-5	743	-7	-987
1	-276	-1	-877
-3	-349	23	-465
1	-84	4	141
-1	-4911	9	797
-9	-4377	-7	1129
-6	6876	3	991
-7	-389	-1	413
-3	1699	19	-319
-3	446	-13	-825
-9	734	1	-999
3	-287	3	-889
-15	-353	2	-461
5	-76	-3	161
2	-4842	1	815
-8	-4249	1	1141
3	6747	3	1003
7	-405	14	417
0	1671	3	-335
3	449	3	-839
-17	721	-11	-985
1	-265	-5	-879
-4	-345	19	-443
-7	-99	-1	150
5	-4823	3	791
-7	-4225	16	1127
-7	6717	3	981
3	-359	-13	409
1	1649	13	-320
-5	465	-5	-807
-14	717	-5	-996
3	-277	4	-885
0	-341	9	-455
-1	-109	-1	139
-10	-4809	-7	805
-3	-4239	-1	1133
-13	6710	5	987
-3	-325	-9	397
-11	1645	13	-327
-1	451	-9	-817
-11	713	-7	-985
1	-269	-9	-873
-11	-338	3	-469
6	-125	-5	148
-5	-4887	-11	794
3	-4327	5	1133
-3	6799	5	981
-1	-295	-17	411
-10	1657	-1	-319
5	429	-5	-815
-14	726	-13	-981
4	-266	6	-875
1	-323	16	-479
-9	-103	5	137
-3	-4861	-1	787
-8	-4275	1	1137
-5	6747	5	989
16	-229	5	413
-15	1614	5	-339
6	379	15	-816
-5	717	-3	-965
5	-220	9	-863
0	-278	3	-473
-5	-99	-1	132
2	-4911	-9	777
1	-4352	12	1131
-7	6791	-11	973
-7	-193	8	413
-7	1607	9	-331
3	327	9	-811
-14	719	-11	-982
-3	-217	9	-865
-15	-275	9	-479
-1	-76	1	135
-7	-4958	3	795
6	-4418	11	1135
-13	6881	5	977
-5	-179	5	390
-10	1617	11	-353
-3	273	6	-849
-18	717	-9	-997
-1	-205	7	-857
-2	-257	25	-443
10	-66	1	181
-5	-4939	-7	821
-13	-4452	13	1149
-6	6874	-3	970
-17	-225	3	388
-2	1601	3	-391
7	284	5	-871
-9	707	-19	-1005
-3	-222	-13	-853
-9	-263	11	-419
-3	-63	12	191
-6	-4931	1	836
-10	-4395	1	1147
-6	6857	-11	975
3	-212	-3	369
-7	1584	11	-397
8	305	11	-867
-9	697	-3	-1003
-7	-207	-13	-849
-10	-248	9	-399
-1	-69	-13	207
-2	-4975	-15	845
-7	-4465	10	1149
-13	6926	3	956
4	-204	3	346
-7	1603	-1	-395
-1	292	5	-875
-2	716	-11	-1000
-3	-221	-6	-847
-1	-253	-1	-409
10	-66	-9	209
-7	-5018	-21	850
-3	-4511	8	1154
1	6979	3	969
3	-189	-4	351
-3	1621	13	-407
3	279	-6	-893
1	717	-7	-1011
1	-203	18	-855
-5	-253	11	-405
-1	-61	-13	199
-5	-4983	-11	865
-7	-4519	1	1169
-5	6929	-3	981
-3	-215	-11	358
-3	1611	5	-407
-3	282	3	-893
-5	715	3	-1015
11	-199	13	-849
-5	-263	19	-401
3	-53	-13	199
-3	-5007	1	861
-17	-4498	-7	1165
-9	6973	-3	969
1	-193	-9	353
-2	1617	19	-417
-3	294	5	-885
-13	723	3	-1001
-5	-204	6	-859
-2	-270	23	-416
-9	-59	-7	201
-2	-4985	-1	859
-3	-4477	7	1153
-7	6936	5	981
-3	-192	-7	357
-7	1590	17	-407
-11	319	-4	-893
-3	716	-11	-1006
-3	-219	-11	-855
-13	-267	13	-399
-1	-57	-21	201
-2	-4987	-15	856
-3	-4499	-6	1159
-1	6926	-3	971
-1	-173	4	359
-7	1621	9	-401
3	294	1	-887
-7	713	-7	-1009
3	-195	3	-849
3	-271	13	-405
3	-47	-3	215
-11	-4945	3	853
11	-4513	7	1157
-3	6911	5	973
9	-193	-9	361
5	1605	19	-397
-1	295	-3	-889
9	703	1	-1005
3	-204	7	-853
-3	-280	15	-403
-3	-22	-12	207
4	-4931	5	845
-10	-4442	-3	1159
-6	6887	-9	959
-3	-191	-7	349
-7	1578	3	-405
-1	285	-4	-887
-17	693	-13	-1007
-17	-189	-15	-845
-22	-280	7	-403
-5	-49	-17	205
-10	-4953	-7	855
-13	-4478	-5	1149
-7	6881	-3	960
-1	-185	-1	344
-1	1591	1	-405
-3	311	6	-870
-7	704	-7	-1007
15	-184	6	-845
14	-273	9	-413
9	-27	16	215
-2	-4811	7	842
15	-4343	11	1157
13	6707	7	977
19	-163	14	355
5	1561	31	-407
8	294	9	-877
-4	695	-3	-995
3	-174	10	-835
-3	-277	21	-401
11	-19	-1	205
-1	-4793	-13	809
-1	-4375	-1	1121
-22	6659	-1	933
-8	-197	-1	350
-19	1539	1	-393
-19	281	1	-849
-23	683	-25	-979
-20	-168	-11	-831
-11	-286	-11	-397
-9	-35	1	215
-17	-4757	-19	826
-9	-4287	-9	1127
-4	6621	-1	937
3	-184	-11	343
0	1535	5	-405
-5	279	19	-853
-3	681	-5	-973
3	-174	4	-809
11	-243	25	-385
5	-43	12	201
10	-4819	13	811
9	-4370	24	1117
10	6721	11	922
3	-166	29	340
-5	1545	7	-401
-1	287	23	-845
-1	694	-5	-973
-23	-195	-1	-827
-5	-257	11	-413
3	-57	-1	201
-17	-4855	-3	823
-17	-4389	-15	1128
-7	6749	-9	933
-3	-173	-9	341
-22	1577	1	-397
-8	274	-6	-861
-14	691	-23	-983
-3	-197	-7	-823
-10	-255	-1	-403
-3	-37	-4	207
-7	-4791	-15	831
-5	-4357	5	1135
2	6685	-5	949
9	-186	-13	351
3	1563	5	-399
5	284	16	-869
12	685	-3	-971
17	-191	-6	-829
-7	-255	23	-385
3	-35	7	209
-7	-4838	1	819
-8	-4343	24	1115
4	6731	9	917
-3	-195	1	341
-16	1569	13	-393
-9	293	13	-857
-15	683	-7	-967
-13	-192	-6	-825
4	-262	-1	-403
-17	-57	-14	195
-10	-4867	-7	825
-11	-4377	5	1119
-16	6771	3	938
4	-195	-4	340
-21	1562	-3	-383
-7	292	-1	-865
-22	695	-9	-981
-1	-195	-3	-832
-4	-249	11	-401
-1	-53	-17	207
-3	-4895	-7	835
10	-4411	17	1124
-1	6829	1	941
11	-179	1	345
10	1593	23	-403
11	281	6	-873
-1	701	-7	-991
1	-202	5	-843
-13	-263	23	-397
-1	-31	17	198
-9	-4844	3	857
-1	-4369	-6	1135
-4	6743	1	964
-8	-215	-19	338
-6	1579	5	-401
-14	279	-7	-875
-9	681	-11	-985
3	-195	-15	-833
-5	-265	-1	-389
-11	-39	-19	189
-15	-4965	-7	825
-21	-4435	4	1129
-5	6887	-7	947
-3	-211	-1	335
-7	1587	21	-397
11	284	-13	-869
-1	703	-9	-989
-9	-197	3	-839
9	-264	19	-405
3	-55	1	201
11	-4923	19	841
7	-4413	16	1151
0	6829	7	960
4	-189	-4	345
-5	1587	3	-407
3	285	9	-896
-2	689	3	-1002
-7	-213	9	-832
-8	-269	9	-389
9	-45	-11	207
-10	-4971	-1	842
-1	-4429	-5	1145
-13	6887	11	955
-15	-187	-5	351
-14	1593	-3	-399
-13	266	-1	-871
-14	707	-13	-991
-11	-201	-1	-851
-15	-269	1	-417
8	-49	-1	206
-15	-4929	-1	849
-1	-4433	-3	1163
2	6852	-5	974
5	-209	-11	351
5	1603	17	-415
7	264	12	-883
-16	691	-7	-997
15	-195	13	-831
-1	-267	15	-403
7	-45	1	205
-1	-4951	7	829
9	-4379	9	1139
-3	6851	-1	945
-1	-225	-5	345
1	1597	-7	-413
10	271	-1	-865
-5	703	3	-999
-5	-197	6	-845
-6	-259	9	-401
-3	-60	-9	209
-7	-4987	-21	841
-3	-4382	10	1155
-17	6899	-11	948
1	-223	-9	344
-13	1604	-8	-407
1	267	-13	-883
-11	718	-17	-992
-7	-225	-7	-847
-2	-265	11	-423
-1	-57	-1	219
-1	-4934	-9	839
8	-4385	3	1160
7	6847	9	947
-5	-202	7	351
-2	1601	15	-416
-5	269	19	-887
10	709	-7	-1005
-3	-201	12	-843
-13	-267	11	-399
8	-59	6	219
-5	-4915	-8	839
5	-4367	5	1143
-7	6830	-7	946
-5	-225	-4	345
-4	1607	3	-413
1	264	-5	-879
-3	709	-3	-995
-15	-205	4	-833
-15	-268	5	-411
-7	-30	-19	223
-7	-4905	-11	850
-10	-4308	6	1141
1	6789	-5	949
-3	-233	-13	339
-3	1595	5	-397
11	264	1	-871
-17	707	-15	-987
-11	-209	-1	-829
0	-240	15	-395
-3	-66	-1	207
1	-4969	5	829
3	-4367	7	1147
5	6874	1	928
6	-225	-4	340
-9	1609	11	-397
-1	261	11	-878
-11	705	-17	-983
5	-212	7	-836
-13	-247	-7	-407
5	-66	-11	213
2	-4967	3	848
4	-4359	-4	1151
-11	6887	-1	953
-3	-215	-7	345
-9	1621	7	-407
-3	251	-13	-869
-17	715	-15	-999
-5	-210	-1	-839
-13	-263	11	-399
-5	-53	-5	212
-1	-5031	0	855
-5	-4431	1	1143
4	6961	5	962
-3	-240	-7	336
-5	1641	15	-409
-1	248	5	-887
-2	722	-3	-991
6	-195	-13	-847
-9	-265	5	-407
3	-57	-3	207
-5	-5037	-1	857
-8	-4411	14	1163
4	6979	-1	973
-3	-225	-11	341
5	1653	11	-413
-3	251	19	-905
-7	721	-9	-997
-7	-220	-3	-851
-9	-257	1	-395
-3	-61	-22	217
0	-5025	-11	851
5	-4370	-1	1165
-7	6909	9	981
-9	-239	-8	344
-5	1627	17	-405
3	261	-13	-890
-5	717	-5	-991
1	-217	-11	-853
-4	-245	3	-393
5	-45	-9	209
-3	-5051	5	866
1	-4389	-19	1155
-7	6974	5	959
5	-233	3	337
3	1649	23	-405
-8	265	-6	-881
-7	733	5	-1005
12	-207	1	-861
-13	-251	23	-407
1	-43	-11	212
-1	-4983	5	857
7	-4336	-4	1159
-8	6863	-5	979
1	-235	-9	339
-4	1633	5	-413
3	253	-5	-895
-9	705	-9	-1017
-11	-197	1	-847
-15	-268	15	-387
-7	-66	-1	225
-13	-5041	-5	850
-5	-4359	6	1151
2	6955	-5	949
-10	-253	-15	337
-15	1651	1	-411
-1	265	-3	-877
-7	725	-11	-1003
3	-199	1	-843
-13	-253	9	-418
-5	-55	1	205
-16	-5025	1	867
-5	-4359	16	1157
13	6925	5	966
-1	-251	-5	340
1	1647	5	-413
11	243	-5	-887
-10	721	-17	-1006
-5	-217	7	-843
-13	-261	1	-395
3	-65	-11	211
-7	-5109	1	852
-15	-4431	3	1166
-7	7041	3	967
-3	-257	1	353
-6	1679	9	-413
-12	221	23	-889
-10	735	-15	-1025
-3	-231	16	-853
-3	-271	5	-429
10	-66	6	207
-7	-5104	1	865
-15	-4416	-1	1179
-9	7039	-9	978
1	-277	-1	366
0	1673	17	-427
-3	230	18	-905
-5	725	-11	-1027
11	-205	8	-845
5	-245	10	-409
-1	-61	-3	221
7	-5027	-13	857
-11	-4313	4	1165
-7	6943	1	965
-7	-264	-13	359
-5	1665	7	-423
8	246	4	-899
-1	731	-21	-1015
-3	-225	5	-843
-14	-251	9	-389
-5	-73	-9	215
-11	-5041	-3	851
-7	-4295	12	1159
-10	6927	-5	958
4	-263	-1	347
-9	1648	-5	-419
-7	247	3	-880
0	737	-1	-1003
-3	-227	1	-843
-11	-237	7	-397
-1	-66	-7	221
5	-4988	-5	852
-3	-4295	5	1154
-11	6883	-7	961
5	-263	-3	347
-3	1663	3	-407
1	225	1	-883
-10	733	-7	-1009
-5	-217	-11	-839
-14	-253	11	-401
8	-55	1	212
-7	-4965	-8	857
-1	-4283	6	1137
4	6838	-1	956
1	-271	-11	335
-13	1643	3	-407
3	220	1	-883
-11	709	-11	-995
-1	-225	1	-837
1	-246	13	-401
-5	-71	1	209
-11	-4910	-5	854
-16	-4197	1	1141
-5	6763	-1	935
-10	-265	-1	333
-9	1608	9	-413
6	217	-6	-879
3	717	0	-979
3	-199	-1	-827
1	-238	19	-375
-3	-78	-1	201
8	-4923	9	837
5	-4223	-3	1127
2	6803	-5	934
6	-261	-3	323
-9	1632	15	-395
-9	231	-4	-872
-6	731	-11	-983
-1	-221	9	-824
-4	-233	3	-399
5	-57	-1	211
-9	-4831	1	842
-11	-4130	-4	1129
7	6661	-1	953
5	-251	-11	335
-2	1601	7	-399
-1	211	-1	-865
-4	703	-7	-969
-5	-222	-9	-819
-9	-253	7	-389
8	-78	-23	208
-9	-4873	-1	821
1	-4215	-7	1106
5	6721	-1	918
1	-281	11	311
-11	1619	9	-393
1	202	5	-851
-5	713	-3	-961
3	-222	1	-819
-3	-243	15	-403
-9	-66	4	195
-8	-4909	-3	842
-15	-4181	4	1123
-5	6753	1	929
5	-264	-9	333
-5	1614	9	-395
-1	210	1	-861
-5	701	1	-973
1	-211	-1	-815
-7	-252	11	-389
3	-65	-5	209
-8	-4881	-7	835
1	-4167	1	1129
2	6725	-1	934
10	-269	-8	340
-11	1606	15	-393
-1	219	-9	-853
-3	704	-11	-974
-1	-217	3	-810
0	-235	11	-391
-3	-76	-11	223
-13	-4911	13	825
-13	-4200	8	1123
-3	6785	1	937
-3	-263	-3	335
-10	1633	13	-391
-1	215	4	-859
-12	703	-13	-979
-5	-211	-5	-825
-13	-245	5	-401
3	-51	-13	213
1	-4901	10	833
-13	-4210	-9	1143
-1	6755	-3	946
-1	-297	-17	339
-15	1623	-3	-409
-3	212	-7	-859
-9	709	-13	-985
-3	-199	3	-806
-7	-235	9	-381
-9	-67	-5	217
0	-4902	-3	830
-5	-4136	12	1127
0	6755	5	927
5	-279	10	345
-9	1626	1	-401
-1	212	15	-869
5	713	5	-995
11	-197	1	-817
5	-238	15	-377
3	-68	12	213
-5	-4827	-9	833
-13	-4047	-1	1135
2	6612	-11	924
-7	-323	7	332
-9	1593	18	-401
1	251	-3	-847
-17	691	-17	-967
-13	-235	-4	-811
-12	-273	1	-393
-7	-99	-7	225
2	-4811	-13	825
3	-4074	-9	1107
-7	6619	5	917
-7	-243	-4	337
-18	1625	3	-399
1	230	15	-845
-5	739	1	-959
-1	-220	20	-795
-7	-249	5	-385
15	-89	5	215
-11	-4872	-5	825
7	-4159	1	1112
-4	6703	-1	928
3	-273	-3	331
-5	1627	19	-371
10	192	29	-837
-21	716	-5	-959
3	-235	15	-814
-13	-235	13	-409
-11	-55	-7	169
2	-4794	-1	804
-9	-4037	9	1111
-13	6573	-13	933
-3	-297	-15	343
-9	1585	11	-391
3	185	-13	-847
-11	693	-11	-971
-5	-215	9	-811
-8	-228	15	-387
-14	-67	-7	209
0	-4731	-7	817
-9	-3989	10	1097
-7	6515	-5	916
4	-266	-3	332
-5	1572	3	-385
1	209	-1	-853
-16	708	-7	-943
-1	-217	9	-798
5	-241	3	-369
-7	-51	-1	209
12	-4630	13	815
-1	-3917	15	1087
-9	6364	-5	899
1	-246	-1	321
-1	1541	9	-385
-13	192	-13	-834
-8	671	-3	-929
-1	-212	3	-777
-9	-233	25	-365
-1	-73	-4	199
-13	-4655	-1	798
-3	-3981	-15	1057
-11	6409	-1	884
1	-265	-4	301
-4	1547	-5	-371
-3	183	3	-819
-17	687	-5	-923
-11	-194	-1	-785
-11	-248	19	-367
1	-51	-1	191
-12	-4599	5	797
-7	-3886	-6	1067
4	6311	9	895
3	-269	12	303
-16	1523	11	-381
-1	191	-4	-823
-9	675	-5	-921
-5	-192	9	-769
-10	-233	19	-355
5	-65	-7	195
-5	-4651	9	783
-5	-3939	-3	1053
-7	6377	1	872
-3	-251	-13	308
3	1535	7	-361
-15	197	9	-807
-8	677	3	-914
-9	-207	-7	-781
-13	-253	15	-369
-7	-53	-17	187
-5	-4599	-3	791
-22	-3915	-1	1073
1	6323	8	883
11	-235	-1	329
-5	1518	15	-365
-9	185	-1	-823
-11	669	1	-915
-3	-192	7	-755
-7	-243	23	-361
1	-71	-13	204
-11	-4661	1	788
-3	-4012	-3	1056
1	6436	13	875
1	-256	-3	322
-14	1549	5	-377
5	181	5	-811
-2	679	-11	-917
-1	-194	13	-778
-17	-246	-3	-375
-5	-58	-15	199
0	-4718	-7	805
-14	-4007	-1	1073
-7	6493	-9	899
-3	-259	5	323
-5	1566	11	-379
1	192	-6	-823
-7	679	-3	-929
-1	-199	-1	-775
-11	-237	17	-391
-5	-63	-17	219
-2	-4653	-3	797
-9	-3935	-7	1097
3	6407	-9	896
-1	-253	-11	323
-7	1537	-2	-373
3	197	1	-817
-9	684	-13	-930
-5	-193	-3	-766
-4	-247	17	-361
5	-66	1	215
-2	-4763	-7	793
-15	-4076	3	1081
-11	6575	7	887
1	-243	-11	321
-6	1579	3	-375
-8	189	3	-821
-4	693	-1	-943
1	-217	-5	-797
12	-257	5	-375
8	-50	-5	214
-9	-4677	-5	806
-7	-4011	3	1119
0	6446	3	909
-1	-267	-7	330
0	1549	5	-393
3	186	3	-833
-7	677	-3	-947
10	-207	-5	-779
-1	-239	15	-355
5	-63	-4	217
-16	-4667	-9	796
-7	-3963	-1	1075
-5	6421	-5	885
-10	-243	10	317
-12	1536	5	-379
4	205	-6	-827
-9	681	-17	-925
-5	-199	-3	-775
-11	-253	11	-379
-13	-61	-3	189
-3	-4523	-1	791
7	-3835	-9	1063
2	6221	-1	886
3	-238	11	315
3	1495	3	-375
3	201	4	-819
-3	668	-13	-911
-3	-194	9	-758
-5	-249	7	-365
5	-71	-11	207
-1	-4546	-1	769
-1	-3896	13	1045
-7	6287	-10	865
3	-225	-1	307
5	1510	13	-347
1	191	-6	-794
-4	663	-9	-909
5	-197	5	-757
-2	-257	13	-367
11	-71	-4	195
1	-4582	-7	778
-1	-3973	11	1047
-10	6345	11	871
-8	-239	-12	309
-15	1523	15	-375
-5	186	14	-809
-2	673	-5	-917
-3	-197	9	-776
-7	-249	13	-373
1	-43	-12	201
-5	-4617	3	795
-5	-3971	6	1063
-5	6375	11	889
1	-258	-1	311
-5	1523	5	-381
10	185	8	-809
-1	663	3	-915
-3	-191	-7	-773
5	-239	21	-355
-1	-65	-4	185
1	-4641	1	785
-1	-4017	-5	1055
-5	6419	1	884
-3	-229	5	316
-5	1539	23	-369
-3	197	-4	-819
-6	679	-9	-919
-11	-213	-7	-777
-13	-247	3	-369
3	-60	-3	191
-1	-4645	11	799
4	-4002	-1	1067
-5	6407	-2	907
-5	-245	-7	315
-6	1526	17	-381
1	199	-17	-825
-4	657	1	-927
3	-204	1	-769
3	-251	3	-361
1	-60	-8	197
-3	-4747	-5	777
-5	-4145	-4	1059
-7	6568	3	889
-9	-257	9	329
-4	1577	17	-373
-5	181	5	-835
-2	677	-9	-935
4	-197	3	-791
-9	-264	19	-387
5	-51	-5	197
-9	-4718	-5	822
3	-4061	-11	1097
2	6507	7	903
-3	-246	-5	319
-5	1551	5	-403
-5	203	25	-849
-3	675	-17	-943
-5	-185	-4	-795
-9	-246	15	-375
-1	-78	11	215
-14	-4779	1	789
-9	-4115	7	1077
-11	6609	11	896
11	-235	1	328
-7	1574	2	-387
1	212	-1	-831
-14	686	-5	-953
-5	-210	-9	-807
-11	-279	5	-389
-7	-55	-13	199
-11	-4813	-3	821
-11	-4164	1	1109
-9	6635	-5	919
1	-228	-13	343
-5	1609	9	-385
3	202	-6	-851
0	693	-7	-959
1	-207	12	-807
-5	-265	3	-393
-5	-73	-6	208
5	-4833	-2	812
5	-4207	15	1121
7	6689	1	922
3	-261	15	334
-4	1599	19	-395
1	187	10	-849
-1	697	-5	-971
8	-215	5	-802
-1	-273	5	-383
7	-43	6	203
-7	-4778	1	821
7	-4123	5	1117
-10	6591	-3	915
-5	-251	-11	333
-3	1579	3	-401
-13	173	4	-845
-21	679	-1	-969
1	-211	-1	-797
-16	-281	1	-395
-5	-71	-9	199
-4	-4697	-17	807
-1	-4048	-1	1101
-14	6480	-11	912
-1	-249	3	332
-9	1555	15	-385
-5	205	7	-843
0	684	-7	-940
-3	-193	9	-778
10	-251	15	-371
3	-48	5	215
9	-4659	25	811
19	-4023	17	1096
15	6432	8	887
1	-217	17	317
-5	1559	17	-375
8	195	19	-816
-3	677	9	-945
3	-183	10	-781
5	-273	25	-381
-5	-48	11	204
-13	-4522	3	797
-19	-3929	-3	1069
-3	6235	-1	892
-3	-253	-17	319
-19	1489	9	-383
-9	181	1	-817
-17	645	-21	-921
-5	-187	-13	-761
-13	-270	5	-359
-5	-53	-25	201
-1	-4529	-5	778
-7	-3925	-17	1035
-7	6265	-7	847
10	-229	3	311
-3	1503	13	-361
10	181	3	-787
-9	661	-3	-891
7	-171	-1	-765
-1	-256	17	-369
17	-37	12	193
18	-4503	1	791
5	-3878	18	1047
9	6229	17	860
13	-235	1	301
-9	1487	13	-375
-5	181	12	-803
8	660	-5	-893
-7	-171	6	-752
-11	-271	15	-363
-5	-53	-15	185
-5	-4511	-13	767
-3	-3917	-7	1031
-9	6237	-3	859
-19	-215	-17	297
-23	1496	9	-361
-11	173	-6	-806
-14	645	-19	-893
-5	-187	-9	-755
-9	-265	5	-353
-1	-58	-1	193
-7	-4496	-11	798
1	-3950	3	1036
-3	6241	-3	866
-1	-238	-17	308
6	1487	19	-365
7	189	-1	-795
0	661	-1	-903
-3	-179	5	-752
1	-251	19	-355
19	-47	-1	199
2	-4551	15	770
1	-3941	9	1042
-7	6297	15	869
-12	-231	-19	305
-9	1491	15	-365
6	199	-11	-801
-11	649	-15	-907
-5	-166	-15	-773
-16	-249	9	-357
-17	-65	-9	187
-17	-4599	-7	771
1	-3981	-7	1041
-15	6341	-1	876
-3	-233	-23	316
-7	1513	15	-369
-9	199	-7	-815
-14	660	-9	-895
1	-181	-11	-766
-3	-259	13	-373
1	-47	-7	191
-12	-4557	13	781
4	-3948	15	1061
5	6299	3	879
11	-209	-1	313
-1	1515	23	-369
-3	183	-1	-822
-3	665	-7	-913
5	-171	7	-757
7	-267	21	-363
8	-65	-6	212
-9	-4602	-5	773
-1	-4030	-1	1057
-10	6379	-1	871
-7	-241	-7	304
-11	1513	3	-379
-7	187	-9	-807
-13	661	-15	-913
8	-189	1	-769
-7	-278	3	-365
-11	-37	-11	197
-11	-4593	-15	796
-5	-3971	1	1067
-6	6355	-1	885
-3	-231	-5	319
-3	1507	11	-385
1	215	27	-821
-3	657	-5	-919
5	-169	1	-765
-9	-257	9	-365
-1	-40	-13	189
5	-4555	-5	783
10	-3943	16	1073
-10	6301	-3	872
-3	-219	-11	311
-1	1487	9	-379
-5	207	-7	-807
-5	660	-7	-918
-5	-181	-6	-752
-5	-259	11	-363
-1	-43	5	209
-3	-4550	-11	773
-13	-3951	4	1047
-7	6303	-15	869
-19	-221	1	309
-7	1516	3	-377
-8	195	7	-796
3	659	-15	-919
-1	-181	10	-761
2	-263	5	-373
1	-66	6	211
-1	-4592	-13	768
-3	-4009	7	1058
-6	6365	7	867
-17	-238	6	326
-5	1531	5	-383
3	192	3	-801
1	665	-9	-917
10	-173	13	-769
-7	-259	10	-367
-3	-45	-4	205
4	-4559	7	786
-1	-3961	17	1067
-8	6323	-1	879
-5	-240	14	321
-5	1505	7	-391
-3	197	-1	-798
-9	669	-9	-917
-13	-189	-13	-765
1	-240	7	-357
3	-53	1	205
0	-4607	1	779
-10	-4007	7	1063
-2	6369	5	872
3	-239	4	309
-3	1517	-3	-379
-11	209	1	-813
1	666	-11	-928
-3	-186	1	-779
-7	-261	9	-375
-7	-49	3	199
-14	-4647	1	793
6	-4075	6	1065
1	6442	3	881
1	-215	13	309
-9	1548	27	-377
1	199	7	-823
-4	669	-9	-911
-5	-195	1	-775
-7	-263	7	-369
-3	-47	-5	199
-11	-4581	3	794
-7	-4039	-1	1074
-4	6361	-1	906
-9	-228	-9	316
0	1525	11	-379
3	203	-7	-823
-5	667	-9	-915
17	-169	11	-774
-11	-275	11	-357
13	-37	-1	195
-7	-4579	-1	789
-9	-3992	-1	1059
-7	6355	1	891
-1	-237	1	319
5	1511	5	-371
1	193	-3	-805
-7	657	-9	-917
3	-163	1	-767
-10	-269	15	-359
-7	-45	-6	193
-11	-4611	-7	787
-11	-4025	3	1059
-12	6373	5	884
-9	-233	-13	305
-1	1511	8	-361
-11	205	-9	-815
-12	662	-7	-918
-8	-181	-14	-767
-13	-267	3	-367
-1	-65	-13	195
3	-4642	7	801
-3	-4066	-4	1064
-19	6431	7	887
3	-213	1	305
-11	1530	13	-371
5	201	-9	-813
-5	665	-7	-909
3	-183	-1	-785
-5	-271	21	-369
10	-29	-3	189
-9	-4612	-15	814
-1	-4076	7	1080
-6	6400	5	895
-16	-225	-9	334
-19	1517	21	-383
7	199	3	-821
-13	651	-5	-923
6	-187	1	-777
-3	-273	15	-357
-1	-47	6	191
-11	-4665	-1	797
-5	-4064	1	1065
-8	6459	3	893
-5	-222	-3	319
-3	1527	17	-383
-9	199	1	-816
-9	669	-3	-919
-5	-158	-3	-787
-21	-254	9	-377
-5	-51	-5	207
-2	-4707	1	795
-5	-4085	-13	1083
1	6521	1	898
6	-237	-15	330
-5	1535	11	-371
-9	233	9	-831
-11	663	-7	-930
-9	-181	-9	-779
-18	-271	9	-383
-3	-51	-9	213
-12	-4629	-5	797
3	-4075	-1	1097
-5	6420	-8	917
-7	-205	-4	327
-13	1531	5	-393
-5	210	-5	-833
-17	663	-15	-935
-10	-167	20	-783
-9	-273	5	-367
-5	-43	3	205
1	-4623	-13	790
7	-4087	-1	1066
-2	6413	3	898
-7	-221	-9	329
-5	1521	-1	-381
-1	227	3	-813
-11	661	-11	-929
4	-159	7	-784
-7	-273	10	-375
-3	-37	1	195
-11	-4595	-13	793
3	-4027	1	1077
2	6381	-9	885
-3	-227	-9	327
-5	1515	1	-389
11	231	3	-809
-11	659	-11	-937
-3	-175	5	-759
-11	-254	7	-361
-11	-53	-3	189
0	-4651	-5	791
-7	-4100	7	1069
5	6474	-3	874
-1	-213	-1	329
-9	1521	15	-369
-9	230	5	-809
-16	678	-5	-922
-8	-171	17	-768
-1	-273	5	-367
-5	-48	3	193
-7	-4680	5	799
-3	-4136	13	1100
-9	6486	3	913
1	-210	-3	309
-7	1557	9	-373
-1	215	17	-823
6	661	-3	-923
-3	-174	1	-779
-1	-273	9	-377
-13	-43	-7	212
-5	-4731	-3	814
-7	-4195	-11	1088
-8	6573	-7	917
-5	-229	-11	331
-4	1577	7	-385
-7	213	-3	-825
-13	691	-5	-941
-7	-163	-3	-789
-13	-272	-1	-377
-11	-19	3	209
-3	-4663	3	810
3	-4093	-6	1093
-1	6459	-9	911
-5	-246	-11	335
7	1544	23	-389
1	231	-1	-837
-3	679	1	-933
-5	-171	-1	-781
-8	-278	7	-363
1	-42	1	203
-7	-4659	-1	791
5	-4095	-1	1065
-14	6485	5	894
4	-249	-3	340
-11	1537	8	-365
-1	253	-1	-827
-18	680	-9	-937
-5	-195	5	-793
-7	-293	11	-361
3	-50	3	203
-17	-4664	1	815
6	-4123	8	1078
-7	6499	10	909
-5	-253	-6	321
-5	1571	17	-377
3	247	1	-824
-10	669	-7	-941
1	-215	12	-795
-3	-293	17	-373
11	-37	-6	198
-7	-4615	-1	805
-5	-4103	-1	1083
6	6448	5	912
-1	-284	-12	327
-1	1535	21	-361
9	256	14	-829
-9	651	-15	-939
3	-197	5	-792
-5	-311	15	-375
5	-45	-5	193
-7	-4725	3	799
-13	-4159	5	1071
-5	6577	1	901
-7	-275	-1	329
-5	1568	5	-375
11	279	-9	-819
-5	677	-2	-933
-11	-189	-5	-813
-17	-290	15	-383
-1	-71	-5	191
-5	-4737	1	803
1	-4183	-7	1097
-13	6599	3	928
-5	-265	-5	345
-1	1585	9	-371
-9	303	12	-827
-10	675	-9	-956
-1	-197	-1	-806
-5	-307	17	-403
12	-45	-7	187
-1	-4757	-3	811
3	-4218	-6	1096
-11	6654	-19	921
-5	-285	-6	351
-12	1597	7	-369
-14	276	12	-834
-2	683	-17	-969
-3	-203	1	-809
3	-301	7	-407
6	-37	-7	196
-5	-4739	-11	805
3	-4209	1	1127
5	6615	1	937
1	-303	-1	361
-4	1581	7	-381
3	287	16	-839
-21	683	5	-973
4	-209	15	-821
5	-327	0	-401
-1	-42	-15	189
-15	-4787	5	805
-1	-4215	17	1105
1	6695	5	909
-5	-310	-9	341
5	1611	19	-373
-3	297	1	-827
-13	697	-5	-965
-1	-209	1	-831
-9	-315	19	-401
1	-63	1	183
1	-4815	-3	817
-15	-4220	-1	1119
-2	6701	1	944
6	-310	1	355
-1	1619	0	-375
-5	313	7	-847
-14	694	1	-974
-9	-213	-9	-826
-8	-309	1	-415
-5	-48	1	189
-7	-4783	11	813
-9	-4233	-7	1115
-1	6688	-8	941
-9	-307	9	361
-3	1629	9	-383
1	303	-1	-839
-11	689	-15	-969
-1	-210	10	-833
-19	-325	11	-405
4	-43	-7	196
-11	-4778	-15	816
-11	-4267	-14	1127
-10	6681	-5	936
-5	-321	-5	366
-5	1613	1	-357
3	309	7	-843
-7	683	-7	-973
6	-225	8	-831
-7	-330	7	-407
-1	-51	-4	183
-7	-4789	-13	816
-1	-4219	1	1115
-1	6693	-7	937
9	-313	-13	371
-14	1622	11	-369
10	321	5	-843
-5	695	-16	-973
-7	-220	-4	-833
4	-329	13	-412
-7	-71	1	171
-9	-4807	-3	807
-5	-4202	10	1113
5	6689	1	950
8	-325	6	373
-1	1622	-3	-345
-11	351	-5	-845
-2	702	-7	-965
3	-235	-7	-845
-7	-321	13	-413
5	-57	-13	191
-10	-4759	-1	803
6	-4223	-6	1105
5	6664	0	949
-9	-309	-11	367
-3	1629	7	-349
-3	331	-1	-839
-12	697	-7	-965
1	-212	-3	-839
-9	-344	13	-419
8	-48	-6	183
-9	-4757	8	808
3	-4255	-6	1117
-3	6655	7	952
3	-319	-3	368
-6	1623	11	-353
-1	325	3	-827
-19	687	-9	-973
3	-197	11	-833
-13	-337	8	-425
11	-49	-1	169
-9	-4752	1	804
-1	-4197	-1	1113
4	6627	3	953
3	-301	-1	379
-3	1595	11	-345
-3	341	-3	-825
-7	687	-13	-957
7	-197	1	-837
7	-331	5	-420
-5	-66	-11	173
9	-4803	-7	791
-7	-4257	3	1107
0	6701	-3	942
1	-291	13	361
-5	1615	3	-349
-3	351	19	-819
2	700	-9	-968
3	-215	17	-836
-3	-339	19	-435
-1	-53	-5	165
-7	-4783	-1	809
13	-4265	17	1127
-11	6685	7	953
-3	-289	-9	376
-7	1617	7	-357
-8	338	-3	-839
-7	693	-9	-967
-3	-204	1	-833
-9	-331	15	-431
6	-58	-4	175
-5	-4814	-9	806
-3	-4328	-4	1117
-3	6751	7	951
-13	-313	-15	382
-13	1637	13	-353
5	333	-9	-841
-17	683	-11	-973
-3	-193	-1	-841
-19	-333	1	-425
-7	-50	-4	167
0	-4829	-3	806
-7	-4331	1	1119
-5	6791	-5	957
3	-315	-1	367
2	1633	15	-367
-3	336	-6	-831
-11	699	2	-981
-3	-217	1	-831
-7	-339	7	-423
-7	-55	-9	165
-5	-4847	-7	813
1	-4341	-9	1125
13	6777	5	964
11	-302	-1	377
-5	1625	2	-351
-3	343	6	-857
1	707	-5	-991
-1	-217	-6	-845
-6	-329	-5	-423
-3	-51	-1	181
5	-4879	-11	819
-11	-4399	-3	1131
-9	6861	-2	967
-9	-303	-21	377
-3	1657	15	-359
-1	354	19	-843
-6	709	-11	-993
3	-222	5	-855
-19	-342	13	-425
-9	-31	-8	182
-1	-4784	5	835
-3	-4367	1	1151
5	6753	9	985
-8	-325	-7	390
-17	1631	11	-363
10	372	5	-845
-16	683	3	-991
-7	-207	1	-843
-5	-357	23	-415
-3	-35	-7	177
-3	-4789	3	810
-13	-4307	-9	1123
-12	6735	3	959
1	-337	-13	383
9	1626	11	-345
3	379	-8	-841
1	695	-11	-991
-5	-205	1	-853
-10	-359	9	-430
3	-47	-9	171
6	-4679	-11	813
3	-4189	12	1127
-7	6583	-3	954
4	-325	-11	371
-3	1591	15	-345
3	403	5	-821
-11	679	-5	-975
-7	-219	-5	-843
-4	-355	9	-421
-14	-43	-5	185
-10	-4723	-3	791
1	-4282	-1	1088
-3	6665	7	935
-3	-310	-9	376
-12	1621	7	-331
-3	395	7	-803
-5	683	-13	-959
3	-212	-7	-849
-23	-363	-1	-435
4	-32	-19	163
-19	-4643	2	808
3	-4239	9	1121
0	6539	-1	964
-5	-323	-6	395
-10	1593	5	-339
-5	390	-5	-823
-1	667	-7	-955
10	-211	-1	-835
5	-359	-3	-421
-7	-43	-4	161
-7	-4685	13	767
-1	-4226	1	1087
2	6597	-3	937
7	-341	-7	387
5	1596	-1	-329
-1	397	-6	-790
-13	659	5	-949
7	-207	1	-839
-5	-361	11	-436
-5	-53	-4	137
-5	-4761	-7	777
-10	-4298	3	1109
-2	6701	-5	944
-3	-325	4	389
1	1609	7	-333
5	415	-1	-817
-8	686	-15	-962
-3	-222	1	-843
1	-367	17	-449
5	-55	-3	153
-3	-4717	-11	791
4	-4299	11	1112
-3	6663	-3	959
1	-307	6	402
-6	1619	13	-335
-1	395	1	-821
-8	685	-7	-975
-3	-219	3	-841
1	-356	7	-449
10	-50	7	160
-5	-4715	7	788
9	-4310	15	1109
9	6645	-9	943
1	-329	1	390
-7	1615	9	-327
-5	392	14	-815
-14	669	-11	-971
1	-207	-5	-845
-11	-371	2	-431
-3	-43	-12	157
-6	-4760	-17	785
-12	-4313	-3	1109
1	6703	1	955
12	-346	-5	385
-7	1611	5	-337
-1	407	-3	-819
-3	681	-11	-975
-5	-215	-1	-847
-9	-355	17	-450
1	-71	-3	156
-2	-4833	1	789
5	-4393	7	1119
-9	6809	-1	950
1	-328	-8	397
-7	1631	-3	-342
-13	421	-3	-813
-4	704	-7	-980
-15	-240	6	-859
-6	-363	13	-451
-1	-58	7	157
-12	-4775	-7	805
-5	-4353	-3	1133
-13	6728	2	989
1	-323	1	400
-12	1641	7	-345
-7	428	1	-841
-13	687	-7	-985
-3	-213	-9	-857
5	-369	11	-445
13	-43	4	158
-7	-4789	-2	798
-3	-4395	7	1114
-9	6753	7	968
1	-338	-12	397
4	1641	21	-333
5	431	-3	-821
-1	687	-5	-981
4	-225	-4	-857
-1	-385	11	-449
-11	-63	-14	153
-6	-4801	-5	796
-3	-4359	6	1131
-2	6791	-3	977
-5	-359	5	395
-13	1633	1	-335
3	418	1	-835
-13	697	-1	-975
3	-223	-4	-857
-9	-359	15	-441
-1	-55	-17	156
-3	-4705	5	795
-9	-4259	-5	1129
-14	6620	3	968
1	-336	-17	409
-11	1607	15	-340
-9	431	-9	-835
-6	683	5	-978
-7	-233	13	-847
7	-365	17	-435
-7	-57	-9	151
5	-4689	-3	789
-3	-4261	6	1082
-13	6619	3	955
1	-329	1	394
-6	1607	11	-311
-5	426	5	-797
-8	699	-7	-961
-17	-229	-11	-849
-9	-377	7	-439
8	-55	-6	141
-9	-4697	7	784
7	-4292	13	1105
-3	6617	5	966
-9	-357	1	403
-7	1603	9	-325
1	411	7	-817
-1	671	-13	-975
3	-211	1	-849
-11	-363	11	-447
-3	-48	-1	149
-4	-4705	-1	780
3	-4285	-1	1101
-4	6631	1	955
-1	-345	-9	397
-3	1607	11	-333
-3	451	-1	-817
-7	677	5	-969
1	-217	-1	-849
-5	-367	-1	-441
-14	-47	-1	129
-11	-4635	-9	781
-10	-4192	-1	1099
-14	6526	-11	954
-5	-338	-9	389
-9	1592	18	-324
-1	455	3	-803
-8	676	-5	-961
-3	-225	9	-839
4	-363	19	-441
-3	-55	-5	149
-3	-4671	1	763
4	-4236	-7	1073
-7	6591	10	937
7	-328	1	391
0	1623	9	-311
15	428	17	-796
-3	693	-11	-967
1	-230	22	-847
-5	-369	23	-447
11	-55	9	149
-1	-4731	-13	776
-3	-4321	23	1110
2	6675	-1	949
-3	-361	-15	403
-7	1633	9	-331
-12	419	-9	-813
-9	693	-11	-967
1	-237	-8	-853
-13	-363	-5	-463
-11	-59	-9	147
-14	-4722	-1	778
-15	-4259	-17	1113
-2	6665	-3	959
-5	-343	-9	419
-5	1626	5	-325
6	427	17	-812
1	691	-2	-979
-3	-227	6	-851
8	-363	11	-454
3	-73	1	152
12	-4797	-1	779
3	-4331	20	1109
5	6767	5	950
11	-356	19	401
5	1645	16	-326
-9	436	11	-805
-10	708	-3	-982
-1	-233	6	-861
1	-357	7	-471
-3	-67	-1	159
-9	-4783	-5	779
-3	-4317	-1	1124
-9	6735	-1	971
-3	-346	1	414
-5	1659	1	-327
-9	418	6	-825
-7	699	-13	-983
-5	-237	-5	-857
-1	-362	5	-451
3	-76	5	154
-5	-4796	-10	791
3	-4369	1	1121
2	6785	-1	972
-1	-361	-5	419
-3	1669	21	-331
1	426	16	-819
0	699	-11	-981
4	-235	17	-869
7	-373	9	-451
1	-53	14	147
13	-4768	5	804
7	-4254	-9	1119
-3	6709	1	981
-3	-372	-1	395
-9	1636	15	-331
-1	435	1	-827
-5	695	-11	-983
-11	-245	-11	-851
-16	-347	5	-456
-1	-66	-15	137
-1	-4733	-15	781
-11	-4229	3	1101
-5	6671	-9	971
-3	-356	-6	395
-3	1637	2	-310
1	439	-12	-807
-7	690	-9	-969
-5	-243	-12	-861
6	-365	15	-443
5	-59	-9	149
-2	-4657	3	781
8	-4185	-8	1106
-3	6547	3	959
3	-343	7	401
-1	1615	15	-327
9	423	11	-808
-7	689	1	-965
5	-243	20	-843
-10	-354	15	-439
1	-69	8	141
-5	-4637	8	771
9	-4190	-6	1080
-7	6527	-1	948
3	-367	-7	385
-11	1603	-3	-309
-10	425	10	-787
-3	681	-5	-955
-3	-247	-1	-847
-11	-369	17	-429
-9	-55	-9	153
1	-4573	-9	778
-11	-4082	-17	1071
-5	6421	5	951
-3	-354	-7	397
5	1570	7	-309
6	413	9	-791
-7	673	-5	-941
-9	-228	13	-827
-8	-343	13	-423
9	-53	4	144
-3	-4463	-5	761
7	-3950	-1	1067
3	6249	9	920
6	-345	1	379
3	1533	7	-307
9	421	7	-787
-6	657	-7	-921
-1	-228	12	-817
-3	-365	1	-415
-10	-66	-7	143
1	-4489	3	743
-5	-4003	-6	1033
-15	6299	-3	893
-11	-339	9	369
-15	1553	7	-297
-1	413	-6	-766
-6	653	-3	-913
-7	-229	-11	-811
-5	-352	11	-431
-3	-69	1	138
-9	-4479	-7	743
-5	-4021	6	1054
1	6301	-11	920
-1	-365	-11	383
-4	1559	5	-315
-1	411	-1	-763
-10	653	-9	-921
4	-228	-11	-808
-13	-341	2	-425
-7	-69	-19	129
-11	-4549	-7	735
-14	-4046	9	1048
-12	6377	-7	911
1	-373	-7	383
-10	1562	5	-301
3	402	6	-756
-7	671	-5	-925
-5	-225	-1	-827
-7	-337	7	-435
3	-73	6	154
-3	-4509	-15	743
1	-4009	18	1073
-3	6325	1	920
-1	-361	-3	393
1	1544	1	-312
-11	419	6	-773
0	675	-11	-917
1	-239	11	-807
-9	-333	9	-431
-3	-83	-15	149
-2	-4583	5	727
-9	-4075	13	1043
-11	6436	-7	921
7	-361	-12	397
-1	1589	21	-295
-8	400	-1	-775
2	689	-5	-935
-12	-237	-7	-825
0	-343	7	-431
4	-71	-11	139
-9	-4607	-11	754
-3	-4125	11	1073
-7	6463	-9	927
3	-390	-15	390
-5	1611	7	-323
1	401	-7	-789
-3	683	-19	-941
6	-253	9	-823
-17	-343	15	-425
-3	-66	-5	139
4	-4629	5	761
1	-4101	1	1067
6	6491	1	925
-7	-377	5	401
5	1609	9	-315
8	423	1	-775
-15	685	-5	-939
1	-233	-1	-819
-5	-331	11	-443
3	-69	6	144
-1	-4623	-7	769
-3	-4097	10	1085
-1	6482	11	936
-5	-379	-1	389
-5	1606	-2	-319
-5	415	-1	-781
-12	688	-13	-929
-12	-251	-1	-836
-9	-339	9	-433
-1	-76	7	155
-12	-4628	-1	759
-5	-4077	-1	1077
-11	6472	-7	935
-5	-372	-4	390
-8	1611	19	-325
-11	413	-6	-779
-4	691	-1	-937
-5	-246	16	-831
-15	-356	5	-441
6	-81	-1	148
-7	-4651	-2	757
1	-4125	14	1083
6	6533	5	932
-13	-387	-7	379
-12	1631	11	-311
-5	410	-11	-785
-15	685	13	-959
3	-243	-1	-835
3	-343	11	-445
-3	-77	-3	145
-6	-4615	1	776
-9	-4027	-1	1069
-2	6447	-3	949
-12	-413	-11	389
3	1607	7	-321
1	413	-13	-792
-15	683	-5	-949
-13	-256	-12	-839
5	-353	7	-419
3	-87	-9	137
-1	-4629	-7	759
-5	-4045	3	1059
-14	6470	1	934
-1	-389	15	395
-3	1607	11	-306
5	418	1	-781
-12	690	-5	-936
-3	-258	3	-824
-4	-331	17	-433
-1	-84	-3	145
-2	-4632	-3	765
8	-4027	15	1067
-13	6456	3	939
1	-379	-4	398
-9	1609	5	-315
3	403	17	-787
-12	671	-1	-935
-3	-257	-5	-821
-23	-348	7	-431
-7	-97	-13	138
-1	-4661	2	758
-1	-4093	1	1065
3	6493	1	928
-3	-427	-12	390
-2	1629	7	-313
-7	402	7	-783
-11	689	-5	-943
13	-271	15	-837
-13	-345	25	-437
5	-85	-1	133
-6	-4703	9	762
5	-4097	6	1087
4	6559	15	941
1	-418	-3	395
1	1640	9	-313
-9	418	11	-789
1	697	-5	-935
-1	-271	14	-835
-12	-347	13	-433
-7	-105	5	146
-2	-4765	5	769
1	-4117	-1	1099
1	6647	-9	952
1	-423	17	405
5	1658	13	-311
5	407	-1	-791
-7	708	-9	-960
5	-273	1	-849
-5	-339	19	-449
-1	-107	3	137
5	-4845	-5	789
-9	-4209	-1	1109
3	6791	9	965
1	-425	9	399
7	1701	11	-335
3	408	-3	-816
-10	721	-7	-973
-1	-294	-3	-849
3	-332	13	-469
8	-94	-4	148
-1	-4757	3	791
-9	-4123	-1	1131
-11	6621	-1	976
-5	-443	-9	409
3	1679	9	-323
-3	413	1	-831
-10	705	-9	-985
11	-271	-4	-849
1	-349	2	-433
3	-87	-17	155
-1	-4757	-1	786
-3	-4082	-14	1085
-12	6635	-3	953
-3	-438	-9	403
-9	1674	-5	-313
4	418	-4	-810
-5	713	-11	-965
-5	-283	13	-861
-8	-341	1	-449
-7	-93	-7	148
-8	-4671	-7	787
1	-4015	-19	1105
-9	6506	7	950
6	-429	-3	405
-1	1652	0	-315
5	413	-3	-811
-8	707	-9	-965
-3	-294	-1	-839
4	-345	-3	-435
-1	-93	-1	149
-7	-4719	-5	777
3	-4035	13	1067
-5	6559	9	941
-1	-418	1	395
-10	1663	5	-313
-3	417	-1	-787
-15	705	-3	-963
1	-269	16	-843
-13	-347	9	-441
8	-73	4	148
-7	-4631	1	783
-3	-3981	1	1088
-2	6450	-5	955
-1	-433	-7	393
-1	1637	9	-307
12	401	-7	-791
-14	701	-9	-957
1	-271	8	-819
-9	-335	7	-423
9	-95	-19	147
-7	-4649	-17	760
-5	-3938	5	1065
-10	6447	-5	933
5	-433	-7	393
2	1633	5	-295
11	407	-3	-785
-1	691	-9	-937
-5	-279	11	-845
-1	-335	5	-452
-7	-94	-9	133
1	-4587	-5	753
-12	-3927	-5	1075
7	6383	-5	926
13	-421	-15	391
-15	1607	11	-299
7	417	1	-787
0	686	-9	-936
3	-285	15	-820
2	-341	3	-435
3	-102	-15	145
-11	-4550	-1	745
3	-3881	-17	1052
-7	6325	-3	911
-13	-405	1	390
1	1615	-3	-289
-3	400	-1	-765
-11	687	-15	-939
-3	-285	-3	-823
-9	-346	9	-431
-1	-91	7	133
-9	-4583	-7	739
-9	-3961	7	1049
-8	6383	-5	916
1	-427	-14	390
-5	1621	3	-305
-9	400	-3	-771
-7	683	-11	-935
4	-271	21	-821
-11	-327	18	-437
-1	-85	-5	127
0	-4545	3	758
-3	-3863	-3	1061
6	6319	-3	927
3	-436	12	401
-5	1600	1	-315
4	391	15	-768
-7	681	-15	-925
1	-281	15	-803
-16	-317	9	-426
-1	-94	-1	132
-5	-4497	-1	727
-13	-3843	16	1049
-2	6237	-3	910
-3	-421	4	381
-15	1574	-1	-295
-3	397	1	-765
-8	686	-9	-927
-3	-289	-13	-811
-1	-331	1	-427
1	-99	-9	131
1	-4534	-7	719
-1	-3884	13	1031
3	6301	7	911
-9	-407	-3	395
1	1613	9	-293
8	387	11	-772
12	695	-1	-915
7	-265	12	-811
-5	-329	15	-445
19	-97	4	131
-3	-4569	9	735
7	-3971	19	1042
8	6391	7	910
13	-438	-7	381
-1	1621	3	-307
3	392	-5	-763
-1	691	-3	-925
-11	-275	4	-827
-11	-339	11	-441
-11	-91	-17	131
-12	-4519	-9	735
-18	-3879	-14	1055
-7	6307	-15	917
-17	-441	-9	377
-17	1600	-7	-309
-7	390	-3	-777
-13	677	-7	-931
-11	-267	-14	-819
-1	-325	5	-426
-5	-101	-5	132
-7	-4573	1	739
-9	-3905	-1	1037
-5	6363	3	912
8	-423	-3	365
1	1602	19	-279
17	413	9	-773
-6	704	5	-919
21	-285	14	-824
13	-313	19	-425
17	-95	3	131
-7	-4609	1	747
17	-3959	13	1053
-11	6435	7	943
5	-409	-1	380
-2	1619	5	-291
9	395	9	-775
-11	693	3	-931
7	-303	-3	-831
-9	-353	5	-423
-19	-96	-8	132
-11	-4570	-11	760
-13	-3973	-3	1056
-3	6355	-15	936
-11	-431	-33	395
-12	1617	-3	-307
-9	405	1	-777
-21	681	-15	-923
-3	-258	-3	-821
-13	-343	10	-425
-1	-83	-19	141
-1	-4563	-1	754
5	-3911	-9	1051
5	6375	1	923
12	-409	-13	399
7	1606	17	-295
10	418	17	-775
-7	691	3	-937
1	-257	7	-831
15	-333	25	-421
23	-94	15	130
4	-4573	7	751
1	-3903	20	1061
9	6349	11	930
-3	-402	8	389
-5	1604	16	-294
-9	407	5	-769
-11	694	-9	-922
-5	-276	17	-806
-1	-331	9	-431
-12	-93	-5	135
-21	-4592	-19	733
-5	-3948	-1	1061
-15	6377	-2	919
-9	-403	-12	387
-24	1617	7	-293
-5	397	-1	-780
-18	681	-17	-931
-10	-289	-7	-817
-9	-341	3	-435
4	-87	-11	145
-3	-4533	-21	753
-11	-3914	6	1064
0	6335	7	932
1	-417	-6	391
11	1603	5	-307
-3	408	-9	-775
7	685	-5	-935
-3	-269	11	-807
-7	-334	11	-431
9	-81	7	155
4	-4599	15	737
-10	-3945	9	1059
4	6421	9	915
3	-390	7	391
-7	1630	9	-301
-1	415	27	-762
-13	695	1	-941
3	-273	-3	-823
-16	-341	5	-452
-5	-89	-4	135
-3	-4641	11	751
-16	-4009	-1	1069
-5	6478	-15	928
-7	-409	-15	395
-11	1635	-1	-302
-13	423	5	-773
-16	691	-21	-938
-10	-294	1	-826
-10	-345	1	-447
-11	-94	-11	137
-5	-4597	-15	753
-15	-4001	-1	1082
-7	6445	3	937
-5	-405	4	397
2	1633	7	-301
1	419	6	-780
-2	701	-9	-949
-5	-271	-9	-825
-7	-344	13	-437
3	-83	9	127
7	-4576	-1	756
-3	-3997	6	1065
-18	6417	13	937
13	-423	6	405
-9	1635	21	-307
-5	405	14	-779
-11	693	-13	-931
-3	-271	-13	-823
-7	-353	15	-433
-11	-71	-12	139
-8	-4541	-7	755
-15	-3930	-3	1067
-13	6331	-3	915
-15	-427	-3	401
-19	1589	-3	-311
-9	423	-5	-788
-11	679	-15	-925
-9	-261	-12	-829
-8	-345	11	-425
-11	-85	-11	134
-7	-4489	-7	737
-3	-3907	-3	1051
-1	6301	7	920
4	-402	-9	397
-7	1585	27	-292
7	431	13	-763
1	707	-5	-925
3	-284	12	-819
5	-353	15	-433
-3	-71	18	137
7	-4479	5	735
11	-3923	20	1045
-5	6265	16	911
-7	-397	5	385
-2	1581	15	-287
-5	421	4	-761
-2	681	-7	-925
-19	-273	-7	-827
-13	-353	-1	-425
8	-81	-3	122
-23	-4549	-17	740
-9	-4030	-21	1045
-3	6373	-9	925
-18	-419	-19	373
-7	1601	13	-287
-19	418	-17	-775
-21	679	-17	-929
4	-261	-3	-833
5	-341	11	-441
-1	-68	-13	129
9	-4527	3	758
-14	-3947	3	1061
-13	6323	9	927
3	-423	-9	393
1	1592	13	-297
3	418	13	-787
-3	687	-3	-935
-3	-263	-1	-823
-5	-345	19	-440
-1	-93	-9	134
-3	-4581	7	753
-3	-4002	-5	1047
-3	6413	9	920
13	-389	-1	381
-9	1598	21	-291
9	436	-7	-775
-14	687	-9	-941
-3	-276	-9	-834
-2	-351	13	-449
1	-84	-11	137
-14	-4559	5	749
-15	-4001	8	1066
-15	6371	-1	943
-17	-389	-23	407
-10	1603	7	-299
5	417	-11	-778
-3	687	-7	-937
-5	-275	-9	-839
-10	-348	13	-427
3	-67	-1	138
3	-4489	-7	750
-1	-3932	11	1044
-1	6273	1	933
3	-411	3	397
5	1585	5	-295
5	410	-1	-773
-7	681	-3	-943
10	-271	1	-816
-5	-347	11	-439
-11	-75	-9	141
-11	-4543	5	738
-10	-3933	-1	1043
-4	6341	1	921
-10	-407	-7	405
-7	1587	5	-289
-3	409	4	-755
-7	681	-11	-925
-11	-274	-9	-811
-4	-335	13	-435
-10	-84	-1	131
-8	-4561	-9	733
-16	-3976	12	1057
-9	6369	-5	920
4	-387	1	405
-5	1589	10	-291
-1	415	3	-777
-14	684	-7	-940
-7	-269	-5	-827
2	-349	7	-441
-1	-97	5	141
-16	-4587	-3	733
3	-4011	6	1067
3	6415	-5	925
-9	-387	9	391
-1	1615	7	-293
-1	413	11	-773
-11	695	-7	-949
1	-283	1	-825
-12	-345	5	-447
4	-63	-8	121
-7	-4541	-8	741
-11	-3979	1	1072
-16	6359	-5	934
-15	-411	5	397
-9	1595	7	-315
-5	408	-9	-775
-5	699	-11	-935
3	-271	11	-814
-11	-341	11	-441
-11	-87	9	143
-3	-4611	9	738
-9	-4009	17	1059
5	6443	11	925
-1	-431	7	407
-5	1620	1	-309
4	405	6	-784
-21	695	-2	-923
-5	-287	-3	-829
-15	-345	7	-452
-5	-91	-7	125
-7	-4597	-11	753
-17	-3986	3	1075
-9	6429	-11	930
-3	-399	-9	403
-1	1619	11	-301
-7	426	9	-797
-12	696	-17	-948
-7	-273	4	-835
-7	-333	11	-435
1	-99	12	143
-3	-4622	-5	761
-3	-4046	-4	1059
-5	6470	8	951
5	-402	-3	392
-15	1637	9	-303
1	407	1	-786
-8	707	-9	-955
12	-282	-11	-845
0	-337	13	-443
-3	-91	6	132
-7	-4621	1	764
-9	-4066	11	1072
-11	6478	13	948
-5	-420	-6	387
-11	1631	5	-307
1	413	-9	-799
-5	713	3	-951
-3	-264	-6	-837
-7	-347	15	-431
-9	-83	-4	141
1	-4679	-9	763
-9	-4041	-11	1071
-10	6527	5	943
-1	-417	-15	391
-1	1643	13	-309
6	423	6	-792
-9	715	3	-957
-9	-287	1	-841
-7	-335	7	-437
7	-91	-5	132
-1	-4667	-1	769
-5	-4059	14	1079
-2	6510	5	944
1	-415	1	397
-13	1645	10	-310
-1	421	9	-803
-14	717	-11	-954
1	-297	-17	-851
-8	-343	11	-451
3	-83	-7	131
-1	-4614	-5	761
4	-4033	15	1084
3	6453	-3	943
-11	-390	-12	387
-12	1631	-9	-299
-9	426	-1	-796
-2	701	-5	-953
3	-271	-9	-845
-9	-345	11	-431
10	-68	-11	143
-1	-4625	13	762
-7	-4048	-11	1080
2	6453	-1	946
-1	-415	-4	405
2	1625	7	-301
-5	417	7	-789
-9	705	-5	-947
15	-271	1	-833
-15	-355	8	-443
-9	-73	-9	125
-6	-4585	7	772
-1	-3950	4	1081
-5	6373	-3	939
5	-427	-5	405
0	1596	11	-309
8	423	13	-780
-5	691	-15	-953
5	-271	9	-823
0	-353	13	-430
3	-84	-1	139
4	-4609	-5	749
3	-3994	7	1071
-5	6438	1	926
10	-403	-3	397
-3	1615	16	-301
-1	421	17	-775
-7	699	3	-947
1	-275	3	-828
-10	-351	15	-441
-1	-81	3	145
0	-4553	-3	755
-13	-3959	15	1082
-11	6355	-8	935
-3	-395	1	411
-5	1603	1	-315
-1	415	11	-792
-11	681	-7	-945
-7	-284	20	-825
-17	-355	9	-435
-5	-93	-13	149
-11	-4569	-11	735
-11	-3989	3	1061
0	6385	-9	922
-13	-423	-6	399
-3	1605	9	-293
3	408	20	-773
-9	689	-9	-945
3	-258	-3	-816
-9	-351	3	-447
5	-85	-4	141
0	-4625	3	747
-13	-3983	21	1079
-5	6419	5	927
7	-427	-5	405
3	1618	5	-303
-3	405	4	-777
-5	695	-7	-933
9	-281	5	-819
-11	-345	7	-439
-15	-81	1	144
-11	-4589	-11	753
-11	-3961	3	1079
3	6397	1	924
-1	-413	-18	407
-1	1611	7	-302
-9	410	-1	-773
-6	691	-1	-942
-1	-292	4	-828
-2	-353	19	-437
-7	-99	-17	141
7	-4644	-11	747
-1	-4038	-4	1064
1	6482	-3	935
1	-415	1	405
-1	1639	15	-293
-3	399	4	-776
1	701	-15	-951
5	-284	12	-841
-2	-347	-3	-447
-1	-102	1	148
-9	-4665	-8	762
-5	-4074	1	1088
3	6516	-1	941
-1	-429	-15	399
-9	1653	1	-313
3	411	14	-799
-12	699	-19	-961
3	-282	-1	-849
-3	-339	-2	-445
-5	-85	-9	135
-5	-4746	3	761
-5	-4113	3	1083
-2	6633	-3	949
-11	-443	1	401
0	1662	7	-309
-7	409	-15	-803
5	719	-5	-947
-9	-287	-12	-869
-4	-339	7	-454
-1	-78	-11	144
-3	-4723	3	795
1	-4100	14	1105
3	6604	5	966
4	-433	8	391
3	1664	3	-311
7	423	13	-809
-14	728	-9	-973
1	-299	1	-849
-7	-349	23	-443
7	-96	3	143
-9	-4797	-5	777
-5	-4154	6	1096
-9	6690	3	977
-5	-419	-1	390
-3	1697	5	-313
-1	401	-1	-818
2	729	-7	-973
5	-303	-13	-857
-7	-352	13	-449
8	-81	-15	137
-7	-4727	-16	796
-5	-4099	1	1115
-4	6595	11	977
-3	-451	-15	403
-14	1673	5	-327
-1	423	3	-823
-1	715	9	-985
4	-289	-3	-861
-5	-353	13	-437
7	-83	-7	141
-14	-4728	-5	771
-5	-4058	-1	1083
-9	6577	3	949
-5	-443	-9	399
5	1666	5	-315
4	413	1	-801
-1	725	2	-983
-5	-275	-9	-857
-15	-347	7	-456
-9	-101	-21	143
6	-4755	3	769
-7	-4074	-13	1093
-10	6627	1	960
4	-421	-9	395
-5	1664	19	-306
-5	425	-11	-799
-6	726	-5	-973
7	-289	-3	-845
-10	-353	3	-461
-1	-77	-15	141
-11	-4735	-3	777
-5	-4081	19	1104
11	6585	3	981
-9	-427	-14	398
-1	1677	11	-319
-1	413	-7	-816
5	711	-17	-977
5	-283	-9	-851
7	-356	9	-457
3	-78	6	153
-7	-4711	3	778
3	-4071	-1	1109
-4	6556	1	956
-1	-438	-6	405
2	1655	1	-319
1	401	3	-801
-12	716	-17	-979
-3	-269	3	-853
-3	-359	11	-457
1	-87	-4	149
-16	-4724	-3	776
-9	-4041	11	1099
3	6543	-1	943
-7	-445	-9	415
-12	1648	9	-323
1	401	1	-800
-3	713	-15	-967
-5	-279	11	-855
-11	-341	11	-454
-1	-91	3	135
-10	-4773	3	761
1	-4105	16	1103
5	6630	-7	950
1	-435	4	403
-7	1689	10	-314
-9	421	11	-785
-10	732	-15	-980
-7	-289	9	-851
-13	-363	1	-455
-3	-83	-15	143
-5	-4652	-11	769
11	-3989	8	1102
-3	6474	7	967
-5	-433	-4	416
-2	1653	-5	-315
-1	405	3	-799
0	723	-13	-971
-3	-282	5	-829
-9	-352	9	-443
4	-81	-1	156
-1	-4723	-7	758
-11	-4089	13	1077
0	6567	11	943
5	-444	-9	405
5	1667	5	-303
3	402	10	-787
-13	715	-1	-965
11	-283	-6	-847
-1	-353	8	-461
-13	-87	-9	143
-6	-4713	3	767
-7	-4038	-9	1105
2	6555	5	959
5	-445	-21	401
-9	1666	17	-317
-17	405	11	-805
-9	713	-5	-969
-11	-294	-3	-847
2	-339	13	-451
-7	-89	-12	143
-2	-4721	3	773
-5	-4035	-9	1089
-13	6562	3	942
-3	-441	-3	405
-11	1675	13	-318
5	417	1	-795
2	733	-9	-968
-1	-289	15	-849
11	-357	7	-441
-3	-93	14	143
0	-4713	-9	783
-9	-4059	6	1081
-3	6567	-3	951
-9	-429	7	393
2	1665	15	-309
-7	395	17	-797
-13	715	-11	-951
-3	-282	1	-855
-17	-357	3	-445
-1	-89	-19	150
-9	-4711	-3	764
-3	-4087	-13	1083
-14	6581	3	955
-5	-438	-1	395
0	1673	13	-303
1	401	7	-801
-12	721	-11	-965
-5	-287	1	-849
-7	-357	9	-447
-9	-81	-4	137
3	-4771	-1	778
-5	-4110	9	1093
10	6627	-3	961
-7	-433	3	399
-1	1674	7	-325
10	400	-6	-809
-11	719	-3	-967
7	-279	19	-855
-14	-345	9	-450
-3	-75	-7	142
-5	-4707	-9	787
-14	-4019	-1	1107
-3	6528	-5	962
-3	-438	4	401
1	1649	3	-307
-1	417	-9	-811
-11	715	-9	-967
-13	-284	-9	-847
0	-349	13	-443
1	-89	-1	143
-3	-4747	-9	759
3	-4083	1	1071
5	6605	5	951
-11	-411	-13	394
-6	1669	9	-303
3	397	3	-797
0	733	-1	-965
10	-285	12	-855
-7	-348	5	-449
4	-76	-11	152
5	-4777	-5	789
-1	-4109	4	1109
-7	6631	9	960
-5	-451	-9	403
0	1673	1	-315
1	411	10	-811
-10	722	-7	-981
4	-297	-3	-861
-11	-351	3	-445
-11	-81	-3	147
-8	-4747	-9	780
3	-4071	-1	1111
1	6619	1	955
-7	-436	-9	407
1	1672	9	-333
-5	399	-4	-808
-11	725	3	-967
-3	-277	-1	-853
-2	-357	15	-439
3	-84	-9	147
2	-4811	-9	781
-3	-4115	5	1103
-12	6663	-3	948
-5	-441	4	381
1	1681	5	-319
-9	413	-7	-803
-1	739	-9	-981
-9	-291	-3	-847
-4	-355	9	-459
-11	-85	-9	149
-9	-4765	-11	787
1	-4091	-15	1111
-5	6615	7	963
3	-413	-12	415
-5	1683	5	-313
-7	408	4	-824
-7	735	-3	-977
5	-287	10	-861
-11	-351	5	-455
4	-81	-13	138
-5	-4824	-2	784
-3	-4187	6	1098
6	6735	5	968
7	-441	1	417
-5	1707	5	-319
-3	400	-5	-817
-14	732	-15	-983
-3	-305	1	-857
-11	-359	13	-461
-5	-78	-14	135
-8	-4803	3	802
-3	-4113	9	1123
-5	6687	3	973
-1	-456	-3	417
-1	1699	13	-331
6	405	-3	-819
-11	731	-15	-991
-9	-292	5	-857
1	-351	5	-452
-5	-89	-3	137
-9	-4827	-3	789
-5	-4172	-9	1119
-14	6717	9	968
-1	-426	3	403
-11	1699	3	-311
3	415	3	-833
-14	737	-15	-977
-8	-295	-7	-869
2	-365	3	-453
5	-84	-11	137
-7	-4773	1	797
4	-4091	3	1124
1	6621	15	983
-1	-415	-3	404
-7	1693	13	-325
-11	418	1	-827
-8	727	-3	-983
-5	-285	-5	-863
-15	-347	9	-453
-7	-95	1	142
-5	-4756	9	792
-7	-4148	1	1102
-5	6657	-1	957
-3	-427	3	393
-11	1691	5	-323
-7	392	7	-811
-16	730	-11	-979
-1	-276	-4	-855
-11	-359	9	-453
-11	-73	-1	139
-7	-4789	-9	794
-7	-4110	1	1111
-5	6661	9	963
-14	-426	-13	409
-9	1682	-3	-333
4	415	-5	-810
-11	731	7	-975
1	-274	-3	-857
2	-355	13	-466
15	-79	-7	143
1	-4773	3	783
-7	-4131	3	1107
-2	6647	-7	958
10	-407	-5	407
-17	1679	13	-319
-3	405	6	-819
-1	723	-15	-979
-1	-283	1	-857
-2	-365	9	-447
-3	-85	7	159
-10	-4805	-5	781
-3	-4161	-1	1110
-3	6702	-11	975
-15	-397	-4	405
-2	1701	3	-319
3	403	5	-808
-12	737	-25	-979
-7	-271	12	-863
-9	-366	1	-463
13	-84	-1	137
-7	-4765	-3	789
-9	-4161	-4	1117
-7	6635	3	978
-1	-426	-9	411
-19	1679	9	-319
5	397	-3	-835
-17	722	-11	-983
6	-289	-13	-861
-7	-359	2	-447
-9	-67	-7	143
-7	-4747	-5	773
-10	-4109	1	1105
-15	6603	-1	961
1	-420	-13	401
-17	1667	1	-323
-1	395	3	-798
-9	711	-3	-977
3	-271	3	-865
-16	-351	-1	-449
9	-63	13	139
1	-4665	-1	767
-7	-4020	7	1107
-5	6494	-1	960
-3	-395	-1	397
1	1624	-1	-313
-11	413	9	-799
-11	713	-9	-970
1	-274	12	-845
-2	-345	19	-441
3	-79	-3	153
-12	-4686	-3	775
-7	-4095	15	1071
-9	6543	3	937
1	-385	9	398
-14	1643	9	-295
-1	405	7	-800
-12	715	-9	-959
-7	-276	-1	-851
-13	-355	7	-449
-11	-55	-1	144
-11	-4693	-3	776
-9	-4139	-3	1089
-3	6560	-15	950
-11	-407	-7	399
-2	1641	5	-321
-7	411	-5	-811
-7	707	-11	-965
-11	-263	1	-851
-7	-361	13	-439
1	-53	6	151
7	-4689	-7	767
-13	-4081	1	1089
-7	6547	-1	961
1	-415	5	397
0	1642	15	-317
-1	393	-1	-801
9	697	9	-949
-5	-265	1	-853
6	-357	15	-431
3	-77	-1	134
3	-4643	5	773
-9	-4035	14	1095
-11	6488	11	958
-1	-405	-5	395
-9	1632	3	-316
-17	417	5	-805
-17	712	-13	-960
-8	-281	-1	-853
-15	-361	17	-441
3	-55	-7	151
-7	-4662	-3	759
4	-4077	5	1081
-3	6501	-3	941
-3	-387	-14	401
-7	1631	9	-309
-7	397	1	-804
-10	723	-17	-955
-13	-256	-5	-857
-11	-368	7	-439
6	-86	-15	142
-13	-4705	13	763
-15	-4153	-17	1081
2	6575	-7	936
-8	-397	-12	397
-7	1651	11	-313
-1	411	-1	-809
-2	711	-15	-957
10	-273	-1	-835
-3	-361	5	-455
-3	-57	-11	131
-3	-4693	-1	782
-8	-4118	-6	1097
-5	6575	5	951
-7	-411	3	405
-17	1637	11	-321
-9	425	-6	-808
5	707	-13	-975
-3	-255	-3	-857
-7	-355	9	-458
-8	-71	6	133
-8	-4747	-7	771
-3	-4174	7	1099
-15	6620	-3	950
8	-413	5	391
-11	1654	11	-311
-9	413	9	-799
-4	710	-7	-965
3	-276	4	-855
1	-357	17	-463
3	-69	10	143
3	-4773	1	779
-3	-4205	-3	1107
-3	6681	-1	961
3	-392	-3	402
2	1683	5	-331
-12	405	13	-818
-5	721	-9	-979
1	-269	7	-867
-9	-361	9	-453
6	-71	9	144
-3	-4799	-3	789
-11	-4233	1	1119
-3	6721	-7	978
-5	-411	-12	407
-9	1681	-5	-329
3	413	7	-819
-7	715	-3	-985
6	-269	6	-857
-5	-367	-1	-453
-3	-59	-9	147
-4	-4792	-5	796
-16	-4209	7	1117
0	6699	-9	973
-3	-408	-3	417
-1	1672	-1	-335
10	423	4	-831
-7	713	-19	-987
-17	-263	-1	-859
-10	-357	9	-453
-12	-75	-1	157
-5	-4807	-9	775
-1	-4219	-5	1121
1	6711	-5	966
-1	-389	-5	417
-5	1691	9	-332
-9	428	9	-815
-1	733	-13	-989
-8	-273	11	-855
-1	-361	9	-459
-1	-85	5	157
2	-4871	-9	795
-3	-4297	-1	1135
-3	6807	-9	977
5	-389	-4	396
-1	1707	1	-313
1	405	13	-829
-7	743	-1	-1003
1	-292	-7	-877
-2	-367	7	-467
-3	-73	-3	148
-7	-4747	-3	810
-7	-4197	3	1137
-6	6641	-15	994
-11	-415	-1	407
0	1671	-5	-333
3	402	-11	-829
-5	715	1	-995
8	-265	-1	-863
-5	-373	23	-451
-3	-69	-13	155
-8	-4828	-5	786
-9	-4254	1	1105
-7	6765	1	963
-3	-421	-11	397
-10	1699	7	-317
4	431	-7	-816
-5	739	-1	-993
-9	-271	-3	-882
-7	-371	11	-468
-9	-55	6	150
6	-4751	3	805
1	-4185	12	1131
-5	6649	3	989
-1	-399	-5	409
-9	1667	0	-314
-3	427	1	-839
-11	722	-5	-991
-9	-271	-1	-857
-5	-377	3	-439
-5	-63	-5	149
-3	-4749	-9	797
-11	-4189	8	1109
-7	6651	3	979
-5	-397	-1	413
-16	1663	7	-307
-1	427	1	-808
-10	717	-9	-975
-9	-261	-13	-861
-12	-373	17	-449
-7	-59	4	142
-19	-4665	7	791
-7	-4138	-9	1106
-10	6541	5	981
-8	-415	-15	417
-15	1643	11	-315
-3	429	7	-809
-13	709	-9	-965
-9	-261	8	-843
-13	-387	2	-425
-5	-59	6	141
4	-4745	5	777
10	-4165	-6	1091
-2	6655	9	957
3	-395	-1	413
-11	1667	17	-313
17	444	13	-785
-1	715	-2	-955
-5	-253	-9	-853
2	-375	23	-456
5	-55	-5	135
2	-4709	11	797
-16	-4141	3	1113
-5	6610	5	975
8	-385	20	413
-15	1649	0	-324
-3	423	-6	-805
-12	702	-3	-960
-11	-253	-6	-851
-16	-373	5	-455
-5	-81	-19	135
-9	-4769	-17	779
-13	-4221	-1	1111
-15	6660	-3	957
-13	-379	-17	398
-22	1665	-1	-309
-8	411	-11	-811
-10	709	-21	-981
-9	-269	-23	-853
-2	-364	11	-463
-9	-71	-4	150
1	-4839	9	791
7	-4313	5	1123
-4	6793	3	967
13	-395	4	415
2	1697	13	-329
7	417	12	-823
5	728	-1	-993
21	-263	15	-869
-1	-371	16	-469
21	-53	-3	149
9	-4786	7	800
-5	-4215	5	1133
1	6705	5	983
15	-402	-1	413
-5	1666	11	-335
6	403	-4	-835
-15	715	-8	-993
-5	-269	11	-879
-15	-389	-1	-459
-3	-71	-17	160
-18	-4779	-25	777
-17	-4215	-9	1111
-14	6671	-27	968
-5	-415	-27	401
-11	1658	-7	-335
-15	431	-17	-813
-9	725	-23	-990
1	-267	-17	-855
-15	-385	-5	-455
1	-76	-1	153
-5	-4813	-3	781
-5	-4243	3	1127
5	6741	0	977
17	-375	11	401
5	1691	19	-329
25	423	19	-818
1	725	-5	-989
9	-283	14	-871
5	-369	7	-459
-1	-79	22	163
3	-4862	1	793
-7	-4326	13	1129
-2	6827	3	978
-5	-405	1	413
-5	1713	3	-349
-11	419	-9	-837
-25	725	-7	-1007
-22	-281	3	-889
-29	-387	-3	-469
-13	-50	-9	145
-22	-4803	-19	808
-19	-4231	-9	1131
-8	6739	-23	987
-7	-431	-17	421
-13	1691	5	-335
1	409	3	-837
5	731	-15	-993
13	-245	1	-868
0	-355	15	-450
3	-73	-11	158
3	-4805	1	785
9	-4211	1	1125
7	6731	21	973
8	-402	9	411
7	1675	21	-342
-1	425	13	-829
-1	737	-9	-989
1	-273	4	-869
-9	-369	13	-461
3	-85	-1	147
-5	-4841	5	797
3	-4285	5	1119
-11	6783	3	971
-3	-385	-9	393
-13	1699	3	-313
-8	411	-7	-845
-20	723	-11	-993
-11	-269	-15	-875
-9	-367	11	-455
-7	-67	-13	161
-5	-4737	-1	807
-11	-4228	-5	1129
2	6649	-1	983
3	-403	-13	407
-1	1663	13	-321
1	419	7	-831
9	728	-11	-981
6	-255	-6	-865
-7	-369	13	-445
7	-51	1	143
8	-4782	3	789
3	-4195	5	1105
20	6687	21	967
1	-395	-5	401
1	1665	19	-321
-3	436	15	-817
-11	715	-7	-971
-3	-253	-5	-869
-9	-371	-1	-453
9	-69	-5	136
-21	-4751	-3	793
-16	-4192	1	1109
-3	6657	1	975
-3	-397	-11	405
-5	1655	-8	-330
-13	421	1	-831
-12	708	-3	-980
-8	-265	-5	-861
7	-379	11	-445
7	-59	-7	151
-5	-4775	-13	785
-9	-4223	15	1106
7	6718	-1	961
3	-387	-9	409
2	1681	19	-311
-5	417	5	-808
2	717	5	-987
5	-261	-1	-871
-13	-372	13	-459
11	-42	3	139
-9	-4697	8	795
3	-4159	11	1109
-2	6584	-1	986
-1	-393	-3	409
3	1661	-1	-327
1	423	-1	-819
-9	707	-7	-979
3	-264	-8	-839
-7	-365	11	-437
-5	-55	-1	151
10	-4768	1	765
-17	-4197	1	1101
2	6667	1	949
7	-392	-1	399
-1	1660	17	-315
10	421	-3	-802
-7	711	-11	-979
-1	-256	-1	-853
-3	-377	5	-471
1	-66	1	153
-8	-4837	-13	779
-7	-4243	-7	1119
-9	6771	-3	960
8	-391	-5	407
-11	1685	7	-327
3	427	5	-815
-10	725	-15	-985
-7	-274	-1	-859
-4	-353	9	-457
-7	-59	-7	137
-10	-4797	-5	797
3	-4218	-13	1130
-11	6718	9	979
-5	-397	-9	421
-4	1693	9	-319
-11	420	4	-819
-12	727	-13	-999
-5	-265	-1	-867
-5	-365	13	-461
-3	-68	-4	156
-5	-4869	-3	790
-5	-4297	-6	1117
-10	6831	-3	983
-5	-425	-19	413
-4	1707	3	-331
10	413	22	-817
-12	738	-9	-991
8	-283	1	-869
-5	-363	10	-445
1	-63	-3	145
-9	-4862	7	814
-15	-4235	-1	1149
4	6795	3	989
-1	-413	-13	407
-9	1696	-1	-341
-7	423	-19	-835
-7	729	-25	-1001
-3	-269	-4	-872
-15	-357	13	-455
-5	-94	-1	151
2	-4887	5	801
-10	-4251	-13	1119
-1	6823	5	987
3	-431	-3	417
3	1707	1	-327
5	415	13	-839
1	743	-7	-997
5	-277	3	-877
1	-365	11	-459
1	-85	3	147
-9	-4815	5	809
4	-4182	5	1129
-5	6742	-3	1001
-5	-409	-6	401
-1	1699	15	-337
-11	405	-7	-845
-12	741	-3	-997
1	-289	-17	-869
-7	-374	3	-447
4	-93	-9	165
-13	-4821	3	803
-9	-4231	1	1123
1	6743	-7	978
-15	-437	-17	419
-5	1699	5	-317
-13	399	3	-811
-16	738	-11	-993
-11	-267	-5	-887
-7	-365	11	-451
-1	-73	-19	159
3	-4790	-1	802
-1	-4141	4	1125
6	6697	-7	975
-3	-426	1	415
3	1687	11	-329
8	431	11	-823
-11	723	-13	-991
9	-269	-1	-855
-6	-345	15	-455
13	-94	-13	143
1	-4843	3	799
1	-4201	5	1125
-3	6771	1	968
6	-435	-5	397
-7	1693	3	-324
-3	415	-3	-817
-6	737	-7	-991
3	-279	1	-871
-13	-369	17	-463
3	-76	-5	167
-11	-4913	-19	789
-9	-4264	1	1137
-9	6847	-1	973
-9	-399	-17	398
-8	1727	9	-331
1	408	-1	-843
0	759	-19	-997
-9	-274	-1	-875
-9	-364	-3	-471
6	-51	1	144
-1	-4845	0	823
-13	-4210	-7	1149
-12	6763	-11	995
3	-446	-1	423
3	1695	3	-325
-5	410	1	-845
5	730	-7	-999
3	-284	4	-863
-13	-371	18	-451
5	-75	1	165
-4	-4856	-1	810
-15	-4149	13	1125
-8	6737	-3	973
-9	-433	-5	417
3	1698	5	-325
6	423	-4	-823
-11	727	-5	-989
-7	-277	19	-863
-11	-355	19	-456
-11	-77	6	155
-5	-4743	-3	791
3	-4053	-1	1119
-3	6618	-1	977
-5	-445	-3	395
-1	1672	-1	-315
7	413	-13	-831
-8	732	1	-987
-1	-294	-1	-857
-6	-355	11	-453
-3	-84	7	159
-3	-4803	-11	785
-9	-4128	-6	1090
-9	6683	3	951
-9	-435	-9	390
-10	1695	11	-317
-7	384	-9	-814
-11	729	-15	-975
1	-305	-5	-857
-15	-368	15	-459
4	-67	-1	151
-15	-4750	-5	796
-7	-4111	-3	1121
-8	6627	-11	972
3	-451	-4	393
-9	1693	-3	-319
1	379	-5	-819
-9	722	-17	-971
-7	-269	-1	-849
1	-359	9	-445
3	-81	-24	151
-8	-4842	7	780
-3	-4151	-3	1101
0	6743	-5	941
-1	-453	-17	393
2	1709	3	-321
-5	387	-9	-813
-15	743	-8	-975
1	-275	-3	-867
-4	-349	9	-455
-7	-91	-7	146
-13	-4865	-1	795
-7	-4167	-5	1137
5	6755	-3	979
-5	-462	-11	393
7	1703	-3	-319
-1	413	11	-829
-6	739	-9	-991
-3	-282	-9	-867
-3	-345	13	-451
-5	-95	-17	147
1	-4863	11	801
6	-4175	5	1119
-7	6785	-2	981
-3	-437	-17	402
5	1729	9	-319
1	400	1	-827
-5	737	-7	-983
-3	-291	3	-871
-12	-366	17	-455
8	-83	-21	153
-9	-4897	-2	799
3	-4237	1	1127
-16	6813	-1	988
-5	-462	-22	401
-7	1725	3	-333
3	402	-5	-829
7	742	-17	-999
8	-294	-19	-883
-17	-355	3	-451
-1	-81	-9	159
-2	-4896	-13	807
-5	-4145	-1	1135
-5	6789	7	989
1	-483	10	389
-3	1723	15	-333
1	410	7	-835
-3	740	-15	-1001
-3	-292	6	-877
-5	-349	7	-453
1	-96	-13	148
-15	-4929	1	803
5	-4183	-1	1117
0	6850	-5	968
10	-443	-17	407
-5	1729	10	-331
-1	405	9	-827
-11	753	-7	-1012
-5	-312	-6	-871
-12	-365	7	-451
5	-86	-3	155
-5	-4849	-11	811
-11	-4135	-8	1132
-7	6746	-9	991
-9	-443	-3	401
-5	1717	13	-329
-1	413	-12	-845
-5	743	-11	-997
7	-294	18	-869
1	-361	9	-455
-3	-76	-11	158
-13	-4875	-13	796
-9	-4185	1	1121
-1	6775	-3	964
-9	-482	4	407
-9	1741	7	-333
-3	400	12	-823
-5	743	-5	-997
-3	-279	9	-869
-7	-355	-7	-467
-9	-87	1	149
-9	-4836	-1	793
-17	-4077	-1	1133
1	6717	7	973
3	-457	3	409
-5	1715	9	-341
-5	392	17	-835
-9	721	-25	-991
-11	-277	-1	-857
-6	-345	21	-441
-5	-96	1	160
-3	-4871	1	781
-5	-4107	-1	1109
-5	6753	1	964
-1	-451	-1	407
-3	1719	13	-334
-5	409	7	-831
-4	747	-3	-996
-14	-294	-6	-869
-11	-361	13	-453
-1	-112	5	153
5	-4865	-5	795
3	-4129	-1	1119
-17	6756	-2	985
-11	-451	-11	411
-9	1727	9	-327
-12	393	-1	-825
-11	747	-9	-991
-11	-305	12	-861
-15	-357	-3	-463
-3	-97	5	152
-15	-4878	2	787
-13	-4187	-3	1121
-11	6787	5	983
-13	-471	6	403
-13	1731	17	-335
-3	407	3	-825
-12	740	-19	-999
-5	-284	-1	-881
-5	-357	7	-457
-9	-91	-5	159
-7	-4933	-3	802
-3	-4163	-1	1131
4	6847	11	971
-7	-453	-7	403
-1	1734	5	-335
6	405	7	-831
-11	737	-8	-995
-9	-301	7	-883
1	-345	15	-466
7	-102	-1	150
-10	-4903	-5	815
-11	-4161	-9	1141
-5	6807	-1	987
-7	-471	1	407
-3	1721	-5	-335
-5	415	-1	-853
-13	743	-9	-1000
-17	-295	-1	-871
-1	-365	17	-449
-10	-107	-11	165
-5	-4995	-5	809
-20	-4247	4	1129
-19	6939	7	987
-9	-444	-9	408
-1	1763	9	-325
-3	392	11	-837
-15	761	3	-1003
-5	-301	-5	-887
-7	-360	13	-461
10	-107	-19	142
-11	-4975	-11	815
-11	-4251	-9	1151
-6	6912	3	1001
-14	-477	-15	411
-1	1751	15	-349
-5	407	-9	-849
-11	741	-17	-1013
-9	-299	-17	-891
-21	-363	7	-455
3	-81	-1	159
-13	-4959	-5	807
-1	-4203	-9	1145
-3	6877	-7	999
-3	-479	-1	409
-12	1736	-3	-333
-3	395	3	-835
-9	741	-5	-1001
3	-297	3	-886
-6	-347	15	-459
13	-104	-9	153
-19	-4963	-3	811
-7	-4199	12	1143
-5	6863	7	991
-1	-449	-8	403
-5	1735	13	-329
-3	415	-1	-837
-9	751	-15	-1003
-9	-299	4	-887
-10	-367	13	-465
-5	-103	-5	157
0	-5023	-3	815
-1	-4263	-1	1137
-15	6964	10	989
-5	-454	-9	408
-11	1765	-5	-333
-14	408	-1	-832
0	749	-15	-1019
-5	-287	1	-903
-10	-368	17	-477
4	-95	6	166
7	-4999	-3	815
-5	-4269	7	1159
-13	6959	-5	1004
9	-474	-4	417
-3	1769	5	-343
5	413	12	-863
5	745	-3	-1027
4	-297	-1	-897
-3	-365	15	-467
-11	-73	-9	161
-1	-4916	-3	812
-8	-4143	-13	1161
-9	6801	-3	991
-16	-469	-5	425
-15	1724	3	-335
3	417	18	-851
-5	739	-9	-1009
-5	-284	1	-880
-8	-357	9	-457
-14	-91	-1	166
-14	-4941	-13	803
-13	-4164	-9	1133
-5	6841	-1	970
-24	-462	-3	411
-7	1733	8	-334
3	408	9	-831
-3	749	-15	-1002
-7	-301	6	-879
-11	-377	-3	-471
1	-93	-5	157
5	-4901	-9	807
-5	-4146	13	1132
-9	6779	-3	985
-3	-436	1	410
-10	1731	11	-327
-1	413	3	-832
-11	739	-9	-1015
-10	-292	7	-875
-13	-358	7	-453
-7	-86	-3	170
-9	-4826	8	806
-7	-4159	3	1139
-7	6729	-17	969
-5	-459	5	409
-12	1715	-5	-325
-3	415	-11	-817
-12	731	-7	-995
1	-269	-4	-867
-11	-373	1	-453
-15	-84	-1	151
-24	-4875	-9	796
-13	-4146	7	1123
-5	6767	-7	979
-3	-457	-23	413
-19	1710	13	-321
-1	395	13	-813
5	738	-16	-989
5	-285	1	-875
-8	-353	21	-460
5	-99	-9	139
-5	-4943	-7	803
-7	-4219	-5	1129
-7	6858	11	981
-1	-463	-4	399
3	1739	13	-323
-3	410	-1	-823
-13	733	-3	-1003
1	-307	-12	-873
0	-363	15	-451
-3	-91	-11	147
7	-4829	-9	805
-1	-4138	4	1139
-13	6720	-3	989
-3	-439	-5	419
2	1709	7	-331
-5	413	-13	-841
2	727	-1	-999
-1	-284	-3	-873
-1	-368	11	-443
-3	-99	-7	147
-9	-4887	8	781
-3	-4209	-5	1109
-8	6805	1	965
5	-454	-6	405
6	1717	15	-313
-10	411	12	-831
-14	731	-7	-985
-1	-279	-5	-869
-7	-375	13	-467
-1	-96	-7	145
-9	-4853	-7	806
-7	-4145	4	1139
-13	6761	-3	989
-9	-441	-15	401
-14	1700	11	-331
-11	405	-4	-849
-17	731	7	-999
-5	-287	-7	-871
-14	-359	11	-437
3	-93	-9	144
-1	-4831	-3	795
-1	-4138	-7	1105
-5	6715	-5	979
-7	-445	-11	407
1	1681	15	-303
-7	419	1	-821
-11	720	-3	-988
3	-285	1	-861
-9	-367	7	-457
-1	-81	7	143
2	-4791	9	797
10	-4120	13	1111
-3	6670	10	965
-5	-423	-12	392
-1	1683	9	-331
-3	411	5	-810
-9	725	-3	-979
-3	-279	3	-863
-9	-362	3	-447
10	-97	-13	140
-5	-4810	-13	792
-17	-4169	-1	1115
-6	6693	-3	966
-14	-449	1	395
-13	1699	-1	-315
-3	399	16	-821
-23	713	-19	-973
11	-267	1	-863
-7	-359	17	-439
-1	-75	-1	145
5	-4809	3	793
-8	-4119	7	1109
1	6695	-3	969
-3	-438	7	407
-13	1686	9	-327
3	411	20	-821
-5	703	-3	-981
-5	-261	1	-859
-11	-351	9	-451
-1	-85	3	158
-9	-4739	-7	781
-18	-4051	3	1121
-1	6589	-7	964
-3	-438	1	407
-5	1659	-3	-317
1	419	-5	-813
-11	702	-19	-973
-9	-279	-1	-845
-9	-363	-1	-445
-9	-85	-11	147
3	-4733	-3	769
-9	-4092	5	1105
-1	6597	-5	957
-5	-411	6	409
-1	1659	5	-315
-5	403	9	-799
-3	707	-7	-965
5	-271	-9	-839
-3	-361	15	-459
11	-94	3	148
-7	-4768	-8	776
-9	-4135	6	1112
-15	6655	11	941
-1	-439	-5	413
1	1685	5	-323
-5	392	3	-805
-3	713	-5	-971
-5	-269	1	-851
-7	-351	-1	-463
1	-83	3	149
-1	-4745	-7	784
-15	-4085	17	1111
-8	6619	-1	967
3	-444	5	403
-10	1674	-1	-309
10	407	-9	-803
-7	705	-15	-975
-3	-274	1	-847
-1	-349	9	-452
-1	-94	7	149
3	-4797	-7	775
-11	-4130	-5	1101
-9	6687	-7	946
-3	-438	-8	395
-7	1675	5	-307
5	415	23	-801
-11	726	-13	-969
-8	-279	3	-849
-5	-347	5	-457
-5	-83	-15	137
-3	-4741	-5	785
4	-4099	3	1111
-17	6609	8	961
-3	-421	11	421
-1	1693	3	-319
1	407	-9	-811
-11	703	-13	-971
-5	-273	3	-855
-9	-358	5	-445
8	-97	-1	144
-17	-4797	-3	776
-1	-4187	-5	1088
-14	6693	7	953
1	-449	-14	401
6	1687	1	-303
1	390	-5	-799
-10	728	-3	-971
6	-277	4	-861
-7	-367	8	-463
3	-95	-6	133
-2	-4752	3	785
-9	-4094	-6	1115
4	6631	9	979
-1	-437	-5	397
-1	1665	5	-323
-3	411	-1	-806
-7	705	-15	-957
-9	-274	9	-853
-9	-343	9	-445
3	-105	-7	128
-7	-4813	1	771
-11	-4177	-7	1093
5	6717	-3	954
4	-428	-7	393
1	1675	10	-307
-5	409	1	-795
-5	723	-1	-963
-9	-281	-3	-863
-3	-361	7	-455
-3	-69	-3	135
5	-4717	-1	793
3	-4087	19	1118
-11	6589	-7	977
3	-418	-7	395
-12	1667	9	-313
9	411	3	-813
-8	699	-9	-977
-3	-266	-17	-841
-17	-354	-3	-437
8	-71	-5	149
-1	-4786	-7	786
-3	-4187	-13	1091
-11	6673	7	939
-5	-428	-14	397
0	1681	3	-317
-17	408	-7	-805
-9	713	-11	-967
-1	-279	-3	-853
-11	-361	1	-453
1	-73	-17	149
-12	-4713	-9	789
-1	-4051	-1	1109
-5	6553	1	963
-1	-441	16	395
-7	1652	7	-329
3	413	15	-804
-9	695	0	-967
-1	-261	-15	-847
-11	-349	13	-423
-5	-77	-9	143
7	-4625	1	761
-3	-4007	-1	1079
-12	6469	-3	944
11	-413	-4	397
-5	1618	7	-295
1	425	6	-797
-4	686	-1	-937
3	-267	5	-841
1	-369	3	-435
3	-89	12	141
-5	-4672	-5	757
3	-4035	1	1076
-1	6497	-15	935
-3	-402	-7	392
-3	1643	21	-305
-8	393	-9	-774
-17	697	-13	-951
-7	-274	1	-835
-14	-359	3	-443
-1	-102	-21	144
-9	-4655	-3	768
1	-4061	-7	1095
-6	6497	-5	951
5	-427	17	397
-11	1639	5	-325
7	420	-1	-777
0	705	-3	-951
11	-265	-7	-831
-5	-369	0	-451
11	-76	-4	147
-3	-4679	-1	759
-9	-4058	14	1083
12	6539	5	941
3	-408	7	401
0	1647	11	-319
6	399	3	-779
1	687	-10	-943
-9	-259	5	-833
-11	-355	1	-445
-1	-71	-9	143
-13	-4603	-7	769
-1	-3968	-7	1101
-9	6427	3	938
-1	-431	-21	399
-5	1616	8	-328
-9	403	-9	-787
-7	688	-25	-942
-14	-267	-12	-825
-17	-355	1	-441
-11	-81	-9	137
-5	-4647	5	753
-5	-4048	-1	1075
-13	6497	-1	929
-1	-389	-9	390
-15	1649	7	-307
5	399	-1	-782
-4	707	-11	-941
1	-269	1	-839
13	-343	9	-447
6	-86	17	129
1	-4695	0	749
-9	-4115	7	1083
0	6573	-7	946
-3	-417	6	393
-7	1647	19	-309
-3	393	1	-789
-9	709	-5	-947
-5	-267	15	-835
-1	-351	15	-437
11	-94	-1	133
-12	-4727	-5	759
-7	-4083	-4	1077
-2	6581	-11	949
-7	-418	-9	397
-17	1646	3	-313
-15	384	6	-811
-5	705	-9	-957
3	-261	-17	-843
-5	-347	11	-449
-5	-101	4	123
4	-4699	-11	773
-7	-4053	-11	1089
-9	6567	-3	948
-9	-428	-13	391
-5	1648	0	-313
5	400	6	-797
-12	710	-1	-949
3	-282	-1	-843
-11	-351	13	-437
-5	-59	14	141
-7	-4612	17	769
-5	-4001	15	1084
1	6436	19	941
-3	-390	5	393
-8	1627	15	-305
-5	389	-9	-796
-8	701	-11	-955
-1	-271	-7	-833
-15	-345	15	-433
-7	-102	-11	138
-11	-4661	7	755
-7	-4065	-1	1063
-10	6494	-9	921
-1	-421	-17	376
-14	1633	11	-307
-7	390	3	-795
-10	703	-9	-945
-3	-269	-17	-827
-3	-369	0	-427
-11	-71	-17	141
-7	-4575	-1	760
-5	-3953	9	1077
-3	6397	15	943
10	-423	-9	391
3	1609	7	-303
1	397	-1	-784
-7	687	-5	-933
3	-256	4	-821
-8	-349	15	-425
-7	-84	-6	143
-5	-4655	-3	749
3	-4033	5	1061
5	6479	3	926
-7	-409	-9	391
-9	1616	3	-307
3	397	1	-771
-6	686	-11	-941
-10	-265	4	-832
-11	-347	-1	-445
1	-85	-9	129
-10	-4597	-1	759
-1	-3979	-1	1070
-5	6413	-5	933
-5	-395	-17	379
-11	1619	-3	-311
-11	387	-19	-787
-9	683	-9	-953
-1	-255	-13	-819
-12	-347	1	-435
3	-71	-11	140
-19	-4625	-1	749
-17	-4048	1	1065
-10	6473	3	920
-7	-425	-22	391
1	1621	7	-313
5	392	1	-781
-15	683	-5	-943
10	-277	-9	-821
-9	-347	7	-441
-1	-63	3	149
3	-4553	5	759
-5	-3904	7	1071
3	6355	3	929
1	-409	10	393
-7	1599	7	-313
6	399	13	-774
-3	685	0	-939
7	-246	6	-811
-3	-343	15	-428
7	-83	-11	140
-5	-4513	-3	733
-1	-3873	3	1049
-1	6283	-1	914
3	-399	5	397
-23	1583	7	-293
-11	413	11	-757
-5	677	-15	-925
-16	-261	6	-805
-12	-341	5	-433
-14	-84	-1	145
-3	-4533	-21	737
-19	-3921	1	1051
-19	6303	-13	897
-13	-393	-19	374
-19	1587	1	-305
-5	395	5	-749
-6	679	-17	-923
3	-261	5	-815
-12	-336	3	-423
4	-71	7	148
1	-4485	-5	739
-1	-3909	15	1055
9	6273	5	909
5	-413	17	391
3	1583	23	-303
1	383	12	-769
-9	685	5	-923
10	-259	3	-806
5	-334	13	-417
-3	-73	1	131
-3	-4557	7	734
7	-3929	9	1035
-3	6365	5	897
-3	-401	7	385
-9	1604	-1	-293
-7	399	15	-754
-9	679	-18	-913
-15	-265	-19	-821
-26	-347	-1	-447
-3	-97	-17	125
-2	-4571	-15	741
-3	-3937	-25	1057
-17	6347	-11	924
3	-410	-27	381
-5	1600	0	-311
-5	401	-19	-773
-9	682	-17	-920
-7	-279	-5	-809
6	-343	5	-433
15	-78	-1	145
7	-4587	1	729
1	-3977	-1	1055
1	6425	11	921
13	-419	7	384
6	1631	23	-301
3	390	30	-780
6	699	-3	-923
3	-277	24	-823
5	-341	23	-437
10	-71	5	125
-5	-4539	-5	754
-5	-3957	-5	1061
-15	6331	-1	929
-5	-413	-4	380
-11	1589	1	-303
-16	391	5	-781
-17	681	-21	-923
-3	-277	-4	-817
-15	-339	-3	-427
-9	-84	-19	147
-8	-4553	-19	739
-5	-3925	-27	1040
-3	6345	-9	919
-3	-405	-23	391
0	1592	5	-291
8	397	-13	-767
-9	681	7	-919
3	-253	-3	-809
-5	-345	15	-420
1	-73	1	133
8	-4545	11	751
11	-3909	14	1049
5	6373	13	926
-1	-391	-6	377
-7	1593	19	-305
-9	402	11	-773
-9	684	-9	-935
-9	-271	-7	-829
2	-349	15	-427
-10	-81	3	117
-11	-4493	-5	747
-20	-3891	-7	1060
-15	6281	8	915
-3	-402	-17	381
-18	1581	7	-291
-23	399	-19	-769
-29	673	-21	-923
-10	-265	-9	-811
-15	-340	3	-427
-1	-73	-4	136
-9	-4617	-11	736
-13	-4048	1	1037
-19	6472	7	916
3	-408	-6	380
2	1627	19	-301
-3	407	-3	-759
-7	701	5	-921
6	-251	19	-835
-11	-347	13	-447
3	-69	5	127
-6	-4549	1	770
11	-3943	4	1081
6	6383	1	943
7	-411	-1	387
-15	1606	7	-315
10	395	1	-779
-21	677	-13	-935
-5	-259	1	-811
-11	-345	1	-422
-8	-83	-15	134
-19	-4579	-15	735
-10	-3965	3	1053
-9	6379	3	914
-3	-413	-7	385
-13	1603	8	-300
-3	399	-1	-757
-24	688	-9	-924
-1	-271	1	-816
-10	-347	7	-443
1	-78	-5	141
-10	-4602	-1	747
-9	-3975	-11	1066
-7	6406	0	923
-9	-381	3	403
-14	1627	15	-311
-9	413	14	-775
-1	695	-1	-927
3	-274	16	-813
-9	-344	13	-437
6	-91	9	123
-9	-4715	3	745
-5	-4107	6	1064
-13	6576	-1	924
-3	-413	-6	399
-13	1657	7	-309
-11	405	12	-777
-7	699	-23	-949
8	-282	1	-843
-1	-353	10	-451
-11	-77	-9	145
-20	-4635	-9	762
-5	-3997	-1	1103
1	6467	1	945
-12	-413	-1	403
-1	1635	13	-313
10	393	11	-803
-7	693	-7	-965
-17	-255	6	-817
-6	-345	13	-440
3	-81	-5	145
-8	-4715	5	759
-13	-4077	-1	1071
13	6581	9	928
-3	-407	5	389
-1	1659	9	-310
-1	408	7	-783
-10	712	-15	-954
-1	-289	7	-843
-11	-357	7	-453
-1	-87	3	137
-10	-4735	-15	771
4	-4101	4	1091
1	6609	5	949
-5	-400	-7	396
-3	1667	5	-315
-5	393	17	-803
-6	723	-7	-961
1	-277	16	-843
7	-336	3	-451
-1	-79	4	150
-15	-4715	-2	780
-7	-4089	9	1101
-3	6573	7	961
-5	-425	-5	397
10	1671	-3	-327
-1	389	-1	-805
-13	715	-7	-969
11	-275	-1	-849
-7	-347	3	-435
-3	-86	13	153
-10	-4752	-7	782
-8	-4081	3	1091
-9	6599	-7	945
-1	-417	-5	399
-12	1665	-9	-309
6	405	15	-805
-9	711	-3	-965
-13	-271	-7	-851
-8	-337	13	-451
-9	-101	-11	133
-7	-4757	-7	769
-3	-4089	5	1099
5	6629	-13	946
-5	-418	-1	381
-7	1653	-3	-319
-9	411	13	-815
0	707	-5	-966
3	-285	11	-845
-12	-341	3	-445
1	-103	-5	143
3	-4799	3	773
6	-4164	4	1090
-9	6701	0	951
-7	-405	-3	376
7	1687	9	-321
-1	390	17	-811
-8	725	-1	-965
-12	-265	7	-863
-9	-352	5	-445
-1	-83	4	141
-13	-4721	2	787
-15	-4102	-9	1114
-8	6578	3	975
-13	-415	-15	403
-21	1665	3	-329
-7	402	-9	-827
-13	709	1	-973
4	-258	4	-851
-13	-349	3	-429
-5	-81	-19	135
-11	-4733	5	773
1	-4074	6	1081
0	6621	-5	945
-5	-417	-9	391
-12	1664	11	-309
11	390	-1	-802
-7	713	-8	-965
5	-265	4	-853
-6	-341	15	-443
-10	-85	-9	150
-3	-4783	1	775
5	-4105	3	1101
-7	6659	9	950
1	-410	4	389
1	1670	-3	-326
-7	413	1	-813
-7	726	-1	-964
-5	-279	-5	-863
-3	-337	1	-435
-3	-84	-11	143
-12	-4735	-7	775
-5	-4071	-20	1100
-11	6601	1	965
-1	-411	-1	402
-2	1655	-5	-323
-1	413	1	-811
-7	721	1	-967
1	-255	-1	-843
-9	-351	7	-449
-9	-75	-3	148
5	-4755	7	772
-3	-4133	7	1091
0	6613	7	943
-1	-435	-1	388
-9	1653	13	-311
1	405	14	-807
-7	711	7	-973
-1	-287	-5	-837
-15	-365	3	-457
-9	-83	-9	159
-6	-4665	1	773
-13	-3994	1	1107
4	6503	3	947
-10	-410	7	399
-5	1624	5	-317
6	392	3	-811
-9	695	-11	-969
-9	-253	17	-825
3	-341	7	-444
-1	-93	-11	154
-10	-4745	-1	763
-9	-4095	3	1085
0	6593	3	928
-1	-408	-11	403
1	1657	-1	-316
-1	401	17	-795
-7	709	-9	-957
-14	-279	4	-839
-11	-341	5	-451
-1	-81	7	157
-12	-4714	-3	775
-7	-4038	11	1094
3	6543	3	957
3	-418	-7	400
-7	1639	15	-317
-1	395	-1	-803
4	697	-7	-959
-12	-269	5	-831
-15	-347	7	-443
10	-87	-1	163
-7	-4769	2	762
-7	-4155	15	1074
-6	6663	-1	947
-8	-425	-6	399
-15	1673	3	-309
-1	397	-1	-795
-9	716	-15	-967
6	-263	13	-849
-7	-355	7	-455
5	-63	-12	139
-1	-4713	3	792
-1	-4025	13	1111
-9	6563	-3	951
1	-426	-1	399
1	1663	9	-325
-3	403	1	-814
-11	699	-8	-961
5	-259	1	-835
-10	-339	7	-439
-5	-91	-1	148
-6	-4759	-7	761
-3	-4089	7	1083
-1	6636	1	936
-7	-433	-11	395
-11	1679	13	-302
-1	395	6	-793
-10	722	-11	-956
-13	-289	17	-849
6	-353	13	-441
-1	-102	-5	135
-7	-4773	-5	787
-7	-4107	-9	1101
-17	6643	-11	955
-7	-411	-9	398
0	1679	5	-315
1	399	9	-816
-14	727	1	-965
7	-274	-7	-841
-10	-346	13	-439
6	-109	-7	146
1	-4756	1	798
1	-4118	5	1108
-9	6633	5	955
-8	-433	-9	387
-4	1681	15	-321
1	391	-9	-811
-17	722	-3	-965
-3	-271	6	-849
-9	-343	15	-445
-11	-101	-11	137
-12	-4860	5	792
-5	-4153	-5	1103
1	6743	-7	967
-5	-443	-13	385
-5	1686	5	-313
11	389	-5	-807
-5	725	2	-965
7	-287	1	-861
-7	-331	9	-455
1	-104	-1	141
-3	-4859	5	801
5	-4121	18	1129
-2	6757	5	979
-1	-451	-7	391
-7	1697	11	-338
-3	395	9	-833
-9	733	3	-986
5	-289	4	-857
-7	-331	3	-451
-3	-84	1	163
-10	-4843	-5	797
-1	-4143	-4	1121
-15	6735	7	967
-3	-415	-4	407
-11	1709	7	-321
-19	379	-6	-827
-16	743	-7	-989
3	-273	-5	-859
-3	-338	5	-461
3	-99	-21	154
-5	-4731	-7	808
-11	-4064	9	1121
-2	6554	-3	975
-7	-426	-3	405
-4	1655	7	-317
14	387	-3	-819
-23	711	-9	-973
4	-258	11	-841
-13	-341	11	-435
3	-91	-7	145
-9	-4766	-1	780
-10	-4031	-13	1093
-3	6617	1	937
-7	-435	-9	397
-5	1660	13	-329
-1	415	1	-803
-3	721	-10	-971
3	-279	-1	-837
-9	-345	9	-439
-5	-99	1	151
-8	-4765	-5	775
-9	-4061	12	1103
0	6622	7	946
-9	-423	-4	393
-11	1687	-1	-317
-1	405	-1	-809
-14	726	-7	-970
-1	-281	9	-847
-3	-323	9	-435
5	-89	-11	147
7	-4775	-1	779
6	-4061	13	1100
1	6631	-1	951
-3	-426	6	402
7	1685	15	-323
-15	377	1	-791
4	711	-1	-973
1	-275	12	-837
-9	-353	1	-451
8	-112	-11	153
-7	-4798	-15	782
1	-4107	3	1104
-10	6667	3	956
7	-444	-13	405
-12	1685	5	-315
-7	383	3	-807
3	723	-15	-975
-5	-294	15	-849
-17	-331	-1	-439
3	-93	6	151
2	-4810	5	790
-1	-4065	-6	1115
10	6675	-5	945
1	-441	-9	391
-9	1701	-1	-323
6	393	3	-815
-7	723	-17	-979
-7	-279	-6	-843
-8	-333	7	-437
-1	-117	1	147
2	-4909	-7	781
-7	-4135	-7	1103
0	6807	3	958
-11	-436	6	403
-11	1727	-5	-334
-13	393	-1	-821
-10	739	-5	-986
-5	-300	1	-861
1	-337	3	-451
-1	-109	-1	149
-9	-4893	-9	799
-3	-4135	-4	1129
-9	6763	-2	975
-3	-437	-4	417
-11	1725	11	-331
-5	377	9	-832
-10	739	-9	-989
-3	-291	18	-859
0	-335	17	-459
8	-127	13	155
-9	-4917	-7	802
1	-4179	-4	1119
-9	6831	3	970
-1	-463	-11	403
-4	1743	3	-325
13	381	-3	-829
-5	748	-5	-991
6	-302	-1	-881
1	-341	9	-453
-1	-97	-9	155
-5	-4877	-1	801
-17	-4101	5	1123
0	6759	7	979
-1	-462	-13	397
-11	1714	15	-339
3	385	-11	-827
-7	738	-8	-983
-3	-301	-3	-855
-16	-335	13	-450
-5	-125	1	160
-1	-4939	-7	805
5	-4177	7	1111
1	6823	3	962
-1	-457	-6	395
-13	1731	7	-323
-5	379	3	-831
-4	743	-1	-994
-8	-313	9	-863
9	-349	21	-453
5	-107	1	157
3	-4881	-7	799
1	-4120	13	1130
-7	6775	3	981
1	-441	-3	405
-9	1737	17	-333
13	371	5	-829
-8	743	1	-983
-3	-315	-5	-859
-24	-343	7	-443
-7	-107	-11	152
-11	-4917	0	801
-7	-4169	-1	1117
3	6801	7	982
-1	-473	-15	399
-9	1727	1	-323
5	372	-11	-819
-5	739	-3	-985
-1	-297	5	-867
-5	-333	9	-441
-3	-105	3	141
-2	-4941	-9	812
11	-4131	1	1129
3	6829	5	983
1	-461	14	397
0	1735	15	-335
4	379	8	-845
-1	738	3	-987
1	-284	3	-869
-3	-339	19	-445
9	-111	-22	160
-8	-4887	-5	801
-13	-4079	12	1135
-9	6757	11	979
-9	-441	-3	399
-19	1717	16	-325
-3	402	-1	-843
-12	745	-15	-998
-11	-302	-5	-869
-9	-341	9	-447
-9	-122	-11	163
-12	-4948	5	799
6	-4137	-1	1118
-1	6819	-5	971
-1	-462	-15	405
6	1751	11	-327
1	387	17	-823
2	749	-7	-991
-1	-309	5	-867
-12	-351	9	-461
11	-117	-1	161
-7	-4929	8	804
-9	-4151	4	1131
-7	6799	-1	978
-9	-469	-1	407
-4	1741	-7	-335
-3	379	-13	-833
-12	741	-7	-995
-3	-295	8	-869
-9	-337	-7	-455
3	-121	1	165
2	-5013	-13	802
-1	-4183	-1	1135
-5	6923	-7	967
9	-477	-3	407
-1	1765	7	-331
6	395	13	-823
-5	763	-11	-1001
1	-300	-1	-885
-2	-345	9	-467
11	-117	-9	160
-3	-5025	-7	821
-7	-4189	12	1157
5	6932	9	989
1	-467	11	417
-5	1773	19	-337
-7	389	-9	-851
-8	765	-13	-1021
-9	-312	9	-873
-11	-337	1	-463
5	-122	5	165
-7	-5113	-9	819
4	-4291	15	1155
1	7071	7	987
-1	-462	-1	402
-1	1818	5	-341
-7	374	1	-847
2	787	-7	-1025
-3	-321	-1	-895
-3	-346	21	-475
6	-120	-11	162
3	-5132	-5	839
-1	-4303	1	1187
-14	7093	1	1015
-5	-499	3	415
1	1821	11	-347
-3	384	7	-869
-11	779	1	-1041
4	-315	-1	-889
-11	-334	13	-467
-3	-130	-5	163
-1	-5154	7	828
-7	-4277	9	1177
-4	7135	9	1025
-9	-485	-1	413
-3	1817	13	-361
4	385	-9	-867
-7	780	-5	-1031
-3	-305	6	-908
-9	-337	5	-475
3	-155	-7	169
3	-5267	1	845
-10	-4365	16	1173
-2	7245	1	1011
6	-492	4	421
-11	1847	7	-351
-1	397	-9	-881
0	793	1	-1047
-7	-329	-6	-915
-6	-361	17	-475
-1	-127	-9	153
1	-5153	9	858
8	-4273	11	1197
-5	7105	8	1035
-3	-475	-9	417
-12	1826	9	-359
-1	392	-4	-885
-3	777	-13	-1047
14	-321	5	-899
3	-340	13	-457
-13	-107	13	173
-7	-5058	-7	831
7	-4231	-9	1167
-6	6981	3	1019
-7	-489	1	419
6	1803	7	-345
-7	395	3	-863
-2	775	-11	-1029
4	-315	7	-893
-15	-349	9	-455
-3	-113	-7	167
-18	-5057	-1	823
-14	-4164	9	1167
-12	6967	-7	993
-7	-500	3	425
-13	1787	-3	-341
-5	401	11	-865
-11	771	-8	-1023
-7	-319	1	-883
-6	-345	21	-451
-3	-120	-5	169
-17	-5157	-1	829
-5	-4277	16	1145
-2	7086	-9	991
-1	-492	-18	409
-3	1808	0	-351
-13	395	1	-861
-8	783	-1	-1020
1	-319	13	-903
-11	-339	13	-461
1	-117	-7	153
-7	-5029	1	846
3	-4179	1	1177
-7	6924	-11	1025
-7	-477	7	412
-10	1765	7	-343
-13	391	-9	-859
-5	753	-11	-1029
3	-292	14	-883
-16	-347	21	-461
-3	-125	-15	172
-5	-5077	0	816
-5	-4263	-1	1145
-9	7007	-7	991
-10	-503	-12	407
-10	1787	-1	-339
-3	387	10	-847
-16	760	-7	-1017
-5	-309	-5	-899
-19	-351	13	-471
9	-112	-7	159
-4	-5059	5	828
-12	-4190	9	1179
-5	6981	7	1005
-5	-477	5	419
2	1795	21	-357
-1	397	17	-857
-3	764	-3	-1021
7	-311	11	-888
-5	-337	11	-467
-1	-121	-1	157
0	-4989	5	823
5	-4143	12	1153
-5	6863	5	991
4	-497	1	415
-3	1751	15	-333
-3	385	-5	-843
1	755	-15	-1018
-11	-305	1	-877
-8	-353	9	-453
1	-131	-13	171
-15	-4996	-3	809
6	-4166	-1	1139
-5	6883	0	973
-13	-467	-15	399
-6	1765	13	-333
-3	390	-9	-839
-10	757	3	-1009
7	-297	-5	-869
-5	-345	11	-457
10	-117	6	160
-5	-5009	-1	817
1	-4207	9	1147
-10	6939	11	995
3	-483	-5	415
-9	1775	5	-339
1	374	-5	-843
-7	761	-3	-1005
-9	-300	-4	-879
-5	-351	18	-461
3	-121	-9	155
0	-5041	1	819
-5	-4177	9	1143
0	6955	-3	1003
-1	-487	3	415
-16	1779	3	-335
6	379	4	-845
-9	760	-5	-1015
-9	-295	-9	-878
-11	-337	15	-461
3	-129	9	161
2	-4967	-3	817
1	-4092	-1	1153
-17	6845	-3	991
-5	-485	4	397
-3	1757	1	-332
3	401	-1	-841
-5	759	-5	-998
1	-307	1	-875
-3	-331	5	-447
-1	-121	1	169
5	-4981	-9	807
3	-4141	13	1124
-1	6875	-5	975
-5	-461	6	408
-14	1767	5	-319
-1	379	-6	-847
-13	759	-7	-997
1	-305	-3	-875
-10	-351	-3	-459
11	-107	-11	159
5	-4993	10	805
-9	-4185	6	1145
0	6868	-5	995
-17	-483	-7	413
-11	1771	1	-349
-7	384	5	-837
-5	757	-11	-999
-1	-307	-4	-875
-5	-339	3	-447
1	-119	-17	161
-9	-4955	-1	807
-8	-4109	13	1143
10	6837	-9	987
5	-475	1	407
5	1749	15	-343
-1	395	18	-837
-7	750	-17	-993
-5	-302	7	-865
-2	-343	3	-448
3	-111	-15	167
-3	-5001	-7	805
7	-4136	7	1137
-3	6863	-7	979
-1	-480	3	409
-1	1753	15	-329
1	397	4	-833
-7	755	7	-999
-1	-307	-1	-859
-4	-345	9	-463
1	-109	-9	163
-9	-4901	5	803
-3	-4079	-5	1138
-7	6752	-7	985
3	-459	-9	408
1	1753	5	-345
-10	379	6	-829
-12	757	-7	-991
-1	-301	-5	-869
-17	-351	1	-447
-5	-99	-4	156
3	-4917	-11	791
-13	-4131	-3	1125
-6	6783	3	961
-1	-477	-4	405
-13	1745	3	-327
3	381	16	-825
1	747	-9	-987
8	-315	13	-859
-7	-355	7	-465
-5	-112	7	147
-10	-4837	3	804
-5	-4015	-9	1123
-2	6673	1	979
-3	-490	-1	395
5	1719	3	-341
-7	379	7	-821
1	737	-13	-981
1	-300	1	-849
-8	-319	11	-445
1	-130	-6	147
0	-4835	3	783
-11	-4041	-1	1101
-3	6685	-7	956
-1	-481	-21	405
11	1707	15	-318
1	383	5	-807
-3	749	-3	-982
-7	-297	1	-855
-1	-333	9	-451
7	-121	-11	151
10	-4807	7	781
-1	-3995	1	1100
-7	6613	3	965
-5	-459	-3	396
-10	1709	17	-325
1	372	9	-808
-21	731	-17	-965
3	-300	3	-849
-9	-329	15	-447
-3	-123	4	152
-11	-4853	-1	777
-13	-4061	-11	1090
-6	6697	7	955
-7	-487	-7	387
-4	1719	7	-321
-11	356	16	-815
-16	741	-9	-977
6	-292	-11	-853
-7	-331	23	-457
-7	-115	-1	157
-1	-4864	1	783
-9	-4051	4	1111
-5	6719	-1	965
-5	-481	-9	391
-17	1722	9	-329
-1	363	-15	-813
-1	731	-3	-973
-1	-294	-12	-851
2	-335	7	-456
-1	-123	1	143
-5	-4787	-13	775
-3	-3968	-1	1107
-9	6612	1	971
3	-462	-15	401
3	1695	17	-313
5	382	15	-821
-15	731	-9	-976
5	-294	-1	-849
-5	-327	9	-433
-3	-117	-13	145
-3	-4807	-7	791
4	-3995	4	1086
1	6629	-3	945
5	-455	-1	381
-8	1705	7	-319
-5	364	-3	-808
-13	743	-3	-973
-3	-305	3	-847
-9	-333	21	-451
4	-109	-19	150
-5	-4723	0	786
-11	-3943	-9	1107
-10	6509	3	959
-7	-474	-1	389
-4	1675	13	-319
3	374	-5	-811
1	720	-17	-977
-1	-287	6	-833
-7	-343	21	-431
-13	-107	-7	153
-1	-4750	-9	763
-5	-3945	11	1069
2	6565	-5	925
-12	-473	-1	391
-3	1686	3	-315
1	365	-1	-800
3	713	-3	-955
-9	-299	-6	-835
-5	-335	9	-455
-13	-119	-7	139
-17	-4715	-7	769
-13	-3933	3	1087
-9	6502	3	946
10	-467	1	389
-7	1659	7	-318
5	383	-4	-791
-9	717	-17	-953
-10	-309	14	-824
-1	-333	5	-439
5	-111	-13	147
2	-4759	-3	761
8	-3963	9	1070
-3	6561	11	937
5	-449	6	396
8	1691	17	-299
-3	355	15	-794
-4	735	-7	-951
3	-299	10	-827
-7	-329	1	-441
-1	-109	-4	155
-1	-4778	3	769
-7	-3999	5	1095
-5	6575	-7	939
-8	-471	3	395
-18	1681	1	-319
1	367	3	-801
-14	724	-11	-963
-5	-310	-4	-835
-9	-339	0	-453
-11	-103	-4	139
-10	-4732	-5	780
-5	-3933	-6	1107
-16	6525	-7	947
-13	-467	-9	397
-9	1666	1	-323
6	363	-1	-804
-11	723	-13	-967
-11	-292	3	-841
-11	-339	-1	-442
-5	-114	-1	148
12	-4725	-7	765
-1	-3933	5	1085
-1	6520	5	936
11	-456	1	387
1	1681	24	-319
-1	371	6	-793
2	723	-1	-947
-1	-307	17	-832
-4	-335	19	-441
-7	-109	3	153
3	-4727	1	765
-7	-3948	3	1080
-7	6527	0	945
-1	-456	-7	398
-17	1681	5	-313
-16	361	9	-789
-14	731	-15	-959
-3	-302	-7	-831
-19	-339	1	-445
-5	-115	-15	150
-13	-4749	-18	775
-25	-4009	-1	1080
-15	6560	-9	941
-9	-465	-13	382
-11	1675	5	-321
-15	363	3	-795
-9	728	-7	-953
8	-305	-3	-833
1	-326	19	-433
-5	-89	-13	145
5	-4653	9	778
1	-3881	7	1093
-1	6419	9	953
-3	-464	7	385
-3	1648	11	-311
11	369	18	-794
-11	707	-7	-947
3	-293	6	-835
7	-347	21	-426
11	-123	-7	131
-11	-4707	5	763
-10	-3896	-7	1067
-3	6458	-7	914
-7	-446	-15	383
-11	1653	3	-305
-3	367	-15	-779
-9	716	-11	-935
-5	-303	-17	-841
-18	-325	-1	-443
-14	-107	-9	127
-15	-4708	-11	755
-7	-3935	-15	1065
-21	6501	0	947
-13	-437	-19	372
-12	1677	7	-299
-1	366	-9	-781
2	729	-11	-945
17	-287	-5	-835
0	-338	13	-431
6	-113	-1	148
-1	-4727	8	776
11	-3973	-1	1072
-3	6551	7	939
11	-463	-3	390
-2	1687	13	-309
1	356	-9	-801
-13	729	1	-959
1	-307	1	-839
-15	-355	15	-437
-15	-84	-9	133
-13	-4705	-1	764
-10	-3921	-11	1085
-8	6499	1	949
-12	-469	-7	391
0	1659	3	-315
-9	366	-5	-795
-9	715	-11	-951
-9	-292	-1	-825
-12	-329	3	-440
5	-112	-9	140
-7	-4677	5	765
-5	-3909	3	1069
0	6455	3	936
-1	-433	-8	381
-3	1639	7	-295
9	393	13	-795
-9	725	-11	-947
3	-292	4	-835
10	-337	21	-439
-5	-96	-9	135
2	-4699	7	765
-3	-3938	6	1061
-1	6486	-10	923
-1	-431	1	385
5	1671	21	-301
-17	375	-6	-787
-13	713	-15	-947
1	-303	-1	-833
-1	-349	17	-439
-7	-81	-15	147
-13	-4621	18	761
-11	-3909	4	1086
-17	6383	-9	931
-3	-464	-19	391
-12	1651	-7	-305
-1	363	-1	-781
-17	703	-11	-949
-5	-269	-7	-827
-13	-341	5	-431
1	-91	-11	145
-12	-4691	-1	750
-5	-3920	-4	1054
-7	6493	-9	909
-5	-449	12	381
-1	1659	-3	-311
11	364	11	-785
-7	713	-15	-939
-9	-287	1	-835
8	-331	9	-443
-1	-99	-1	143
-3	-4705	3	765
5	-3909	-1	1085
0	6480	-1	926
13	-444	-13	387
1	1659	0	-323
-9	389	4	-789
-8	713	-13	-952
-11	-303	1	-816
-3	-343	15	-445
-5	-102	3	143
-19	-4721	-17	755
1	-3968	4	1073
-7	6549	-5	933
-13	-441	-13	386
-8	1675	7	-303
-8	374	13	-789
-2	715	3	-959
-1	-307	1	-835
-2	-334	5	-453
-11	-83	-6	151
-1	-4669	-11	776
-3	-3959	13	1083
4	6462	3	938
3	-475	-5	397
-7	1653	5	-313
3	379	-9	-807
-12	722	-15	-953
1	-287	1	-827
-5	-337	5	-433
1	-86	-5	147
-3	-4699	-1	752
-5	-3941	11	1067
-7	6515	1	925
12	-463	-13	381
-9	1672	3	-313
-5	382	-13	-791
7	735	-21	-949
1	-294	9	-833
-13	-331	7	-447
-3	-95	-3	133
-1	-4637	3	757
-5	-3869	-1	1081
-9	6421	-3	938
8	-447	-4	393
-5	1650	7	-305
-5	383	3	-797
-6	728	7	-941
-3	-297	-1	-812
-3	-345	15	-433
3	-99	-7	145
-3	-4569	5	761
-1	-3849	-13	1056
-7	6349	11	929
-5	-454	-7	397
-6	1631	1	-287
-5	374	1	-782
-16	707	-11	-923
-10	-282	-9	-819
-16	-337	17	-425
6	-85	-3	144
-5	-4587	-10	747
-3	-3884	-3	1055
-7	6351	3	925
-9	-449	1	382
2	1623	1	-301
3	382	7	-779
3	709	3	-923
4	-271	4	-819
-13	-349	18	-427
-3	-77	-9	135
-7	-4583	-1	760
-3	-3822	1	1042
0	6337	15	917
5	-449	1	381
-9	1624	13	-305
-1	389	-7	-774
-15	693	0	-921
1	-287	-3	-821
-5	-335	21	-426
9	-96	-24	130
-15	-4569	-3	733
-1	-3837	-11	1039
-2	6301	3	922
3	-438	-4	387
-7	1608	7	-291
1	371	-9	-775
-4	699	-17	-921
3	-276	6	-812
-4	-333	3	-431
5	-102	-5	133
-7	-4622	-3	739
11	-3897	6	1037
-5	6389	13	913
3	-423	3	371
-5	1643	21	-285
3	363	-9	-762
-5	709	-7	-921
3	-297	14	-819
-5	-325	15	-433
1	-91	-6	148
-1	-4671	11	754
1	-3971	9	1052
-13	6480	3	927
1	-449	-9	388
-15	1653	15	-317
5	375	5	-787
-11	711	-11	-927
-1	-305	1	-823
-19	-334	0	-433
9	-87	-9	139
0	-4673	1	751
-8	-3912	-6	1077
3	6485	-7	941
-3	-445	5	391
1	1634	15	-321
15	374	5	-776
1	713	-3	-937
3	-277	6	-833
8	-323	7	-437
-11	-95	-5	148
-5	-4773	-5	751
1	-3993	14	1071
-7	6605	3	930
-1	-451	6	399
5	1683	0	-309
-3	392	3	-787
4	733	1	-946
3	-301	4	-831
3	-351	17	-451
3	-105	-9	155
-12	-4843	-9	775
4	-4069	13	1098
3	6710	-5	953
-1	-455	6	394
-11	1723	-1	-315
-16	377	3	-809
-10	737	-1	-965
-3	-300	7	-845
-9	-343	3	-453
-7	-103	4	153
-11	-4814	-9	792
-7	-4071	1	1113
1	6665	3	971
-3	-483	4	409
-8	1723	3	-329
-3	367	-5	-807
1	745	-9	-983
-9	-297	-1	-835
-9	-337	9	-443
13	-107	1	161
-5	-4761	-15	774
-10	-3973	22	1107
0	6585	-1	957
-3	-481	1	403
3	1695	-1	-331
6	377	11	-802
-13	729	-10	-981
-11	-303	3	-851
-9	-335	9	-439
1	-121	-15	151
-11	-4803	-7	763
-5	-3993	3	1083
-7	6629	3	946
4	-485	-9	399
-3	1703	11	-304
-7	382	9	-797
-6	735	-9	-966
-5	-303	11	-845
-4	-345	19	-457
-3	-109	-17	149
5	-4807	-9	787
-3	-4041	11	1097
1	6666	-8	961
-7	-454	-9	398
-9	1709	7	-307
-1	367	-1	-806
-10	739	-7	-971
-5	-297	3	-855
-7	-343	15	-451
8	-81	-19	150
-1	-4761	-11	800
7	-4021	-9	1105
5	6596	-1	966
-5	-489	-3	390
-3	1693	13	-315
-3	387	3	-817
-15	722	-11	-967
4	-284	-1	-841
-7	-339	13	-431
-1	-101	-27	151
-14	-4747	-5	783
-17	-3974	1	1099
0	6573	-13	957
-1	-467	-9	389
-10	1693	9	-325
-9	387	15	-803
-5	733	3	-955
-3	-295	-4	-847
-2	-329	11	-440
-7	-97	-9	140
-7	-4769	-1	783
-1	-3955	-1	1097
-3	6589	3	950
-1	-469	-11	385
-5	1679	11	-316
1	389	-1	-797
-3	728	-5	-956
-13	-297	-1	-845
-7	-347	13	-439
-1	-97	-19	147
-1	-4779	9	783
3	-4007	-1	1092
-9	6599	-11	959
-1	-451	-7	409
-2	1693	9	-307
-1	390	1	-795
-8	729	-11	-955
-3	-302	5	-847
3	-341	17	-445
6	-99	-23	146
-15	-4741	-1	784
-3	-4003	-1	1085
6	6552	23	961
-13	-455	-5	387
-4	1701	21	-307
-3	395	-5	-811
-15	713	-9	-955
3	-287	3	-851
-9	-347	11	-435
11	-93	-11	139
-2	-4772	-1	780
-7	-3975	-1	1077
0	6603	-1	949
-11	-469	-13	397
-17	1674	5	-315
-1	387	15	-790
-19	725	-9	-953
-5	-284	-9	-847
-9	-349	7	-444
-16	-101	-7	148
-19	-4791	-15	773
-15	-3984	-1	1107
-5	6617	5	954
3	-451	-6	389
-9	1691	1	-318
3	393	9	-799
-8	739	-7	-968
9	-295	4	-841
-12	-349	3	-445
5	-91	7	157
3	-4805	5	777
4	-4020	7	1100
-11	6654	0	955
-3	-449	-9	403
-7	1705	5	-317
-9	387	-5	-799
4	721	-3	-967
-14	-307	-9	-843
-7	-354	7	-441
4	-111	-9	157
1	-4851	-3	788
-9	-4097	-3	1108
11	6701	5	962
-13	-479	-7	409
-15	1725	7	-321
-3	384	1	-809
-17	751	-17	-981
-1	-281	-8	-849
-9	-343	13	-453
7	-91	-7	139
-6	-4806	-1	777
-5	-4007	17	1119
5	6643	-3	971
-5	-481	3	399
7	1704	15	-317
8	387	7	-804
-7	727	-11	-977
1	-292	5	-841
-18	-331	7	-442
-3	-107	-7	160
-12	-4809	-19	787
-5	-4015	-13	1105
-12	6637	-11	952
-9	-459	-6	391
-3	1705	-3	-307
1	395	-7	-801
-11	732	-21	-975
-8	-300	-6	-834
-10	-337	11	-445
-16	-85	3	151
-10	-4765	5	787
-3	-3989	15	1108
5	6605	-13	945
-5	-449	15	406
-6	1701	-3	-319
-7	379	11	-803
-2	727	-13	-955
-5	-318	-1	-843
-13	-353	-7	-441
8	-91	-6	154
-13	-4649	-7	785
3	-3931	5	1092
-11	6434	7	949
-5	-475	-9	401
-2	1663	1	-307
-5	382	-7	-797
-9	715	-15	-953
-1	-297	-5	-827
-11	-343	13	-437
-1	-87	-9	147
-8	-4685	-1	760
-7	-3907	-7	1057
4	6481	-15	919
3	-459	-23	389
-5	1667	15	-311
4	374	7	-786
-7	715	-5	-951
1	-294	-7	-829
-11	-333	5	-435
-3	-105	-5	139
-7	-4715	-9	769
-3	-3943	-1	1081
-9	6539	-3	934
8	-457	-13	391
3	1687	11	-306
-3	387	9	-795
-11	728	3	-943
-1	-307	-6	-831
0	-325	19	-429
-3	-104	-1	141
5	-4807	7	767
-9	-4038	-1	1082
-7	6648	10	947
-11	-463	-3	394
-7	1705	3	-299
1	372	-17	-796
-2	731	-15	-963
3	-300	3	-841
5	-343	7	-451
-3	-99	-13	150
-5	-4771	-11	777
-3	-4046	-9	1102
-3	6623	-1	964
-3	-467	-1	397
-1	1695	9	-321
10	374	5	-807
-9	722	-17	-967
8	-297	1	-849
-11	-337	13	-439
-1	-95	6	135
-8	-4765	-1	780
5	-3994	4	1097
-7	6625	3	961
-7	-485	-3	393
-10	1696	5	-309
6	379	-19	-817
-7	723	-2	-965
1	-289	-5	-853
-6	-337	7	-442
-3	-91	-17	147
-4	-4789	-5	775
-3	-3993	-5	1093
-7	6612	3	958
6	-475	-4	389
-9	1687	15	-305
-1	395	-13	-801
-7	724	-7	-966
3	-297	-7	-849
-5	-345	15	-435
-1	-95	-5	145
3	-4829	-9	777
-3	-4043	5	1098
-3	6674	2	949
-3	-456	-9	400
6	1717	7	-317
1	377	-9	-814
4	719	-3	-963
1	-294	-1	-857
-15	-352	9	-455
11	-99	-7	158
-9	-4762	8	789
-15	-3997	-7	1105
-13	6576	5	957
-15	-473	-17	401
2	1677	9	-323
-1	379	5	-809
-23	717	-7	-965
-7	-271	-1	-831
-9	-345	7	-439
-5	-105	-7	143
-8	-4813	1	773
9	-4025	-1	1077
-8	6673	5	943
1	-467	-5	401
1	1703	13	-317
3	384	11	-792
1	725	3	-975
5	-287	1	-859
0	-345	13	-460
-9	-107	-5	148
-10	-4825	1	783
-11	-4022	-3	1101
-2	6647	-1	946
-15	-464	-1	399
-9	1703	8	-324
-3	389	-13	-811
-12	731	-9	-976
-7	-307	-9	-847
-4	-345	1	-453
-24	-102	7	163
-17	-4809	-17	779
-3	-4011	13	1114
-19	6640	11	957
-5	-455	4	394
-5	1699	-1	-319
-9	377	4	-799
3	737	-11	-979
12	-301	1	-845
2	-336	5	-445
10	-81	-11	153
-5	-4794	7	767
1	-4039	9	1108
7	6631	7	945
3	-477	1	411
5	1713	17	-329
5	377	10	-805
3	725	-3	-975
10	-295	9	-831
1	-326	11	-443
-7	-81	-1	151
-17	-4758	-1	786
-5	-3965	5	1091
-2	6575	5	953
-5	-474	-7	401
-16	1678	-5	-311
-1	369	-11	-807
-13	725	-21	-971
-11	-292	-12	-837
-9	-331	-5	-426
-5	-107	-19	154
-4	-4779	-19	783
-3	-3999	-5	1093
-3	6615	-15	942
-9	-479	-11	401
1	1685	0	-303
-3	385	-3	-785
6	728	-9	-959
-3	-301	9	-834
-2	-337	5	-445
-1	-120	-11	151
3	-4825	-9	779
11	-4043	19	1089
9	6678	0	953
1	-464	1	400
3	1717	11	-313
3	382	11	-812
0	743	-7	-973
1	-302	-7	-849
-3	-343	3	-447
-7	-103	-8	152
-5	-4834	-3	785
-15	-4105	7	1111
-8	6711	-1	968
-3	-498	-6	395
-6	1707	9	-323
-5	367	7	-815
-15	727	-17	-969
-9	-300	-1	-863
1	-355	-3	-453
-1	-107	-4	149
-11	-4916	1	789
1	-4115	-15	1111
3	6803	3	971
-5	-487	-5	395
-11	1745	13	-321
13	387	-17	-825
-1	741	0	-977
-9	-300	9	-867
-1	-327	7	-458
-5	-95	-12	148
-9	-4859	1	809
3	-4057	7	1123
5	6707	9	975
-9	-465	-11	409
-7	1705	16	-327
-7	395	9	-831
-5	739	7	-979
-14	-310	3	-869
-9	-333	11	-447
-10	-114	-13	155
-9	-4965	-5	801
4	-4169	4	1103
-9	6879	-11	965
-9	-477	-19	396
-19	1757	5	-315
-11	383	-13	-819
-21	753	-7	-987
3	-309	-1	-879
-3	-343	1	-467
6	-109	-7	148
-5	-4925	-13	812
-1	-4154	1	1151
-6	6807	3	1003
-9	-472	-5	409
3	1751	9	-329
-13	387	-9	-835
-3	744	-9	-993
1	-293	11	-855
-9	-357	8	-449
9	-109	-9	163
-3	-4963	1	804
-9	-4125	-6	1127
12	6847	3	981
-9	-497	-13	405
2	1739	21	-327
-1	393	15	-821
-13	743	2	-997
1	-302	7	-867
-17	-351	9	-460
1	-111	-4	154
-9	-4977	-5	807
-12	-4154	3	1135
1	6871	7	983
-5	-477	-17	407
-9	1757	10	-330
-3	391	1	-835
-1	747	-5	-992
-3	-312	-9	-869
0	-341	9	-463
-1	-107	-9	161
-9	-5022	5	805
-11	-4218	8	1133
-7	6964	2	991
3	-472	-12	421
-13	1782	9	-341
-9	392	-7	-838
4	763	-3	-1013
-1	-302	7	-879
-7	-346	5	-465
8	-107	5	159
-7	-5101	-13	823
-9	-4307	6	1161
-6	7057	-3	1008
7	-497	7	411
-10	1791	-1	-343
5	393	1	-853
-10	771	-5	-1025
-1	-301	3	-893
1	-359	10	-483
3	-103	5	169
-8	-5063	-7	824
-9	-4227	17	1177
-10	7005	-3	1009
-1	-508	-9	421
-2	1789	19	-349
6	405	15	-853
1	757	-23	-1033
-3	-294	1	-890
-18	-345	11	-473
-3	-127	-5	163
-4	-5179	-11	825
-14	-4323	5	1163
3	7137	-3	1005
-3	-487	-4	411
-17	1823	7	-334
-3	417	-1	-843
-1	789	1	-1042
-3	-325	9	-905
-7	-341	13	-483
9	-115	1	165
-2	-5145	-7	831
-9	-4319	5	1189
-5	7127	7	1023
-7	-465	-4	421
-1	1829	11	-347
3	395	3	-873
-2	779	-1	-1045
-5	-312	12	-903
5	-347	7	-473
11	-99	-11	165
-9	-5085	15	837
-1	-4303	-1	1171
-11	7061	-9	1033
7	-493	-5	417
-10	1827	9	-347
-5	399	12	-873
-10	763	-19	-1041
8	-318	-11	-897
-5	-371	1	-459
1	-109	-5	171
-9	-5039	-1	827
-19	-4207	-7	1173
-13	6953	-5	1017
-3	-503	3	413
-9	1787	17	-335
10	402	7	-859
-9	759	-9	-1011
-9	-299	9	-893
-12	-359	21	-455
-3	-109	-9	164
-5	-5047	3	813
-5	-4249	-9	1145
-9	7008	-3	997
4	-487	-13	415
-1	1773	13	-332
-9	411	1	-847
-10	765	-9	-1019
-9	-309	7	-895
-13	-363	3	-473
7	-112	-1	149
-1	-4977	1	827
-5	-4197	3	1163
-11	6877	0	1013
-1	-472	-11	414
-11	1759	7	-337
-12	403	9	-847
-5	739	3	-1003
3	-312	-5	-891
-5	-366	13	-467
-5	-111	-13	163
-15	-4979	0	804
-5	-4239	-5	1133
-22	6891	-1	1002
-3	-473	-5	405
-8	1759	21	-325
5	413	5	-847
-17	745	-3	-1003
-1	-279	1	-897
-15	-367	9	-471
-5	-99	-4	159
-5	-5103	-5	817
-11	-4299	6	1141
4	7061	9	1001
1	-457	-3	407
-9	1785	13	-335
-1	423	-7	-843
-7	752	-11	-1013
-3	-299	-4	-898
-15	-353	21	-479
-5	-105	1	147
-10	-4937	-1	827
1	-4179	-1	1171
-14	6847	1	1019
-3	-467	-3	417
-13	1745	7	-348
-1	418	-3	-859
-11	739	-5	-1011
-8	-295	1	-885
-2	-363	21	-461
3	-102	-11	153
-2	-5008	-13	801
4	-4251	15	1123
-5	6950	0	973
-5	-454	1	411
-2	1763	11	-317
-1	410	11	-832
2	749	-9	-1011
-11	-297	-7	-891
-17	-367	3	-481
6	-91	1	152
-9	-4925	-3	816
-17	-4211	1	1149
-3	6831	11	1009
-7	-463	-9	427
-19	1741	1	-343
-5	409	7	-847
0	736	1	-1011
3	-299	8	-873
-5	-357	11	-445
-1	-77	-4	157
-7	-5005	7	789
-1	-4221	1	1121
-5	6913	-1	969
-5	-451	10	409
-5	1751	3	-333
3	403	-5	-821
-5	735	1	-1009
-5	-281	1	-895
-5	-353	11	-482
-3	-93	-17	150
-16	-4921	-7	805
-13	-4151	-1	1149
-16	6809	3	993
-7	-446	13	405
-7	1717	1	-343
-11	410	-1	-841
-9	737	-1	-1004
-5	-297	3	-863
0	-361	1	-451
3	-99	5	149
-9	-4973	-5	793
-3	-4263	13	1130
-13	6923	-9	979
-1	-441	9	404
-4	1769	21	-323
-1	405	5	-830
2	745	-7	-1015
-1	-294	-3	-879
0	-368	13	-479
-5	-87	-6	154
5	-5013	-15	812
-7	-4318	6	1161
-15	6966	-1	998
5	-475	-1	421
-15	1765	1	-331
-3	415	12	-859
-5	747	-23	-1019
6	-295	-13	-881
-11	-361	16	-473
-7	-93	-9	153
-8	-4971	-9	811
-14	-4235	17	1153
-5	6897	1	993
3	-463	-3	425
-7	1751	11	-339
8	402	11	-855
-15	744	-15	-1013
-3	-292	-9	-878
-11	-355	15	-463
-9	-101	-1	154
-11	-4979	-7	801
1	-4249	12	1149
-7	6898	11	985
3	-444	6	403
-11	1745	1	-330
-9	410	12	-843
-7	751	-9	-989
3	-289	7	-879
-4	-361	9	-459
-3	-91	-11	155
7	-4913	1	805
6	-4207	3	1142
-7	6847	0	1005
-3	-446	-9	412
-2	1745	11	-321
-12	401	1	-836
-21	743	-11	-1011
3	-302	1	-881
-5	-347	7	-455
-1	-87	-1	167
-17	-4878	-5	813
-9	-4210	-1	1133
-11	6799	3	997
1	-451	1	415
-4	1743	9	-325
-1	397	-1	-829
-11	737	-9	-995
4	-284	1	-883
-15	-357	23	-453
-9	-89	-12	155
1	-4931	9	799
-1	-4213	6	1125
-13	6855	-1	983
-3	-451	-29	409
-5	1721	15	-311
4	423	11	-837
-9	733	-11	-989
-5	-275	-5	-873
-2	-351	11	-455
3	-97	-6	145
-13	-4941	-13	805
1	-4253	-21	1143
-1	6871	3	991
1	-438	-13	395
-5	1731	-9	-330
1	425	4	-839
-12	747	-11	-986
-8	-292	9	-871
-1	-351	5	-455
3	-84	-9	151
-2	-4875	-3	817
-5	-4187	4	1137
7	6779	-3	995
-1	-437	-5	427
-4	1723	9	-329
-8	410	1	-839
-11	733	-5	-991
10	-271	-1	-869
-13	-357	19	-453
-3	-95	-8	151
-7	-4887	7	794
-1	-4237	-13	1127
-2	6809	-5	984
-3	-445	-14	407
-8	1731	9	-327
-5	411	1	-819
-1	727	-3	-983
3	-271	-1	-871
1	-357	-1	-455
-9	-91	-3	147
5	-4911	1	804
-7	-4195	-1	1127
-9	6827	-3	983
1	-438	5	421
5	1716	7	-333
-9	423	8	-839
-5	742	-21	-993
3	-274	9	-863
-13	-347	11	-449
1	-83	3	162
3	-4817	-11	803
1	-4131	12	1137
-9	6697	-1	985
6	-433	4	413
5	1701	0	-326
-1	415	-13	-819
-5	728	-19	-993
-8	-287	1	-855
-3	-355	11	-445
5	-99	3	157
-13	-4903	-17	789
-5	-4193	-11	1111
3	6825	0	949
-3	-421	7	408
-8	1725	-7	-315
-15	395	1	-812
6	743	3	-981
-3	-289	22	-869
-3	-362	15	-469
-3	-83	-9	156
-1	-4847	2	795
-1	-4187	6	1145
0	6743	-7	995
-1	-464	-5	419
-9	1717	9	-331
-1	415	3	-831
-7	732	-15	-995
10	-281	3	-861
-13	-369	0	-449
-13	-86	-14	161
1	-4828	-1	796
-1	-4118	5	1119
-2	6707	-1	961
-3	-456	-13	399
-9	1698	-1	-337
1	389	13	-808
-7	723	-15	-979
-3	-274	5	-867
1	-353	7	-458
3	-105	-4	150
0	-4773	1	791
7	-4079	1	1117
0	6631	13	971
6	-428	-11	403
1	1691	0	-322
-5	420	-7	-801
-8	723	-11	-968
3	-287	-1	-851
-2	-365	13	-453
-1	-107	5	153
-10	-4797	-9	775
3	-4107	15	1091
-3	6680	-7	963
-5	-427	6	403
-2	1697	13	-309
-3	397	-6	-810
-14	725	-5	-963
-7	-287	7	-841
-15	-339	5	-447
4	-87	-13	141
-3	-4805	-3	791
-11	-4156	6	1113
2	6695	-7	975
3	-453	-15	407
-3	1705	5	-307
3	391	10	-809
-5	719	-19	-971
-7	-282	7	-853
-1	-337	8	-449
-1	-85	11	141
-11	-4751	-1	789
-5	-4061	-6	1115
-9	6637	-9	957
1	-435	-1	397
-11	1683	15	-325
-3	401	5	-817
-9	717	-11	-977
-5	-269	3	-855
-1	-345	15	-428
-7	-109	11	133
-5	-4821	-1	777
-5	-4103	12	1093
-5	6709	7	952
10	-446	6	405
-9	1705	3	-313
-7	385	-17	-805
-11	733	-5	-973
-3	-276	-1	-859
-5	-355	9	-455
-7	-93	10	149
-9	-4789	-3	793
3	-4129	17	1121
-11	6690	-3	975
5	-431	-4	378
-8	1691	9	-311
-3	389	4	-830
-7	711	-3	-975
-3	-274	10	-851
-13	-347	13	-437
4	-78	-11	145
5	-4821	-8	794
-3	-4149	-11	1111
-5	6721	11	970
-3	-453	1	388
-8	1697	7	-325
-1	391	7	-819
-7	721	-5	-979
4	-283	-15	-857
-7	-349	9	-455
1	-79	-9	145
-15	-4794	-1	792
-5	-4082	1	1115
5	6643	5	965
-1	-433	-21	405
-23	1681	9	-319
-3	389	5	-829
-9	729	-5	-975
7	-271	-4	-845
3	-343	15	-439
7	-96	3	150
2	-4793	-1	781
-11	-4061	14	1103
-12	6663	17	960
-11	-429	-13	387
-1	1687	7	-319
-3	405	1	-815
-3	718	-15	-973
-10	-282	-14	-851
6	-353	7	-449
-5	-84	5	151
-2	-4833	-5	779
4	-4139	11	1099
-1	6705	-7	959
-5	-427	-7	399
-20	1705	5	-325
-10	384	9	-809
-25	733	-9	-981
-3	-285	3	-863
-5	-358	15	-457
10	-78	-5	153
3	-4800	3	794
-5	-4117	1	1117
16	6679	-1	968
-3	-438	-1	409
6	1705	13	-339
1	397	16	-819
-3	730	-11	-983
4	-279	13	-851
1	-353	15	-457
9	-83	9	167
2	-4818	3	779
9	-4101	11	1111
-5	6683	3	949
3	-445	-5	405
-5	1694	11	-307
3	395	13	-808
-5	715	-7	-973
-3	-275	-3	-849
-17	-357	7	-468
-8	-109	-3	152
-15	-4763	-11	783
-16	-4071	-11	1117
-10	6623	-13	960
-3	-449	-8	397
-23	1668	3	-331
-15	401	-4	-805
-16	717	-21	-983
-14	-294	11	-839
-5	-333	3	-431
3	-96	-1	151
-16	-4745	-3	787
-1	-4033	11	1103
-5	6595	7	949
9	-407	5	402
4	1677	21	-319
5	391	12	-796
14	723	1	-971
7	-275	14	-841
3	-338	19	-449
10	-73	15	158
-9	-4687	3	774
7	-4038	25	1097
4	6553	5	952
1	-438	9	411
-14	1669	9	-307
-3	383	-1	-801
-10	713	-11	-961
-13	-279	11	-837
-19	-343	3	-435
3	-91	-9	143
-19	-4726	-1	772
-11	-4023	15	1087
-7	6557	-19	951
-5	-438	-13	389
-7	1658	-11	-325
-13	389	-13	-799
-15	713	-16	-961
1	-265	1	-841
-9	-319	3	-444
7	-91	-11	143
-2	-4729	9	767
5	-4038	12	1085
15	6578	7	950
8	-428	11	395
7	1671	18	-307
9	395	4	-797
16	725	5	-954
5	-271	3	-835
5	-339	23	-439
1	-83	-9	163
-3	-4694	11	777
10	-4025	1	1090
3	6525	2	951
-5	-429	-9	406
-17	1657	19	-305
-8	372	-17	-800
-15	715	-15	-963
-7	-283	1	-835
-19	-347	1	-429
-3	-96	-13	142
-9	-4610	-9	774
-15	-3971	-12	1081
-6	6409	5	943
-5	-425	-1	401
-8	1639	11	-307
-3	374	-7	-795
3	697	1	-939
3	-266	1	-816
-7	-337	8	-421
-9	-93	-3	157
16	-4719	9	761
10	-4039	5	1056
2	6567	13	921
5	-419	10	379
13	1652	13	-297
8	397	21	-782
1	707	-5	-937
-3	-269	1	-835
8	-345	21	-440
3	-95	-9	140
-5	-4749	1	787
-16	-4049	7	1081
-16	6570	-1	960
8	-415	-11	395
-7	1653	3	-324
-3	387	-11	-803
-11	701	-17	-957
-5	-275	-5	-853
-16	-347	-5	-439
-3	-105	-21	147
-17	-4765	-11	773
8	-4107	-1	1091
-7	6648	-13	943
-7	-415	-7	409
-6	1683	5	-307
-8	381	-4	-808
-7	711	-11	-955
12	-269	1	-847
5	-351	27	-443
4	-79	-11	142
-5	-4729	-7	775
-3	-4083	9	1114
1	6575	7	956
5	-431	5	403
-3	1659	5	-337
1	379	20	-813
-17	711	-9	-961
4	-275	-11	-835
-17	-343	11	-441
5	-93	-5	159
-8	-4779	-9	772
-13	-4085	7	1091
-7	6659	-1	957
-13	-445	-21	395
-19	1666	5	-325
3	382	-11	-794
-9	715	-17	-971
-11	-261	6	-839
-8	-347	3	-445
-8	-87	-22	150
6	-4603	3	789
-1	-3901	7	1107
-7	6383	-5	946
10	-407	-4	393
-5	1622	11	-324
1	395	9	-797
-8	704	-3	-955
3	-269	5	-824
16	-347	23	-421
1	-81	-5	159
-5	-4604	5	747
3	-3933	13	1054
-7	6406	9	907
5	-393	-1	382
-11	1629	15	-307
-1	395	3	-770
-11	703	-19	-953
-9	-258	5	-815
-7	-346	-1	-445
-7	-87	-11	148
-15	-4681	-17	754
-17	-4035	-5	1071
-17	6511	-11	928
-15	-431	-3	389
-10	1643	-13	-323
-10	371	-5	-761
-11	705	-11	-949
-5	-269	-3	-827
-11	-339	-3	-435
-3	-89	-9	159
-2	-4621	-5	778
-1	-3945	7	1085
-3	6435	1	945
-7	-427	1	397
7	1625	9	-307
-1	387	22	-790
-7	709	11	-959
3	-257	13	-819
-1	-327	23	-430
25	-79	4	133
4	-4613	5	743
-1	-3933	16	1069
7	6393	1	918
1	-407	-13	393
-13	1607	17	-311
-3	387	5	-777
-14	690	-17	-934
-17	-285	9	-826
-20	-341	-3	-433
-15	-99	-5	147
-10	-4684	-15	751
-19	-4033	-11	1063
-11	6507	-15	927
-9	-415	-17	381
-6	1649	-1	-303
-1	377	-15	-779
-13	723	-3	-931
5	-276	-9	-827
-5	-327	7	-441
1	-89	-13	149
9	-4604	7	765
-3	-3957	5	1085
14	6419	13	949
5	-423	9	395
3	1623	11	-323
7	385	20	-781
-9	697	-5	-937
15	-256	6	-827
-11	-327	11	-419
7	-85	-13	157
-10	-4657	-1	760
-9	-3992	-6	1054
-5	6487	3	929
-7	-433	-11	395
-16	1645	5	-297
-9	377	8	-771
-17	713	1	-935
-17	-276	-13	-833
-19	-353	-1	-427
-8	-101	-17	142
-13	-4677	-7	767
-16	-4041	-1	1077
-9	6524	5	940
-5	-413	-1	393
-9	1645	0	-311
-5	393	1	-791
4	710	-3	-944
1	-265	-9	-829
-4	-341	9	-433
16	-97	7	143
-5	-4719	1	771
10	-4092	8	1075
-3	6599	3	957
-9	-399	-1	393
-13	1671	15	-309
3	373	-5	-795
-9	713	-7	-953
-3	-267	12	-843
-11	-352	11	-449
-7	-91	-25	141
-13	-4697	5	787
-15	-4043	-7	1088
-17	6530	-11	957
-9	-431	-13	385
-13	1643	1	-317
-5	385	-13	-801
-19	699	-19	-953
1	-265	-15	-827
-15	-363	11	-429
5	-84	-19	155
-1	-4796	1	771
-7	-4105	9	1089
0	6659	11	943
1	-405	-9	391
-7	1683	17	-313
10	401	8	-795
1	717	0	-961
-1	-269	5	-841
-2	-343	21	-435
1	-83	1	160
0	-4819	11	785
7	-4103	1	1111
-1	6699	9	960
6	-431	-6	401
3	1683	21	-333
-5	413	9	-807
4	721	-15	-973
-5	-307	9	-851
-20	-343	-1	-451
-5	-89	1	157
-12	-4841	-11	783
-3	-4171	-3	1105
-11	6741	-3	959
1	-428	-1	411
-11	1705	-1	-313
-7	415	-1	-811
-1	735	-7	-987
-1	-281	10	-865
-9	-348	15	-451
13	-67	-6	157
5	-4802	-18	794
-5	-4161	14	1125
-6	6685	-3	974
-1	-437	1	403
5	1689	13	-337
-1	397	12	-821
-2	724	-9	-983
3	-279	7	-851
7	-353	11	-451
-7	-66	6	155
-1	-4723	-1	779
-1	-4039	1	1113
4	6563	-11	957
-9	-449	1	415
-5	1665	17	-323
-9	399	13	-798
-9	719	-19	-979
-1	-265	-3	-839
-3	-343	5	-433
-14	-87	1	154
-13	-4701	-7	769
-7	-4005	-7	1077
-7	6505	-11	944
1	-433	-4	407
-11	1646	11	-314
-9	407	-6	-799
-8	725	-9	-963
1	-291	9	-837
-3	-355	11	-441
-3	-85	-9	143
-5	-4700	-5	767
-1	-4023	5	1084
-9	6513	7	933
-3	-408	-6	392
-11	1657	5	-309
3	390	5	-785
-8	719	-5	-959
-7	-287	3	-837
-9	-351	1	-439
8	-97	-4	144
-5	-4711	5	759
-3	-4087	5	1081
-14	6546	-7	937
-9	-437	-1	401
-7	1667	3	-323
-3	395	-17	-785
-9	711	-7	-961
-7	-271	1	-841
-11	-343	3	-451
11	-89	-12	131
2	-4699	3	774
-5	-4020	3	1089
-6	6525	-1	951
-3	-445	3	393
7	1657	5	-313
10	391	21	-795
1	701	-3	-955
5	-279	9	-835
1	-335	7	-438
-5	-93	-6	140
-3	-4779	-5	767
7	-4127	-7	1079
3	6659	-1	938
-3	-429	-4	387
-7	1668	5	-311
-1	407	3	-799
0	726	-5	-963
-8	-281	-22	-853
-4	-357	7	-447
-1	-95	-5	157
-5	-4825	-1	777
-7	-4169	8	1097
-7	6734	3	961
-3	-423	3	395
-10	1703	11	-321
-5	395	-9	-819
2	729	3	-967
-1	-299	14	-861
2	-358	19	-453
1	-89	-13	147
-1	-4801	3	792
-15	-4189	11	1119
-8	6719	3	969
-1	-449	-1	403
-8	1701	19	-323
-1	405	-11	-813
-9	717	-9	-987
10	-287	-6	-861
-19	-351	16	-451
1	-94	-17	145
2	-4845	-3	794
-15	-4149	1	1103
-11	6737	-3	973
-1	-456	-9	395
2	1692	11	-329
-1	413	-4	-825
-17	723	-16	-983
-5	-277	6	-863
-8	-345	9	-451
-5	-87	-9	145
6	-4807	-1	793
-3	-4099	1	1121
-1	6691	-5	971
6	-423	-6	405
-5	1693	9	-315
3	417	9	-815
-1	729	-1	-979
3	-284	5	-853
-7	-357	21	-449
-5	-107	-3	149
-3	-4879	1	777
-9	-4192	15	1106
-11	6799	-5	969
-9	-418	-9	399
-13	1713	13	-321
8	402	3	-812
-4	731	-15	-989
-11	-289	12	-861
-13	-355	-1	-461
-11	-104	-17	154
-9	-4887	-17	810
-9	-4237	7	1129
-6	6797	-1	991
-10	-443	-1	415
-5	1723	3	-337
7	420	3	-817
-17	738	-13	-991
4	-291	1	-847
-5	-349	11	-467
5	-84	-1	153
4	-4878	9	806
-17	-4163	6	1135
4	6783	9	975
3	-454	5	411
5	1714	15	-331
-1	408	6	-808
3	738	-15	-1003
-11	-273	6	-869
-8	-357	15	-470
3	-97	7	143
-3	-4889	3	799
-10	-4177	7	1127
5	6765	5	975
3	-445	4	409
-13	1709	11	-334
-1	428	9	-823
-8	728	-5	-999
-1	-289	3	-863
-3	-361	11	-461
-10	-89	-5	151
2	-4747	1	791
3	-4073	8	1125
-11	6617	8	969
-1	-423	1	411
-6	1681	7	-309
-11	408	17	-826
-13	723	-7	-977
3	-299	-3	-843
-9	-362	13	-443
6	-81	1	152
-1	-4717	-7	788
-9	-4063	-9	1087
0	6552	13	943
-5	-444	-4	401
0	1669	7	-313
-3	379	7	-801
-2	717	-11	-967
-9	-274	-6	-845
3	-357	3	-451
-13	-78	-4	159
-20	-4679	7	759
-15	-3981	6	1087
-6	6509	-7	949
-12	-454	-3	385
-3	1642	17	-305
8	403	6	-796
-11	711	-15	-951
-5	-279	-9	-833
-23	-349	15	-442
7	-94	-6	141
-2	-4761	-7	761
3	-4059	-11	1083
2	6583	-9	932
-19	-431	-13	381
-7	1662	5	-311
-9	401	-6	-795
-7	712	-9	-956
-8	-287	6	-845
-11	-357	5	-457
5	-89	-13	141
-5	-4767	-5	775
4	-4079	-1	1090
7	6625	-2	955
3	-419	-7	395
-6	1685	19	-327
-5	399	9	-808
-13	719	-7	-959
3	-291	7	-845
-9	-347	7	-443
4	-102	-11	143
-13	-4758	5	781
-7	-4121	1	1100
-5	6641	-1	945
-9	-451	-14	397
-9	1673	11	-323
3	383	-1	-811
-15	715	-5	-977
-3	-276	-5	-859
-15	-363	0	-453
-5	-84	-1	143
-3	-4800	-1	763
-3	-4087	3	1103
-2	6663	-3	965
-7	-438	1	401
-2	1672	-9	-327
11	403	3	-811
-13	719	-10	-979
-5	-289	-3	-853
-8	-349	17	-458
-3	-91	-9	144
-5	-4837	-5	775
-12	-4117	-3	1103
-2	6723	-7	962
-3	-433	-8	405
-3	1689	13	-324
-3	405	-3	-805
1	732	-11	-984
-13	-289	-1	-855
-9	-359	5	-461
-7	-78	-1	161
3	-4827	-9	781
-5	-4117	-6	1122
3	6703	2	971
-1	-429	-7	398
-7	1697	15	-327
1	395	7	-824
-3	729	-5	-979
9	-287	5	-847
-2	-355	7	-449
10	-96	13	159
-7	-4897	-1	783
-9	-4228	6	1119
-8	6814	-9	964
3	-449	1	401
-7	1713	7	-323
-5	411	5	-807
-3	734	-1	-985
-3	-295	11	-869
-11	-353	10	-469
-7	-97	-4	143
-16	-4939	-5	805
-16	-4213	-1	1125
-4	6863	-7	973
-5	-462	-5	409
3	1728	3	-349
-1	395	-1	-841
-11	744	-17	-995
-9	-275	-7	-867
-19	-343	1	-447
-16	-93	-19	160
-1	-4885	-7	799
-14	-4138	1	1135
2	6745	13	987
-3	-447	-9	407
-3	1717	15	-341
1	420	7	-829
-7	737	-1	-997
-1	-289	9	-859
3	-339	21	-453
7	-102	12	159
7	-4837	5	791
8	-4113	9	1115
9	6727	7	967
-1	-426	7	394
-3	1711	23	-335
11	405	13	-823
-1	741	1	-991
-1	-301	-1	-853
-13	-354	17	-461
4	-96	-3	148
-7	-4783	8	798
-13	-4093	1	1117
-22	6637	-5	973
-25	-480	-1	405
-12	1689	1	-335
-13	385	-9	-815
-16	713	-19	-985
-3	-302	-19	-859
-9	-351	3	-447
-9	-91	-19	149
-14	-4809	-7	787
-12	-4056	-1	1099
-3	6655	-5	955
-7	-451	-1	391
-7	1689	7	-315
-3	423	-1	-811
-7	731	5	-971
3	-273	-9	-863
-3	-345	23	-442
15	-73	11	146
3	-4801	21	785
15	-4077	27	1115
21	6692	21	964
10	-433	13	403
1	1703	27	-314
5	411	9	-809
3	737	7	-986
-5	-291	9	-865
-13	-355	13	-445
-1	-109	-9	139
-7	-4939	-3	785
-13	-4215	-17	1099
-23	6849	-21	977
-19	-441	-19	397
-22	1737	7	-319
-27	387	-13	-814
-19	741	-29	-977
-22	-289	-15	-871
-21	-346	-3	-455
3	-113	-18	153
-3	-4939	-13	807
-9	-4249	-17	1141
-6	6883	-1	996
-1	-467	-9	411
3	1745	9	-329
1	402	16	-841
12	748	-7	-991
6	-293	4	-871
7	-345	23	-453
19	-99	6	151
5	-4995	13	801
3	-4211	-6	1139
-2	6931	7	995
1	-462	-9	405
-2	1759	11	-331
-11	421	-11	-849
-13	735	-13	-1007
-9	-295	-1	-882
-19	-365	5	-461
-7	-107	-13	135
-8	-5115	-9	809
-7	-4319	-5	1147
-16	7095	-9	997
-5	-483	-13	411
-13	1785	-8	-335
-11	409	-1	-853
-17	771	-17	-1018
-1	-307	5	-895
8	-341	9	-475
5	-107	3	159
-1	-5085	9	835
-3	-4299	18	1184
7	7059	-1	1029
9	-469	-1	411
-1	1793	19	-353
3	423	23	-865
0	773	-1	-1039
12	-313	18	-905
5	-355	15	-467
4	-105	9	172
3	-5131	-1	833
-5	-4383	19	1171
-8	7121	5	1012
-8	-483	-9	419
-14	1817	11	-343
-17	401	1	-857
-17	770	-25	-1031
-9	-321	15	-895
-11	-373	3	-481
-9	-113	-12	165
-3	-5152	-23	844
-13	-4353	-11	1191
-15	7139	-15	1019
3	-487	-9	421
-9	1815	1	-351
-7	438	-5	-857
5	774	-15	-1035
1	-311	-1	-900
-7	-349	21	-481
3	-113	-5	161
12	-5251	-1	849
-1	-4439	16	1189
5	7275	9	1017
1	-497	-5	429
-1	1843	15	-353
1	435	6	-876
-3	791	-5	-1056
8	-325	1	-925
-1	-373	17	-495
7	-91	-9	169
-9	-5062	3	856
-3	-4267	5	1200
-13	7008	8	1049
-3	-481	-1	431
-9	1789	7	-355
-9	431	1	-885
-14	771	-23	-1041
-13	-323	-1	-883
-11	-368	3	-459
-5	-99	-11	182
-11	-5065	-11	825
-13	-4321	-3	1167
2	7025	-1	1000
-21	-510	-9	421
-8	1791	7	-325
-5	415	-5	-847
-16	773	-11	-1025
19	-307	6	-899
-1	-367	21	-475
-5	-103	-17	153
2	-5071	3	825
-10	-4267	1	1175
-7	7017	-7	1017
-1	-500	-9	409
-7	1791	13	-345
-1	420	17	-861
-9	766	5	-1031
-5	-302	-4	-889
-8	-349	7	-474
1	-102	-1	156
-3	-5017	-11	837
-5	-4187	-3	1161
-11	6931	-3	1001
4	-490	1	423
-7	1767	21	-338
5	425	-4	-853
-14	753	-9	-1021
-8	-311	-4	-901
-1	-359	25	-457
3	-117	7	159
-9	-4964	7	821
6	-4174	-5	1143
-13	6871	-2	997
-5	-467	-4	409
5	1755	21	-329
3	410	6	-847
-18	751	-5	-1013
5	-317	3	-895
-1	-366	13	-463
-3	-107	-6	147
1	-4993	-13	802
-15	-4238	-4	1131
-18	6921	-9	1002
-16	-471	-15	411
-3	1767	9	-331
-1	401	-5	-847
-7	760	-3	-1011
4	-305	-13	-883
-5	-353	-5	-465
-3	-109	-6	157
5	-5063	-3	818
-9	-4269	1	1143
4	7015	7	997
5	-497	-17	411
-7	1793	9	-329
8	391	11	-853
-13	756	-3	-1011
-3	-307	1	-910
-1	-353	21	-475
-1	-113	-1	147
-3	-5031	-11	823
-5	-4189	10	1167
0	6931	-3	1007
1	-477	-23	403
-9	1779	21	-350
-11	417	-1	-861
-4	757	-11	-1020
-5	-309	27	-901
-3	-365	13	-477
-5	-112	-5	161
7	-5088	-9	815
-11	-4281	13	1137
-9	7043	-2	991
1	-459	-13	402
-16	1803	7	-337
-1	411	-7	-845
-2	783	-5	-1035
7	-305	10	-905
0	-360	5	-479
-5	-87	3	166
-5	-5063	-11	823
9	-4287	1	1169
-2	7021	15	1020
-8	-492	-11	417
-5	1799	13	-353
3	407	12	-865
-13	771	-7	-1035
-7	-297	-4	-885
-1	-357	0	-473
-7	-105	-13	149
-8	-5069	-7	818
-7	-4233	-3	1157
-7	6999	-1	999
1	-474	12	415
-9	1785	1	-351
-9	409	3	-845
-11	766	-11	-1029
-1	-307	-3	-895
-5	-341	5	-477
-1	-109	1	164
-8	-5047	-1	823
-13	-4228	-9	1159
-16	6979	-9	991
4	-462	-6	409
1	1779	11	-350
5	433	-5	-855
4	775	-9	-1015
3	-307	9	-887
10	-347	11	-475
1	-103	-3	161
3	-4952	-3	811
-9	-4146	4	1155
-7	6859	11	1005
-5	-469	-1	422
-14	1765	17	-355
-5	397	1	-847
-4	753	-15	-1023
1	-297	14	-883
-16	-359	13	-461
4	-103	-13	158
-7	-4999	-3	805
-1	-4228	6	1133
-9	6919	-13	982
-7	-490	-11	407
-21	1767	9	-347
-1	402	-1	-829
-14	759	-11	-1013
10	-299	15	-891
-1	-357	7	-477
-11	-95	-14	163
-4	-4901	-5	815
-17	-4101	6	1157
-4	6785	-7	1003
-5	-487	-5	417
-9	1739	13	-341
3	417	6	-839
-5	756	-1	-1005
-3	-307	-4	-867
-11	-349	17	-441
5	-129	-9	156
-3	-4969	-9	793
1	-4179	7	1125
3	6871	-3	981
-1	-464	-6	405
3	1749	5	-338
3	395	7	-829
-7	763	-5	-998
-13	-309	-9	-879
-11	-339	17	-461
3	-102	-9	149
0	-4825	-1	809
-3	-4039	1	1129
-3	6663	-5	991
-1	-456	-3	401
-6	1709	9	-333
-5	400	7	-835
-1	735	-7	-991
5	-300	14	-855
-1	-342	7	-445
8	-103	6	155
1	-4917	-1	786
9	-4161	9	1095
-4	6815	3	964
-3	-485	-23	405
1	1731	13	-305
-7	397	1	-817
-11	741	-9	-981
13	-305	-4	-871
-11	-353	11	-467
7	-97	-5	145
-2	-4824	5	807
-5	-4030	1	1125
-7	6661	-5	993
5	-462	7	405
5	1715	7	-335
6	384	-3	-831
-11	729	-1	-989
3	-293	1	-853
-7	-335	7	-444
-1	-105	1	159
3	-4745	-3	781
1	-3968	10	1099
-2	6571	-7	960
-1	-449	-6	397
-1	1672	10	-300
-3	402	5	-819
-13	735	-9	-964
-7	-305	-6	-855
-1	-347	7	-433
3	-109	-7	157
-12	-4791	-3	777
10	-4007	-8	1091
-7	6615	10	941
3	-441	-17	385
-13	1701	7	-315
-9	387	-1	-793
-9	735	1	-967
3	-281	1	-839
10	-344	11	-447
8	-93	-11	142
-17	-4760	-3	771
-11	-4039	9	1103
-5	6611	1	961
-11	-459	-7	386
-4	1695	9	-313
1	391	16	-803
1	723	-5	-983
3	-289	13	-845
-5	-357	-3	-451
-3	-103	-9	137
-11	-4852	-5	765
1	-4041	11	1093
-11	6689	5	941
1	-481	-9	395
-3	1702	13	-313
10	383	-13	-802
-7	737	-11	-979
-3	-291	7	-851
-15	-345	11	-460
5	-107	-13	137
-1	-4771	-7	783
-12	-3969	10	1113
-12	6583	-3	954
6	-474	1	405
-3	1697	3	-334
17	387	-6	-799
1	725	1	-967
-3	-289	9	-832
0	-339	9	-447
-7	-109	-11	143
2	-4851	7	779
-3	-4065	4	1090
-7	6703	9	949
3	-453	-12	397
-8	1723	15	-311
-12	374	12	-807
-5	743	-7	-967
-7	-305	20	-861
7	-329	5	-453
-3	-97	-11	152
-3	-4741	-11	782
-3	-3979	-13	1117
-4	6559	-1	968
3	-479	-5	397
-4	1689	5	-327
5	365	-5	-823
-3	721	-1	-975
6	-305	23	-835
-17	-339	17	-439
-9	-109	-19	159
7	-4843	13	771
-3	-4015	5	1081
4	6689	-7	929
5	-475	-11	395
-1	1716	5	-315
6	371	13	-787
-13	750	-19	-975
3	-307	1	-853
-4	-343	7	-456
-9	-123	-17	150
-5	-4769	-1	791
-7	-3965	7	1111
-9	6589	1	954
4	-463	8	399
-9	1687	1	-326
-5	372	3	-805
-16	730	1	-973
-8	-315	17	-839
-9	-339	21	-431
-14	-130	10	151
-7	-4761	1	781
6	-3943	25	1084
-7	6575	-3	949
-1	-454	1	394
-12	1689	9	-307
-5	371	-1	-807
2	735	-3	-969
3	-297	10	-839
-7	-329	21	-439
-7	-111	-5	139
-3	-4794	5	777
-13	-3993	9	1086
1	6615	9	941
-1	-473	-11	383
-2	1691	5	-313
-3	364	-9	-799
-9	739	-7	-963
4	-305	1	-851
-11	-331	13	-433
-1	-97	-12	145
-14	-4768	-11	792
5	-3945	4	1103
-3	6575	9	955
1	-457	-5	389
0	1687	9	-323
-9	348	4	-812
1	729	3	-961
-3	-302	14	-837
-15	-331	23	-445
3	-127	-9	145
-14	-4795	-5	779
-15	-3930	3	1085
-7	6601	-3	948
-7	-463	-13	383
-15	1701	-9	-313
1	379	9	-793
-6	741	-7	-954
-13	-307	1	-845
-9	-325	13	-435
-5	-127	1	147
-11	-4837	-11	777
4	-3986	4	1092
-11	6643	0	959
-5	-463	6	397
-7	1715	1	-319
1	361	-11	-812
6	741	-7	-969
-12	-310	7	-845
-14	-337	19	-451
10	-132	-13	150
-7	-4831	-3	788
-9	-4031	9	1109
-12	6663	-1	959
5	-481	11	405
-1	1725	1	-327
-10	359	1	-815
-9	733	-5	-975
-3	-297	3	-845
-7	-331	3	-437
1	-117	-9	151
-6	-4810	5	792
-15	-3961	7	1113
-8	6617	-1	949
-1	-477	-3	397
2	1700	-3	-329
-11	364	9	-803
-9	731	-3	-961
-11	-295	-9	-843
-8	-312	5	-430
-3	-132	-6	164
0	-4779	-7	783
-5	-3927	14	1091
7	6575	-7	942
-3	-477	-19	389
-15	1697	5	-314
3	377	7	-805
-10	747	-15	-964
-10	-309	6	-833
-11	-309	7	-449
-9	-117	-1	141
7	-4773	-7	767
-5	-3931	-8	1085
-15	6597	-8	947
-9	-462	-4	384
0	1697	11	-317
-1	353	5	-796
-17	731	-5	-953
-3	-318	7	-835
-9	-328	17	-441
-9	-125	-11	156
1	-4711	-8	773
-11	-3897	-1	1098
-10	6487	-1	939
-5	-497	-1	387
-7	1681	-3	-315
10	364	5	-799
5	721	-11	-961
10	-305	13	-835
-11	-329	11	-427
3	-119	-12	151
-5	-4741	17	761
3	-3857	9	1067
-5	6515	7	933
3	-487	-3	375
-5	1687	11	-329
-1	356	-1	-800
-3	731	-8	-941
-1	-299	24	-831
-2	-317	27	-454
-21	-127	-7	152
-14	-4831	-7	777
-14	-3949	7	1081
-2	6634	5	940
-3	-483	1	379
-23	1701	15	-315
-13	347	-3	-793
-9	743	-5	-956
1	-315	11	-847
-6	-321	1	-441
1	-137	-9	149
-13	-4817	-3	787
8	-3961	5	1093
-11	6648	15	967
-3	-477	-9	398
-17	1709	11	-323
1	351	-6	-821
-19	733	5	-969
-3	-315	7	-845
-10	-327	21	-443
6	-135	1	152
-11	-4795	3	785
3	-3937	-1	1103
-1	6590	-9	952
-5	-497	-9	388
-4	1723	13	-329
5	351	1	-811
-15	731	-5	-967
-5	-315	11	-833
-7	-329	15	-431
1	-125	-3	169
0	-4822	-1	786
-1	-3884	3	1095
-4	6589	-1	943
-3	-505	-7	389
2	1696	13	-323
6	349	6	-817
-19	731	-3	-965
-13	-312	11	-837
-5	-323	17	-442
-7	-119	-1	157
2	-4737	-5	779
-1	-3845	-5	1095
-3	6501	-13	938
-1	-490	-3	375
-7	1679	7	-331
-5	343	-1	-801
-14	749	-9	-957
-5	-312	27	-828
-5	-317	3	-431
9	-113	12	161
-5	-4737	-7	769
4	-3830	11	1086
-5	6495	-3	919
-3	-479	-5	388
-14	1685	11	-311
-7	343	-6	-786
-19	733	-7	-955
-7	-323	7	-815
-10	-328	13	-437
-7	-117	-4	141
-11	-4809	-16	772
-11	-3912	3	1076
-15	6585	-1	930
-8	-505	-4	390
-6	1723	3	-323
-12	351	-13	-785
-5	742	-9	-955
6	-307	1	-829
-1	-320	3	-433
-3	-130	-4	151
-15	-4898	-1	778
-1	-3939	6	1109
-5	6701	1	947
-9	-505	-5	383
7	1733	5	-335
-11	361	13	-811
-13	756	-7	-973
-9	-310	1	-837
-2	-321	3	-450
3	-125	-6	154
-11	-4811	-9	799
-17	-3831	-13	1119
-9	6575	-5	958
1	-501	-9	389
5	1715	-7	-333
-11	361	-1	-815
-1	741	-17	-978
-13	-311	1	-835
4	-307	9	-439
-3	-137	-1	167
1	-4843	-1	777
-11	-3886	-13	1085
-9	6633	10	937
1	-499	1	379
-8	1735	17	-313
-3	345	-1	-802
-19	751	-7	-969
5	-341	3	-833
-9	-321	13	-437
8	-122	11	156
-13	-4826	-3	778
-1	-3891	1	1103
-10	6629	5	950
1	-519	-11	387
-5	1723	9	-337
-10	327	7	-825
-1	748	-15	-975
4	-312	17	-845
-9	-318	9	-427
-9	-135	-13	167
-17	-4795	-5	792
-10	-3821	-1	1097
-12	6559	1	945
-7	-505	-15	391
3	1717	5	-337
-3	329	3	-810
1	740	-5	-963
-5	-321	-4	-847
-12	-317	5	-434
-11	-137	-14	145
-2	-4837	1	787
5	-3867	7	1085
-5	6620	11	940
6	-498	-17	379
3	1725	15	-305
-5	338	5	-799
-6	755	-5	-967
-1	-321	4	-845
-1	-317	13	-439
-7	-148	-21	147
-10	-4923	-3	797
-1	-3955	-6	1100
-11	6726	-3	953
1	-511	-15	374
-5	1761	7	-327
-5	333	-9	-812
-4	757	3	-969
-3	-336	14	-849
-17	-305	11	-443
8	-127	-15	151
-1	-4863	3	801
-11	-3914	4	1115
-10	6663	1	967
-5	-510	-17	390
-4	1755	11	-325
-10	341	-17	-819
-11	747	-5	-977
6	-333	4	-835
-3	-326	5	-431
-3	-125	-21	161
-1	-4840	5	796
-7	-3845	1	1105
0	6597	7	943
-3	-507	-1	393
-7	1731	5	-325
6	329	5	-823
-11	737	-1	-967
-9	-337	-3	-847
6	-307	7	-437
-1	-150	-9	156
-10	-4897	-3	779
-5	-3889	-11	1099
-5	6682	-5	940
1	-501	1	381
-1	1751	19	-314
3	336	9	-809
-10	751	-5	-966
-7	-341	13	-845
0	-309	7	-447
5	-147	-1	159
-10	-4926	-5	805
-7	-3930	17	1107
1	6737	9	951
-3	-513	6	395
-3	1761	17	-339
8	336	-7	-824
-4	759	1	-983
3	-323	3	-847
-5	-323	11	-439
4	-119	4	172
-13	-4842	-8	811
-5	-3881	11	1117
-7	6621	-17	957
-8	-529	-14	391
-12	1737	1	-333
-5	323	1	-819
-14	746	-23	-973
-13	-320	18	-833
-7	-329	1	-429
3	-133	9	181
5	-4835	-9	781
3	-3830	1	1085
0	6619	-7	941
-5	-519	3	393
3	1731	9	-335
-1	341	1	-808
-11	754	-19	-989
-5	-343	5	-827
5	-310	-1	-445
1	-145	1	160
-6	-4865	-9	779
-16	-3859	1	1097
-5	6645	5	936
3	-516	-11	381
-1	1733	11	-321
-9	347	-4	-811
-17	751	-17	-970
-15	-338	-1	-839
-4	-321	9	-447
-17	-135	1	159
-9	-4779	-3	775
4	-3789	6	1102
-7	6515	-1	941
1	-518	-12	400
3	1711	-3	-337
-5	330	19	-805
5	739	-7	-961
-3	-323	5	-827
-12	-316	9	-427
6	-114	-7	156
-5	-4723	-9	762
-1	-3776	13	1070
-17	6446	7	924
1	-527	1	376
-1	1697	11	-311
-7	348	10	-779
-1	734	-7	-957
-3	-323	-1	-823
1	-314	8	-431
1	-129	-1	139
-5	-4683	-9	774
-1	-3716	-5	1063
-4	6407	-5	919
3	-511	-7	381
-9	1695	-3	-315
6	336	-11	-785
-15	731	0	-933
-9	-315	1	-829
-9	-303	3	-420
-9	-143	1	139
-4	-4695	-3	763
-3	-3733	3	1045
7	6433	-3	918
-1	-519	5	371
3	1685	11	-304
7	341	4	-787
-8	745	-3	-936
-3	-309	5	-823
-4	-307	7	-435
5	-148	3	149
-9	-4721	-3	759
10	-3761	22	1064
-5	6459	-3	933
-9	-500	-19	374
-3	1703	15	-307
-7	341	-1	-791
0	743	-7	-941
9	-330	-7	-829
-10	-309	23	-433
-1	-149	1	133
-1	-4790	-5	775
-13	-3845	1	1073
-2	6559	-5	930
7	-515	1	370
-6	1709	27	-325
1	335	-19	-797
-17	738	-3	-939
-1	-317	1	-831
-19	-310	3	-441
11	-127	-9	153
-5	-4813	-11	782
-7	-3849	4	1087
-8	6583	-5	943
-10	-513	-9	369
-17	1723	3	-311
1	325	-5	-806
-5	739	-11	-943
9	-325	-14	-843
1	-304	5	-424
-5	-155	3	135
-2	-4889	9	781
7	-3895	-9	1087
-1	6671	-7	948
10	-511	-15	389
7	1743	15	-332
-3	338	-1	-807
-9	755	-11	-968
1	-327	-1	-845
-2	-319	11	-439
14	-150	-13	153
-3	-4883	-1	787
-3	-3896	11	1109
13	6675	0	951
-11	-523	-1	381
7	1749	15	-335
-3	336	11	-813
-4	763	-7	-969
-7	-335	-13	-843
-10	-319	3	-447
-3	-122	-6	158
-13	-4885	0	793
-11	-3923	1	1103
-19	6671	-5	961
-13	-547	-12	383
-2	1735	-11	-319
-7	348	-19	-813
-16	749	-25	-985
4	-323	-6	-851
-1	-327	-5	-435
-1	-135	5	159
-3	-4945	-7	779
3	-3927	1	1105
1	6757	11	957
-3	-529	-1	397
7	1759	13	-329
6	337	3	-814
11	753	-17	-991
-1	-329	12	-853
9	-317	15	-442
8	-140	4	151
0	-4929	-5	793
-1	-3896	3	1127
5	6732	-1	960
-9	-531	-7	395
-7	1749	5	-341
-11	351	6	-841
-11	759	-9	-997
-8	-351	-1	-849
-23	-325	-7	-453
-7	-143	-17	167
-12	-4905	-7	793
-17	-3886	7	1110
-9	6684	-8	965
1	-516	-17	409
-1	1757	7	-331
1	339	3	-832
3	747	-13	-983
1	-345	3	-837
-3	-324	9	-437
6	-125	-1	158
5	-4782	-3	793
1	-3839	7	1115
6	6531	-5	948
-3	-541	1	391
-3	1717	17	-339
3	339	-1	-819
1	740	-5	-983
6	-341	11	-810
-13	-323	3	-431
9	-139	1	167
4	-4803	-9	762
-21	-3819	9	1083
-3	6573	-15	929
-10	-544	-11	387
-2	1713	-3	-323
-7	345	-13	-786
-13	750	-13	-949
-11	-329	-1	-837
-2	-314	-1	-450
-1	-155	-1	154
-5	-4863	-9	769
-5	-3849	-5	1101
-16	6631	-9	942
4	-510	-4	391
-3	1723	3	-323
-5	348	9	-803
-17	763	-7	-965
1	-325	12	-837
-1	-307	13	-437
9	-137	-7	159
13	-4877	-3	785
8	-3907	1	1104
-1	6678	2	953
-1	-500	1	384
-3	1755	17	-325
3	337	1	-810
-5	757	-7	-971
1	-336	14	-839
-17	-309	3	-443
4	-145	6	147
5	-4861	-7	788
-11	-3917	6	1097
1	6633	-1	952
1	-533	-12	385
-21	1747	5	-321
1	345	3	-823
-5	749	-7	-965
-3	-321	11	-829
-19	-315	7	-423
-9	-125	-5	155
3	-4833	3	791
-1	-3845	9	1095
-3	6623	5	947
-5	-535	-1	387
-9	1731	13	-325
1	331	-5	-815
-9	749	-2	-973
-1	-330	5	-851
-1	-312	9	-444
-9	-135	-5	155
-5	-4815	3	783
-19	-3845	1	1087
-1	6583	5	938
1	-509	-3	373
-5	1727	15	-326
3	351	-1	-819
-3	751	-1	-961
-7	-327	-9	-838
-20	-309	13	-431
5	-132	-15	157
-5	-4809	1	793
6	-3822	-8	1073
-13	6563	13	949
7	-505	-9	378
-11	1723	9	-317
11	336	-3	-803
-8	739	3	-961
7	-329	10	-825
-1	-317	5	-433
6	-120	-11	153
-11	-4783	0	777
-3	-3853	-3	1080
9	6545	5	946
-9	-510	-12	379
-2	1717	1	-325
5	343	-5	-811
-1	741	-7	-965
-3	-327	-17	-831
-1	-319	-3	-439
-3	-122	-5	151
-11	-4716	-11	765
-3	-3745	3	1085
4	6443	-3	939
-7	-509	-13	391
0	1683	13	-309
10	345	6	-786
-7	721	-3	-935
3	-305	-11	-813
6	-313	17	-427
3	-141	-9	143
1	-4733	-3	761
1	-3771	-1	1061
0	6460	-3	914
6	-492	3	377
-1	1695	10	-321
1	349	3	-779
-3	732	-11	-938
-3	-315	3	-822
-1	-321	11	-447
1	-129	-1	159
-5	-4715	3	765
3	-3752	13	1059
-7	6432	2	931
5	-495	3	379
-11	1699	7	-311
-3	341	-5	-785
-4	727	-5	-943
-10	-317	14	-813
-9	-315	-3	-433
-1	-135	-6	156
3	-4719	2	759
-13	-3778	15	1068
-9	6438	-1	922
-3	-523	-1	379
-4	1697	3	-305
1	337	14	-775
-13	734	-5	-951
8	-321	5	-810
1	-307	2	-437
-5	-117	12	145
-12	-4766	-7	772
1	-3773	9	1083
-3	6507	5	919
-5	-511	-3	381
-2	1690	3	-307
-1	337	-4	-784
-3	727	9	-935
-5	-313	-1	-827
-19	-309	15	-435
-9	-141	3	135
-17	-4711	7	773
-5	-3727	10	1085
3	6417	-1	924
-1	-508	-5	385
-15	1679	11	-311
-11	341	11	-783
-16	729	-9	-942
-11	-320	4	-812
-4	-319	1	-427
-3	-145	-7	159
-7	-4751	-3	745
8	-3799	-13	1059
-1	6509	-9	931
3	-500	-3	380
-7	1707	5	-319
-1	335	-6	-780
-10	733	-9	-947
-3	-327	7	-819
-5	-307	15	-429
4	-138	-3	143
-9	-4727	1	763
-1	-3795	1	1077
2	6472	3	927
-11	-523	1	372
-6	1693	19	-321
-12	328	-7	-783
-11	732	-7	-961
-3	-321	-3	-829
-11	-307	15	-427
1	-143	-7	139
-11	-4830	-7	765
-17	-3837	3	1063
-5	6583	-7	929
-5	-511	-1	389
-12	1726	1	-317
1	321	3	-789
-5	750	-5	-941
-1	-323	-1	-837
-12	-303	3	-426
1	-140	-1	148
-2	-4821	3	791
-3	-3804	-9	1081
-15	6581	13	946
-5	-537	-7	389
-9	1725	8	-324
-1	345	1	-807
-1	751	-5	-965
-7	-327	3	-839
-5	-307	15	-427
-12	-161	-13	151
-2	-4927	1	789
3	-3938	-1	1077
-11	6742	3	943
-3	-517	-17	369
-11	1773	15	-315
-17	327	-1	-809
-17	757	-13	-971
-3	-355	7	-841
-9	-309	23	-455
-5	-140	-11	148
1	-4917	1	802
-13	-3945	3	1115
-8	6735	3	978
-1	-543	-13	391
-13	1777	9	-331
-3	336	-1	-823
-14	751	-9	-981
4	-338	-1	-855
-7	-315	8	-431
-3	-155	-9	159
-4	-4861	3	800
-15	-3840	-6	1107
-13	6637	-5	965
-1	-544	-13	393
-13	1741	7	-337
-1	345	-5	-827
-9	745	-11	-973
-13	-329	-1	-837
-10	-321	9	-425
-11	-145	-9	153
-2	-4923	1	785
-16	-3885	-5	1089
-16	6725	7	936
-9	-531	-6	389
-9	1757	5	-318
-5	349	1	-801
-15	773	-9	-966
-3	-343	5	-849
0	-325	17	-449
3	-135	-1	149
-2	-4867	-1	799
-15	-3840	-8	1122
-5	6632	-5	973
-7	-516	1	398
-7	1755	15	-323
-5	343	-11	-814
-10	759	-11	-989
-14	-328	-1	-841
5	-320	13	-445
-5	-125	-6	153
-7	-4865	-8	784
-5	-3893	9	1085
3	6647	-3	934
-8	-543	-15	382
-10	1749	1	-319
-5	341	7	-807
-17	743	-3	-971
-5	-333	-4	-833
-17	-326	-1	-437
-7	-137	-3	163
-10	-4896	3	791
-7	-3857	13	1107
-5	6681	-9	939
-5	-527	-11	395
-3	1745	5	-329
6	339	15	-806
-9	746	-7	-979
-5	-327	7	-839
-7	-327	13	-455
-15	-153	-7	154
-10	-4989	5	797
-3	-3949	3	1105
2	6809	-5	950
-3	-549	-3	395
3	1773	0	-326
-1	351	1	-813
-9	775	-5	-990
-10	-343	9	-849
-6	-325	5	-455
-1	-143	5	161
-1	-4907	-11	801
-7	-3871	-1	1128
-5	6691	-3	971
-13	-541	-7	406
-9	1773	1	-335
-16	347	-7	-829
-15	771	-7	-983
-9	-327	-1	-843
-13	-334	11	-441
-7	-143	-11	167
-7	-4943	-5	783
-5	-3923	11	1098
2	6749	-1	951
-3	-561	1	393
-2	1771	7	-323
1	329	-11	-811
-7	766	-11	-983
-3	-349	8	-849
-7	-313	13	-449
1	-145	-3	151
-6	-4955	-11	804
-1	-3907	-4	1111
-3	6733	-9	969
-13	-571	-5	405
-12	1781	1	-337
-9	351	1	-813
-1	765	-3	-995
-3	-345	-1	-857
1	-307	9	-458
11	-148	-15	167
-5	-4839	5	793
1	-3817	-1	1107
-9	6607	-9	966
4	-541	11	397
-11	1745	15	-310
-1	351	6	-823
-16	757	-7	-981
3	-345	-1	-855
-10	-327	13	-433
-1	-161	-15	149
-10	-4855	-3	775
-9	-3853	15	1079
-11	6640	-8	935
-7	-534	-1	385
-20	1763	3	-307
-5	330	1	-795
-11	763	-11	-971
-3	-336	-9	-843
-17	-321	-7	-445
-3	-158	-21	141
-7	-4831	-13	785
-21	-3832	-13	1098
-20	6587	-1	961
-9	-562	-4	390
-19	1743	1	-323
-1	343	-11	-801
-17	744	-13	-973
-7	-336	-3	-835
-11	-320	-1	-435
-3	-139	-15	163
-9	-4872	-1	782
-5	-3842	1	1093
-3	6645	3	947
1	-547	7	377
-1	1749	3	-313
3	347	-5	-797
3	757	-5	-953
5	-328	9	-845
-10	-315	15	-447
11	-135	-1	150
5	-4793	1	787
10	-3773	14	1109
-7	6521	9	956
-3	-533	13	385
-15	1717	15	-320
-11	343	1	-807
-12	745	-3	-952
-5	-345	-5	-818
-4	-327	5	-425
-9	-156	-9	155
-12	-4817	-11	773
-19	-3817	6	1079
-11	6555	-15	939
-15	-527	-15	394
-25	1725	-9	-303
-13	341	-17	-794
-10	743	-23	-951
-16	-355	-1	-833
-9	-315	-7	-441
-1	-140	-11	158
-11	-4818	1	781
-5	-3837	6	1088
-9	6593	-13	941
1	-535	1	395
1	1727	17	-317
3	355	3	-811
1	755	-1	-957
19	-312	18	-837
-7	-317	18	-439
-3	-130	7	159
1	-4787	7	767
-1	-3767	27	1101
5	6539	15	937
-3	-555	-7	381
2	1726	13	-313
3	333	4	-796
-9	729	1	-967
-13	-328	1	-833
-14	-313	1	-435
-5	-155	-19	155
-20	-4843	-19	781
-11	-3829	-11	1081
-21	6601	-19	924
-13	-525	-15	381
-19	1725	-7	-310
-7	348	-9	-781
-19	751	-17	-952
1	-348	-9	-834
-17	-309	-3	-449
3	-145	-11	149
3	-4817	5	785
-1	-3824	1	1098
3	6595	-8	943
-3	-526	6	379
2	1735	27	-317
8	351	21	-798
16	747	-3	-971
5	-327	14	-839
13	-313	21	-439
15	-153	3	139
5	-4855	10	761
3	-3891	1	1093
-9	6621	5	930
-10	-534	-4	397
1	1749	7	-311
-3	329	-1	-787
-3	752	-11	-969
-1	-339	-3	-839
-21	-315	-1	-433
-13	-145	-21	147
-16	-4822	-13	796
-13	-3791	-15	1099
-16	6567	-17	939
-7	-549	-13	389
-9	1722	-5	-335
6	361	-6	-805
5	741	-5	-967
-5	-325	-9	-823
12	-306	-1	-441
3	-141	-13	156
-7	-4847	7	785
5	-3845	5	1093
3	6633	7	940
6	-541	18	379
3	1737	21	-313
11	343	12	-801
2	755	9	-965
1	-337	13	-843
3	-315	13	-441
3	-149	-9	167
0	-4801	1	795
-7	-3812	13	1087
-13	6563	-7	955
-9	-531	-17	383
-22	1725	-5	-325
-12	343	3	-813
-6	743	-7	-959
-7	-327	-11	-835
-17	-319	-7	-439
-5	-145	-5	154
-11	-4839	-3	774
-11	-3859	-3	1079
-6	6598	-9	937
-12	-552	-15	382
-3	1743	-1	-313
-1	345	-11	-801
-3	763	-11	-947
15	-325	5	-851
-5	-326	11	-425
19	-131	-6	163
8	-4800	1	783
8	-3779	13	1097
-1	6545	11	945
5	-536	-3	381
-9	1718	9	-315
13	359	9	-805
-9	740	-5	-961
-5	-323	5	-831
-7	-307	7	-425
-13	-141	-7	150
-18	-4697	-11	771
-5	-3696	-1	1073
-12	6397	-9	930
-17	-521	-13	371
-9	1673	-3	-319
-7	351	-1	-795
-22	723	-13	-939
-18	-331	-4	-829
-7	-311	1	-431
3	-139	3	157
-9	-4705	7	759
10	-3727	17	1068
-5	6406	-5	925
-9	-507	-6	376
10	1687	9	-315
-3	354	-1	-769
-2	731	-7	-935
10	-313	3	-823
-7	-324	13	-433
-3	-123	-1	151
-7	-4663	-3	751
-3	-3745	6	1063
-5	6363	5	930
-14	-513	-14	380
-1	1669	11	-311
9	346	-1	-777
3	729	-9	-945
-9	-313	7	-810
-7	-330	13	-419
-1	-127	1	139
-2	-4679	-1	745
-11	-3701	-7	1061
-1	6383	5	907
-7	-518	3	391
-3	1678	5	-309
-1	341	-9	-774
-3	717	-7	-935
3	-315	17	-803
-8	-315	9	-426
13	-130	-15	152
-13	-4645	9	761
5	-3706	-7	1063
-5	6335	1	912
4	-499	8	379
-9	1659	7	-303
3	343	1	-783
-8	733	-1	-924
-10	-320	9	-800
-10	-313	11	-423
3	-129	1	143
3	-4702	-5	739
6	-3741	-9	1041
-1	6403	-3	911
-1	-505	-9	367
-6	1691	3	-301
-15	341	-6	-768
-3	721	1	-929
-7	-323	-11	-813
5	-305	5	-431
10	-125	-5	148
-5	-4675	8	765
-11	-3768	-5	1065
-3	6404	-9	919
-12	-510	-15	371
-2	1669	13	-301
-7	345	3	-779
-3	723	-11	-941
-1	-313	-1	-808
7	-312	19	-423
-1	-130	1	145
-9	-4609	7	760
-3	-3655	9	1058
-7	6281	-3	919
-7	-510	-7	381
-7	1644	13	-311
13	359	-13	-776
-5	715	-15	-915
-5	-309	5	-813
8	-313	15	-414
-8	-114	-17	147
-12	-4497	-1	741
-11	-3570	-9	1033
-9	6146	5	898
-17	-485	-4	369
-1	1605	0	-293
-7	348	-4	-757
-8	707	-11	-898
11	-302	9	-803
-11	-307	15	-411
5	-127	-5	143
-3	-4471	3	735
-1	-3597	3	1017
-1	6136	-2	883
-3	-483	-1	361
-4	1613	19	-287
3	354	17	-739
-2	703	-1	-897
3	-313	10	-789
2	-315	5	-419
-3	-115	-1	135
1	-4491	3	726
-13	-3657	-7	1013
-8	6183	-7	884
-3	-489	-9	372
-13	1619	3	-289
1	351	-5	-743
-11	693	-11	-899
-1	-294	-1	-786
-13	-322	17	-411
9	-111	-12	135
2	-4483	3	727
-5	-3588	-12	1019
1	6135	11	895
1	-499	-9	353
-13	1603	5	-295
-1	336	3	-738
-7	691	-2	-885
7	-301	11	-781
0	-309	9	-425
1	-145	-6	132
-11	-4537	7	721
1	-3647	10	1015
-2	6212	11	870
6	-479	1	367
1	1606	-3	-292
1	348	6	-749
-14	689	-7	-893
-1	-312	5	-785
-11	-329	7	-403
-1	-115	-5	119
-13	-4521	-5	729
6	-3673	4	1033
-13	6195	3	891
-5	-481	-3	369
-2	1619	7	-301
-9	345	-6	-747
-8	695	-15	-915
5	-310	1	-785
1	-311	7	-417
-5	-117	6	135
1	-4561	1	721
-7	-3743	9	1026
1	6283	-1	903
-3	-483	1	378
3	1623	9	-295
5	338	12	-755
-9	699	-3	-915
-1	-320	11	-798
-1	-325	5	-431
-3	-121	-11	147
3	-4553	-1	739
-9	-3675	11	1041
2	6239	5	905
1	-487	12	377
-1	1629	7	-303
-9	351	11	-759
-9	689	-1	-913
3	-295	7	-791
-15	-315	3	-423
-11	-117	-9	135
-12	-4561	-7	737
-3	-3703	5	1033
5	6275	-3	890
-5	-474	-5	381
-11	1623	13	-293
-1	351	9	-757
-8	704	-23	-924
-1	-315	3	-801
-4	-319	1	-429
10	-117	-1	139
-3	-4600	-7	739
-11	-3763	13	1047
11	6341	7	897
-1	-477	-17	381
-6	1645	7	-305
-8	341	1	-762
-9	715	-11	-919
-1	-325	10	-799
-9	-325	13	-441
6	-105	-1	152
-3	-4558	-7	743
-7	-3725	1	1051
-12	6259	3	917
-3	-498	-17	370
-4	1635	-1	-299
-1	343	-13	-771
-1	693	-19	-913
10	-325	4	-799
1	-319	9	-425
3	-121	-9	143
-13	-4621	3	737
-1	-3732	6	1037
10	6333	9	897
5	-482	3	375
-2	1652	13	-307
10	329	3	-758
-7	707	-10	-911
-3	-310	-7	-807
-7	-331	19	-424
5	-127	6	148
-2	-4599	7	753
1	-3705	-3	1053
5	6309	5	916
6	-487	-3	375
9	1635	13	-315
1	359	6	-771
-16	706	5	-920
-7	-303	4	-808
-6	-325	9	-427
-1	-125	-11	143
-1	-4583	-3	743
4	-3771	-6	1045
-5	6325	-13	907
-3	-477	-17	372
-14	1655	-1	-287
-3	336	-1	-760
-9	709	1	-921
9	-307	1	-805
-10	-332	13	-417
11	-117	-1	135
1	-4504	-5	757
5	-3699	6	1055
-3	6179	9	906
-1	-482	-13	375
-3	1629	13	-287
7	357	18	-777
-9	689	-5	-921
-5	-303	-15	-787
3	-328	23	-411
7	-114	9	139
-15	-4567	-9	734
-3	-3722	-6	1010
-1	6279	-1	901
-7	-485	-1	369
-3	1622	11	-289
-1	354	3	-755
-13	705	-1	-905
-1	-293	-4	-803
-9	-323	19	-428
-8	-107	-13	125
-13	-4543	7	743
7	-3701	10	1039
-2	6243	-9	912
10	-473	-15	365
7	1606	15	-302
-1	361	9	-759
-6	691	-9	-917
3	-307	4	-803
-12	-307	11	-419
1	-109	-7	133
-5	-4550	-7	729
6	-3731	-8	1023
1	6263	-8	891
-3	-459	4	377
1	1619	1	-299
-8	353	-13	-760
-12	699	-7	-913
-5	-293	12	-813
-13	-321	5	-419
4	-109	-1	127
-9	-4637	-11	734
-3	-3817	-1	1039
-9	6369	-5	896
3	-473	1	371
-12	1649	3	-311
-7	351	-9	-771
-1	701	1	-923
-3	-310	1	-804
3	-328	2	-425
5	-109	7	135
3	-4655	11	752
-1	-3799	3	1065
-1	6409	-3	921
5	-482	-5	381
-15	1651	13	-297
4	357	15	-772
-21	705	-3	-937
-7	-302	1	-805
-14	-333	7	-423
-8	-122	3	148
-11	-4659	-7	751
-9	-3806	-11	1065
0	6391	-13	922
3	-464	3	379
-5	1651	21	-307
-1	366	6	-779
-5	722	-9	-935
-14	-303	7	-808
2	-317	11	-439
-7	-130	-9	137
-3	-4712	-3	747
-1	-3860	-4	1062
-7	6472	8	927
-9	-451	5	378
-1	1685	-1	-305
-3	341	5	-778
-5	719	-3	-937
7	-313	14	-813
2	-317	1	-435
10	-121	-9	154
-3	-4749	-5	768
-7	-3909	-1	1086
-6	6515	3	925
-13	-491	4	393
4	1695	5	-323
-1	343	-3	-781
-7	716	-11	-949
-3	-309	-6	-817
5	-327	9	-429
5	-107	12	151
-1	-4675	7	767
-5	-3804	17	1077
-8	6437	-7	927
-5	-485	7	395
-5	1662	17	-311
6	357	-13	-790
1	711	-13	-943
-11	-297	3	-827
2	-319	11	-421
-1	-120	-9	145
-2	-4669	9	753
5	-3795	3	1059
-3	6399	11	914
8	-479	-11	381
-5	1649	-1	-310
-7	357	1	-789
-10	712	-9	-938
1	-309	-9	-810
-9	-325	13	-439
7	-122	-11	143
-11	-4682	-7	757
-9	-3845	-19	1062
-7	6453	5	907
-5	-462	-1	375
-4	1675	15	-297
-10	351	9	-782
-7	727	-9	-941
-1	-309	-1	-817
-9	-315	15	-439
-1	-109	-11	142
-11	-4651	-5	768
-11	-3827	13	1066
-3	6412	3	934
-9	-482	-3	381
-3	1679	9	-317
7	354	-3	-797
-11	709	-7	-945
-13	-300	21	-829
-9	-321	0	-419
-9	-109	3	147
-7	-4663	-5	749
-7	-3819	19	1058
0	6423	3	925
-7	-471	3	383
-2	1659	11	-309
6	351	-8	-785
1	725	-5	-931
-11	-297	-1	-825
-8	-321	9	-442
1	-125	1	139
-3	-4635	-11	747
-1	-3801	10	1063
-7	6405	-1	930
6	-475	-3	383
-1	1657	17	-311
-7	372	-5	-781
-5	706	-5	-933
-5	-295	1	-810
-1	-317	17	-425
-1	-115	-1	145
-9	-4647	5	757
11	-3819	17	1057
-17	6402	-5	929
-3	-454	-15	390
-3	1661	5	-301
1	351	9	-773
-15	717	-11	-933
-7	-291	7	-821
-11	-333	21	-421
-3	-93	-1	138
-7	-4589	7	757
-1	-3770	-9	1060
-4	6321	7	924
-3	-462	-13	381
-17	1641	3	-321
-1	354	3	-775
-5	699	-7	-929
-9	-281	-1	-804
-15	-331	5	-413
-1	-102	1	139
-2	-4605	-1	738
-9	-3763	-1	1035
1	6327	1	915
1	-481	-1	381
10	1636	9	-309
1	356	7	-779
-11	711	-11	-921
9	-292	3	-803
-3	-310	11	-427
-5	-121	1	149
-4	-4675	-7	749
1	-3823	7	1047
7	6429	5	904
3	-473	-3	365
-9	1656	18	-302
3	361	3	-783
-11	720	-7	-928
13	-309	11	-808
-4	-323	11	-437
1	-111	10	147
-10	-4614	7	749
-9	-3777	7	1067
-15	6361	11	915
-5	-463	-9	387
7	1655	11	-325
-1	353	5	-785
2	695	3	-945
3	-287	12	-811
-14	-320	5	-421
6	-113	-6	154
-3	-4627	15	743
5	-3811	-7	1053
-7	6363	5	909
-3	-472	-5	382
-3	1659	13	-297
-11	347	16	-769
-3	711	-9	-929
10	-294	6	-808
-11	-329	11	-433
5	-93	-5	143
-14	-4503	-5	748
-3	-3662	1	1061
4	6181	5	919
-5	-469	-9	377
3	1608	-1	-309
-1	361	3	-777
-3	685	-16	-923
-11	-282	1	-783
3	-313	9	-403
8	-125	-11	149
0	-4557	-9	717
-7	-3719	12	1021
-2	6265	-1	872
3	-457	-13	367
-1	1615	13	-293
1	351	1	-751
1	710	-17	-903
7	-294	14	-804
-2	-321	9	-433
-3	-104	-7	129
-17	-4497	13	739
-9	-3688	11	1049
-5	6212	3	905
1	-463	-7	367
-14	1609	15	-295
1	353	13	-764
-4	697	-9	-901
-10	-282	10	-789
-17	-320	5	-413
-11	-125	6	150
-7	-4543	-8	732
5	-3785	1	1021
0	6261	-7	892
-13	-469	-1	370
0	1625	3	-285
1	357	3	-763
-10	693	-11	-907
1	-289	1	-798
1	-315	15	-419
3	-99	-11	143
-5	-4426	-3	729
-14	-3637	-9	1034
-11	6107	-3	909
1	-467	-1	367
-2	1581	9	-307
4	343	-6	-755
-9	671	-1	-897
1	-292	-1	-793
-13	-313	15	-407
-1	-112	1	146
-13	-4417	-1	717
-7	-3647	-9	999
-3	6102	-5	880
3	-451	-13	369
-9	1575	10	-288
-9	363	-1	-747
-3	680	-5	-893
-1	-297	-1	-780
4	-327	11	-417
3	-103	-3	135
5	-4463	5	719
4	-3685	3	1009
-7	6157	-3	885
-3	-438	-14	355
-1	1593	9	-281
-3	356	11	-748
-7	701	-3	-887
-7	-287	10	-785
-13	-321	7	-411
3	-94	3	138
-7	-4441	-9	722
-11	-3711	12	1008
-4	6133	3	879
-3	-469	-9	365
-9	1591	7	-291
-5	356	12	-747
-13	675	-11	-903
6	-282	-15	-774
3	-334	11	-405
1	-121	-7	135
-3	-4529	-9	720
3	-3755	-1	1016
3	6257	-1	881
-1	-441	1	369
1	1606	15	-291
-1	351	1	-730
-7	691	-3	-897
9	-279	9	-803
-10	-317	-1	-422
-9	-101	-13	146
-8	-4545	-7	729
-5	-3743	-17	1049
7	6269	11	912
4	-445	-4	367
-7	1617	11	-299
-1	351	-1	-757
-8	685	1	-908
-5	-297	1	-790
-4	-311	3	-419
1	-102	-21	145
-10	-4637	5	725
-5	-3871	11	1047
-1	6422	3	901
1	-454	-11	371
-5	1653	3	-289
1	354	11	-760
-7	715	-15	-917
3	-309	5	-817
-9	-323	9	-433
-3	-101	5	150
-3	-4606	3	770
5	-3873	4	1064
-3	6369	5	928
-1	-469	-1	388
-8	1651	3	-315
1	353	-3	-775
0	701	-11	-937
-5	-313	5	-798
-5	-326	15	-419
-5	-114	7	149
-8	-4673	-9	757
-9	-3863	3	1051
-1	6467	-13	927
-1	-471	-9	397
-5	1658	-1	-319
6	373	8	-773
-13	717	-15	-931
-3	-287	-1	-829
-7	-317	-1	-432
1	-113	-7	148
-10	-4657	1	759
-3	-3847	-17	1069
-5	6423	7	914
-5	-469	-3	377
-7	1647	11	-295
-5	377	9	-783
-8	722	-7	-938
-5	-300	-1	-824
2	-329	9	-419
7	-112	-9	145
-1	-4671	-7	757
6	-3893	13	1057
-11	6453	-7	925
-5	-455	-14	385
-8	1653	7	-303
-8	365	1	-783
-2	707	-7	-937
3	-295	-15	-821
-2	-329	11	-433
1	-113	-9	141
-5	-4705	-2	763
-13	-3949	-7	1060
-14	6496	-5	933
-11	-489	-12	377
0	1663	1	-307
3	363	3	-793
0	711	-19	-935
-7	-295	-3	-825
-5	-337	5	-429
-5	-101	5	139
-6	-4639	5	757
3	-3873	-9	1069
8	6419	7	931
-1	-463	-5	379
-9	1651	7	-313
11	387	6	-793
-3	705	-1	-935
-9	-284	6	-827
-9	-325	13	-434
3	-105	7	148
6	-4669	3	757
-9	-3865	-11	1063
0	6452	-7	924
-5	-465	-4	387
-13	1648	7	-310
5	379	-1	-787
-9	719	-19	-938
3	-297	-9	-825
-5	-341	7	-441
-9	-93	-5	133
-10	-4515	-9	759
-1	-3747	-6	1076
-17	6251	2	923
-5	-447	-6	392
-9	1613	-7	-303
3	373	13	-784
0	693	-9	-933
1	-293	10	-797
-3	-341	13	-421
-3	-95	-11	151
-7	-4507	-5	719
7	-3777	11	1022
-11	6237	-5	887
-1	-461	9	378
-2	1619	5	-299
-3	384	16	-759
-1	685	-7	-921
3	-297	19	-809
-1	-334	-3	-429
-1	-91	-12	151
-3	-4447	-7	732
3	-3668	1	1036
-19	6115	3	899
-5	-441	-9	383
3	1568	3	-297
1	377	9	-746
-13	687	-10	-913
9	-281	14	-789
-6	-323	9	-412
-1	-113	-13	144
-1	-4501	-13	727
-3	-3734	7	1017
-9	6239	1	880
6	-443	1	379
-7	1592	11	-292
1	365	-1	-751
-2	691	-9	-909
3	-279	-1	-798
-1	-335	5	-431
-1	-107	7	139
-3	-4505	-15	733
1	-3778	5	1043
-7	6229	10	907
-7	-431	-11	374
-3	1613	15	-303
-9	366	11	-756
-10	687	-9	-907
-7	-285	10	-787
-3	-323	-3	-419
-3	-102	-11	133
-3	-4594	-5	722
-7	-3873	6	1022
0	6363	-11	895
-14	-456	-3	382
-2	1641	3	-293
-5	382	1	-757
-17	689	-11	-923
-15	-269	11	-808
-5	-337	7	-425
3	-101	-12	129
-9	-4651	-1	730
5	-3899	12	1055
-6	6467	-1	917
-7	-446	-17	387
0	1653	7	-307
-1	372	19	-787
-1	703	-15	-941
1	-287	-1	-825
-7	-313	9	-421
-7	-102	-17	138
6	-4655	-7	761
-13	-3869	10	1067
3	6436	-9	924
4	-457	-1	383
-13	1649	13	-308
-3	375	-11	-787
-8	707	-9	-938
1	-303	1	-815
-4	-335	5	-431
1	-114	-5	131
0	-4737	-3	757
-7	-3989	6	1056
-15	6563	13	927
-1	-461	-11	378
-3	1689	9	-307
5	359	1	-789
-8	717	-13	-943
-12	-301	3	-837
-11	-327	5	-443
-1	-112	-5	149
-1	-4701	-1	780
-1	-3976	9	1082
-3	6522	5	956
-7	-463	-11	382
-11	1679	11	-307
-1	366	16	-815
-3	709	-5	-959
8	-284	-5	-823
-13	-341	3	-423
5	-103	-9	139
-1	-4755	-3	778
-16	-3977	1	1067
-5	6575	-1	941
-5	-472	3	385
-9	1679	13	-311
3	369	-1	-801
-21	717	-15	-949
-9	-292	7	-853
-11	-333	5	-436
-16	-102	-9	133
0	-4731	-3	779
-1	-3943	1	1091
-16	6541	7	936
13	-472	1	379
-11	1669	8	-326
-7	395	9	-797
-3	717	-9	-943
-1	-297	-4	-839
-2	-345	13	-445
1	-99	7	141
13	-4797	5	775
-7	-4017	1	1090
-7	6644	1	941
3	-441	6	383
-4	1699	7	-307
3	399	4	-796
-12	717	1	-961
-7	-303	12	-847
-21	-338	11	-449
6	-101	1	149
1	-4786	-9	773
-5	-4013	-1	1109
-5	6605	-7	955
-1	-465	4	391
-7	1695	11	-313
1	390	12	-811
-1	709	-23	-969
6	-284	-9	-835
-5	-341	3	-441
-11	-89	-9	137
6	-4772	-9	773
-3	-3969	6	1101
6	6559	1	945
-9	-467	3	399
-2	1690	-1	-325
15	401	5	-799
-5	713	-9	-971
3	-281	19	-841
-1	-345	5	-446
-9	-123	7	154
2	-4807	1	773
-3	-4017	-5	1087
2	6643	7	952
8	-464	-1	403
3	1699	13	-330
-9	400	9	-797
-9	721	-7	-964
-5	-297	9	-843
-2	-349	3	-451
1	-112	-17	143
2	-4767	-5	781
4	-3994	-1	1098
-9	6603	-11	947
-9	-447	-6	399
-4	1713	-3	-327
-3	392	1	-808
-2	729	-13	-975
-7	-289	-9	-841
-9	-339	5	-451
10	-83	-11	154
-7	-4737	-16	770
-7	-3997	-12	1093
0	6568	3	948
-5	-477	-5	391
6	1687	9	-313
5	387	10	-793
-1	720	-9	-965
4	-292	-15	-843
1	-341	7	-449
-5	-93	1	141
5	-4800	-5	782
-5	-4015	14	1083
4	6645	-3	941
-1	-462	7	393
0	1682	-1	-325
-5	361	3	-797
-7	725	-15	-959
-3	-289	11	-843
-9	-335	9	-443
-5	-102	-13	141
-11	-4873	-7	775
3	-4083	10	1101
-3	6745	-3	948
-1	-475	-6	383
1	1717	3	-331
1	397	-9	-817
-19	743	-5	-984
-5	-307	1	-849
-10	-335	17	-461
-9	-121	-11	141
-10	-4813	5	797
-17	-4065	-1	1112
-13	6677	0	969
9	-459	3	402
-3	1717	11	-317
-8	364	-4	-829
-13	727	-5	-979
-1	-297	7	-859
-9	-347	-1	-441
-3	-91	-7	156
-5	-4855	-2	786
-1	-4131	-7	1113
-11	6721	5	964
-5	-487	-12	393
-9	1731	5	-317
-10	387	7	-811
-5	737	-9	-981
3	-302	-6	-863
-11	-353	2	-451
-11	-91	-13	145
-12	-4811	-7	797
1	-4061	-3	1115
-15	6683	1	973
-3	-483	-11	403
1	1712	9	-321
-3	407	5	-829
-7	733	-8	-977
-1	-299	-4	-849
-6	-335	9	-433
-3	-94	-5	156
0	-4717	9	791
1	-3963	-3	1097
-13	6561	3	970
1	-455	-13	399
-5	1677	18	-310
13	413	7	-811
-10	718	-5	-959
-7	-299	9	-855
4	-361	11	-439
5	-89	-13	141
1	-4670	-5	777
10	-3941	-15	1079
-9	6454	-15	941
-13	-443	-3	385
-9	1673	7	-303
-5	401	-3	-795
-1	721	-17	-947
5	-273	7	-841
2	-346	13	-429
-1	-104	-3	148
-19	-4667	-10	761
7	-3971	-22	1070
-11	6470	3	937
-3	-462	-17	401
-8	1663	17	-307
5	411	-7	-779
-7	697	-13	-949
6	-276	4	-825
-5	-353	9	-439
-9	-94	-4	129
-2	-4679	1	753
-1	-3948	22	1063
-1	6471	7	945
-14	-449	-3	389
0	1648	1	-309
-3	402	-5	-778
-1	703	7	-945
-3	-271	-11	-825
-15	-345	9	-453
-7	-107	-9	142
-2	-4633	-1	759
5	-3931	7	1075
-16	6433	-7	938
-9	-433	3	405
-11	1645	11	-302
-15	428	3	-783
-8	694	-1	-938
-9	-275	1	-823
-7	-343	13	-439
5	-103	-1	143
3	-4666	7	747
-7	-3955	19	1077
-15	6450	-9	927
-11	-439	-5	401
-6	1649	11	-297
1	395	3	-781
-13	721	-7	-939
3	-287	1	-823
3	-345	3	-435
-3	-95	-1	152
-7	-4699	-1	747
-9	-4031	11	1076
-4	6534	-11	936
-5	-453	-9	403
2	1663	13	-307
-5	402	-1	-773
-15	716	-11	-951
8	-274	-15	-825
-7	-351	10	-443
-3	-93	-1	143
0	-4707	-1	766
-8	-3971	4	1091
3	6537	-7	947
1	-456	7	411
-5	1673	17	-309
-3	387	6	-788
-3	705	-15	-955
-11	-287	7	-837
-8	-331	19	-451
-9	-107	3	145
2	-4765	-7	765
-5	-4025	16	1087
1	6599	-5	948
1	-469	5	405
-9	1679	13	-311
1	397	1	-789
-11	718	-9	-967
-8	-310	9	-843
-18	-353	9	-451
-3	-89	-13	141
-5	-4723	-9	779
-3	-4035	19	1095
-7	6565	-5	959
-13	-451	7	394
0	1689	-1	-305
5	384	-3	-796
-14	711	-13	-967
1	-292	12	-837
-5	-338	9	-443
8	-101	-1	137
-7	-4749	-7	778
-13	-4051	15	1089
-4	6607	-1	943
-7	-464	4	403
-3	1699	7	-311
-5	392	7	-795
3	729	3	-955
6	-287	9	-831
-5	-337	11	-449
-5	-99	-11	131
8	-4731	5	782
-1	-3997	13	1089
-3	6559	3	955
1	-453	12	393
-1	1676	13	-313
3	403	11	-807
-1	711	0	-961
-9	-287	-1	-837
-11	-333	17	-430
3	-109	-1	145
-4	-4751	-3	771
5	-4004	-5	1089
-11	6604	3	946
3	-455	6	397
-3	1679	7	-292
-3	409	5	-799
3	719	-9	-954
1	-287	4	-849
-3	-339	19	-445
-5	-101	-1	135
-2	-4645	7	775
13	-3935	6	1090
1	6463	10	967
-3	-437	-13	403
-4	1661	23	-303
5	411	1	-800
-3	705	1	-953
1	-291	16	-843
-2	-352	21	-437
10	-113	-1	137
-7	-4711	15	764
-9	-4009	-9	1055
7	6546	7	943
-19	-449	-15	386
-21	1663	7	-303
-9	383	5	-785
-25	713	-15	-945
-5	-294	-21	-845
-25	-349	0	-449
-3	-93	-19	137
-16	-4677	-1	776
-21	-3951	-1	1095
-7	6505	1	949
-11	-439	-13	399
-12	1659	19	-325
4	389	-1	-793
-15	701	-7	-947
-1	-279	-9	-843
6	-333	11	-427
8	-115	6	141
3	-4665	5	767
5	-3891	3	1073
12	6457	13	942
13	-433	8	405
-1	1651	15	-302
-1	417	11	-773
7	707	3	-943
-1	-279	1	-824
-3	-353	19	-435
-10	-102	10	157
-7	-4668	-11	755
-11	-3925	1	1066
-7	6445	-13	935
-11	-438	-17	382
-17	1665	-1	-313
-5	387	1	-775
-16	701	-11	-945
-10	-305	-17	-825
-19	-362	-11	-443
-9	-103	-11	139
-9	-4645	-15	756
-7	-3939	-13	1077
-15	6425	-9	932
-8	-459	6	401
-4	1653	7	-317
7	374	12	-785
-12	693	1	-949
-1	-287	8	-821
3	-343	7	-439
5	-93	11	127
-9	-4635	-9	749
-5	-3877	9	1063
8	6407	3	927
7	-444	3	393
7	1643	11	-301
4	377	20	-776
-11	693	3	-949
-7	-287	12	-819
-17	-353	17	-431
-8	-97	3	154
-9	-4617	-5	747
-15	-3876	1	1063
-13	6395	-11	916
-9	-446	-17	389
-11	1641	-1	-318
-11	381	-3	-767
-22	703	-13	-938
-7	-303	-7	-816
-2	-337	7	-447
1	-121	5	141
-7	-4719	-9	753
-7	-3965	-1	1063
-7	6549	3	923
3	-436	9	389
-3	1669	9	-307
-8	374	19	-792
-11	711	-7	-943
1	-291	7	-835
0	-330	15	-453
15	-91	11	147
-1	-4711	7	761
5	-3989	1	1095
5	6552	7	951
3	-469	11	391
-8	1693	-1	-323
1	377	16	-803
-13	707	-1	-961
-9	-285	15	-831
-3	-343	7	-449
-13	-99	-5	135
-16	-4732	-7	757
-11	-3943	1	1087
-7	6517	1	941
-12	-479	-1	385
-1	1657	3	-319
-11	374	-13	-801
-17	709	-15	-957
-5	-277	4	-831
-6	-323	9	-437
-5	-114	1	133
-3	-4715	9	767
3	-3907	7	1067
-9	6517	-3	936
-15	-457	4	381
-3	1667	23	-314
-9	385	13	-783
-6	728	-5	-950
-3	-292	9	-827
-10	-329	17	-433
11	-112	5	149
-9	-4727	-3	771
-13	-3959	15	1076
-1	6537	-1	935
3	-441	6	393
-8	1669	15	-309
-3	366	-9	-801
-10	723	-3	-943
-10	-305	-9	-831
-17	-330	1	-437
1	-109	-17	139
-7	-4651	-3	765
-11	-3923	-1	1081
6	6419	-7	937
-3	-469	-7	391
-9	1653	5	-313
-5	356	3	-795
-7	695	-5	-937
-3	-274	-1	-821
-7	-329	21	-421
3	-96	9	147
-3	-4615	-3	745
-5	-3843	1	1065
2	6389	1	919
-3	-474	-7	379
-10	1632	17	-303
-1	367	13	-787
-5	699	-17	-929
-3	-277	1	-825
-2	-331	19	-440
-9	-109	-3	140
-8	-4685	9	751
-3	-3920	-7	1065
-11	6449	9	908
-7	-446	-6	373
3	1651	17	-305
-1	381	-1	-789
-19	710	-7	-937
-3	-301	1	-824
2	-323	9	-437
-9	-102	3	139
-16	-4593	-11	759
6	-3827	5	1065
-5	6339	2	929
-3	-433	6	385
0	1637	9	-307
-1	363	-15	-790
5	695	-9	-933
-1	-292	1	-815
-19	-328	7	-435
3	-107	-15	142
-5	-4699	8	729
-5	-3965	7	1045
-6	6494	13	918
-11	-469	1	372
-5	1663	9	-305
1	367	7	-777
-14	703	-7	-939
1	-297	3	-829
3	-347	9	-437
-9	-96	-17	145
-11	-4535	-11	757
-5	-3768	9	1085
-9	6259	-9	949
-1	-449	16	395
-11	1620	7	-315
4	381	6	-790
-9	687	-10	-933
-3	-276	14	-801
-11	-323	1	-403
-7	-105	-17	156
-10	-4603	-3	721
-10	-3817	3	1025
3	6347	-1	892
1	-438	-6	373
-17	1633	13	-284
-1	385	-1	-757
-6	702	-5	-918
3	-294	9	-815
-19	-329	13	-441
-9	-102	-11	135
-9	-4587	-9	743
6	-3840	5	1064
-7	6341	-13	901
-5	-437	-11	371
-7	1635	5	-309
-5	359	-1	-774
-4	707	-19	-935
9	-284	3	-803
-17	-339	15	-423
-3	-109	-3	148
1	-4563	0	748
3	-3843	-6	1045
-9	6309	-1	915
3	-454	-1	390
-9	1619	7	-303
-3	355	3	-765
-9	701	-13	-927
-1	-302	3	-819
-7	-335	2	-427
5	-91	1	149
6	-4617	-5	748
-3	-3837	-5	1051
-1	6367	-9	903
1	-461	-3	377
1	1629	3	-299
3	361	-3	-765
-9	703	-8	-925
-5	-291	-9	-807
-4	-323	15	-437
-7	-109	-13	135
-6	-4617	-1	751
-3	-3822	7	1053
-13	6359	-1	924
8	-461	-8	373
-7	1635	10	-310
-15	351	14	-779
-4	707	-1	-924
-1	-309	-4	-799
6	-323	7	-431
-13	-115	-15	155
2	-4599	-9	751
-5	-3842	-13	1054
-3	6355	-3	925
7	-451	3	378
2	1641	19	-289
-7	351	9	-784
-5	705	-3	-921
3	-300	-3	-811
7	-316	7	-429
10	-95	4	141
-1	-4561	3	751
-1	-3819	-1	1049
-15	6301	-7	921
-5	-472	-15	373
-6	1637	13	-299
-5	366	3	-769
3	701	-7	-925
-1	-297	1	-811
-21	-335	-1	-419
-9	-107	-17	141
-2	-4567	7	744
-8	-3803	-1	1050
-4	6299	-3	905
5	-464	-1	365
-2	1618	3	-297
6	347	5	-777
-7	699	7	-927
13	-279	-1	-797
-9	-323	17	-422
-9	-121	-5	145
0	-4611	9	751
3	-3813	3	1043
-9	6359	11	912
4	-454	-5	373
-7	1633	8	-294
-1	364	9	-783
-16	704	-9	-928
5	-293	5	-811
-1	-329	17	-435
-3	-107	-17	137
-3	-4540	-3	739
1	-3778	7	1054
-5	6263	10	927
-11	-451	-13	379
-10	1621	7	-297
-15	354	3	-776
-10	697	3	-921
1	-287	-3	-813
-9	-330	13	-421
-3	-111	6	148
-1	-4643	8	739
-7	-3899	-12	1036
-17	6419	3	911
-5	-456	-17	375
-7	1651	1	-297
3	356	18	-763
-9	713	3	-921
11	-297	5	-833
-7	-325	13	-437
-1	-96	-1	137
-3	-4591	3	751
-9	-3807	6	1063
-15	6333	-11	935
-3	-453	7	387
-13	1626	5	-319
1	356	-7	-785
-11	695	3	-917
-1	-282	1	-803
-10	-312	1	-422
-5	-99	-17	140
-11	-4565	3	733
5	-3783	-5	1043
-9	6295	-5	914
-5	-457	-1	371
-7	1624	7	-304
-7	373	-1	-765
0	693	-9	-933
-14	-301	5	-813
-17	-347	5	-423
-7	-102	-15	131
-7	-4572	1	745
-3	-3773	3	1049
1	6281	-3	905
-11	-433	6	369
8	1623	15	-317
-9	356	3	-759
1	701	-15	-923
-1	-289	10	-803
-1	-336	11	-427
4	-99	-11	141
-9	-4649	7	737
-9	-3913	-9	1048
-19	6434	-13	909
-7	-467	-5	381
0	1661	13	-305
-13	365	-5	-765
-17	705	-3	-933
1	-281	-4	-817
-1	-326	10	-449
-3	-93	1	151
-3	-4609	-9	762
-1	-3801	-5	1069
0	6355	-15	921
-10	-469	7	393
-10	1629	5	-315
-1	363	3	-780
-1	693	-11	-929
-9	-289	-6	-817
-1	-306	5	-421
-1	-117	-9	145
-9	-4691	-11	735
-5	-3877	7	1053
5	6447	-3	898
-5	-459	-4	387
3	1649	-3	-303
-11	377	6	-777
-7	720	-7	-923
-3	-303	3	-823
-7	-325	3	-443
-3	-125	-21	139
0	-4662	-1	747
-9	-3869	13	1078
-9	6450	1	927
-7	-449	-1	378
2	1669	-3	-311
-5	341	-3	-790
-9	723	-7	-945
-7	-297	-1	-829
-13	-316	3	-427
10	-120	5	150
-5	-4598	8	751
1	-3850	-3	1079
-3	6359	-1	928
1	-489	1	386
2	1659	5	-309
12	351	12	-779
-1	711	-9	-935
10	-309	-13	-807
3	-319	0	-411
5	-104	5	153
-6	-4595	3	746
-5	-3776	7	1056
20	6327	1	903
1	-479	-13	381
3	1627	9	-305
4	364	1	-774
-11	697	7	-931
-1	-295	-3	-801
-7	-310	9	-421
-13	-122	-11	144
-12	-4627	-1	747
-9	-3837	3	1045
-2	6373	1	908
-1	-474	-25	373
-7	1627	0	-308
5	361	-7	-769
-11	714	-19	-925
-3	-309	9	-813
0	-315	9	-431
5	-112	-7	137
2	-4602	9	755
1	-3821	9	1055
3	6345	3	921
1	-459	-1	369
2	1641	15	-283
-3	354	5	-781
-3	699	-5	-927
5	-300	7	-815
-2	-321	23	-417
3	-99	-8	133
5	-4578	15	744
-13	-3823	-1	1041
-11	6311	3	922
-5	-469	-9	368
-5	1635	5	-311
-7	353	-9	-775
-17	697	-13	-923
-13	-313	-4	-804
-9	-330	3	-431
7	-103	-13	133
-11	-4593	7	750
-13	-3786	-13	1045
-8	6305	-3	913
1	-471	1	371
-9	1633	11	-291
4	355	-15	-772
-17	697	-18	-911
1	-287	9	-805
5	-319	1	-426
1	-104	-4	131
11	-4603	1	737
5	-3791	5	1039
-2	6357	-1	904
4	-464	-1	365
-7	1643	16	-292
-3	369	1	-777
-8	697	-11	-920
1	-303	3	-827
-5	-325	13	-431
-3	-104	-9	135
3	-4572	13	751
-7	-3781	5	1049
-9	6309	-8	901
-3	-461	-11	369
-3	1625	11	-311
-8	349	-13	-771
-14	703	-11	-941
1	-302	-9	-801
-12	-330	-1	-427
11	-95	-4	151
-13	-4600	-11	741
-3	-3804	-7	1044
0	6321	-1	905
-8	-459	-9	367
-7	1627	9	-301
-3	353	-7	-763
-12	689	-3	-925
-5	-287	21	-808
-5	-333	10	-421
-3	-89	-1	145
2	-4513	-9	740
-1	-3686	11	1057
-7	6217	-5	915
-9	-474	1	379
3	1605	9	-303
11	361	1	-762
-3	685	-13	-921
-11	-282	7	-797
-5	-327	9	-422
-9	-114	-14	150
-11	-4571	5	727
-3	-3740	1	1025
3	6265	1	882
-9	-449	1	373
-3	1600	-3	-297
3	369	9	-751
-12	704	-9	-925
-3	-293	11	-802
0	-323	1	-437
-10	-104	-3	133
1	-4511	-7	735
3	-3717	-7	1045
-5	6239	-11	897
-3	-449	-7	367
-8	1619	3	-305
-7	363	5	-765
-9	693	-19	-919
1	-299	-1	-789
-7	-315	5	-419
-1	-99	-1	141
-5	-4564	0	727
-1	-3779	11	1031
-11	6293	5	892
-8	-464	13	380
-12	1627	11	-303
-5	329	3	-761
5	699	-15	-923
4	-289	15	-803
5	-326	11	-435
-11	-109	-1	133
-9	-4525	9	744
-14	-3693	1	1047
-12	6227	3	905
-11	-472	-9	377
-19	1614	13	-303
-1	351	-1	-775
3	699	-15	-929
-17	-279	-1	-789
-10	-315	5	-422
-1	-120	1	140
-20	-4617	-11	731
1	-3775	1	1033
-9	6351	-1	886
-5	-473	-1	371
3	1641	-2	-302
-3	366	-4	-759
-6	715	-17	-918
-13	-310	1	-810
0	-317	17	-431
-10	-107	-7	129
-9	-4618	-7	743
-11	-3783	-1	1059
-11	6349	-5	913
1	-449	3	374
-6	1655	7	-313
-11	357	11	-783
-12	707	3	-915
5	-292	10	-813
-9	-315	13	-427
-1	-119	-3	146
-5	-4593	3	735
-5	-3796	-4	1034
-7	6353	1	909
-17	-469	-9	376
-2	1653	13	-311
-16	343	7	-771
-7	707	-3	-927
-5	-300	3	-810
-1	-306	8	-423
-1	-109	-15	129
-5	-4643	-5	758
7	-3794	11	1050
-4	6387	-1	915
-3	-481	-11	373
3	1663	19	-293
-5	327	8	-778
-7	715	-9	-923
5	-302	-1	-825
-3	-301	9	-442
1	-137	-6	135
-2	-4683	-3	757
-1	-3797	1	1061
-9	6403	5	922
4	-474	-13	365
-5	1654	18	-301
7	353	1	-795
-7	707	-3	-930
-5	-321	6	-810
-2	-317	9	-423
-3	-139	-9	141
5	-4702	-3	755
-9	-3832	5	1045
-5	6478	-5	915
-5	-477	-17	371
11	1693	15	-303
-5	341	-5	-788
-5	729	-11	-935
1	-312	-1	-831
-5	-319	13	-431
-1	-99	1	144
-3	-4675	3	759
-3	-3823	-7	1069
-11	6416	7	930
-10	-505	-11	386
14	1669	13	-297
5	351	-9	-799
-5	711	1	-939
-3	-305	1	-813
-7	-323	19	-415
-3	-119	-5	147
-11	-4657	-5	761
-1	-3767	19	1055
-11	6401	1	917
1	-505	-9	373
-7	1652	7	-313
-1	359	-1	-776
-7	703	-3	-925
-5	-297	1	-815
-1	-308	21	-436
-3	-121	-11	143
-15	-4645	1	745
-3	-3769	10	1059
-5	6373	-3	914
-1	-485	5	385
-9	1658	0	-308
-1	356	1	-779
-16	705	-1	-937
-5	-321	9	-814
-8	-313	13	-423
5	-109	10	147
-1	-4555	7	747
3	-3670	3	1054
-13	6231	-3	919
5	-477	5	369
-12	1631	7	-309
-1	347	9	-773
-13	711	-3	-915
1	-309	3	-799
-13	-309	11	-415
1	-133	13	161
-7	-4559	-5	735
-11	-3722	13	1031
-2	6259	-7	892
-7	-500	11	374
-2	1635	5	-315
-7	355	-9	-769
-7	709	-7	-919
-3	-305	17	-803
-5	-320	8	-425
-9	-117	6	131
1	-4575	-1	738
3	-3673	4	1050
-3	6267	5	891
5	-499	10	377
-9	1633	13	-313
-3	351	-4	-763
-9	697	-16	-917
-5	-302	12	-803
-4	-307	-1	-423
-9	-135	-1	131
-10	-4697	-5	741
-5	-3807	-3	1033
-16	6457	1	884
-7	-503	3	369
-7	1681	7	-316
-5	351	-4	-769
-2	729	-11	-936
-1	-330	3	-806
-5	-307	1	-445
-1	-125	-11	145
0	-4698	-5	753
-3	-3770	-11	1084
-7	6440	-13	927
5	-500	-9	369
8	1685	13	-319
-5	323	-1	-787
-4	725	-7	-947
3	-330	16	-815
-5	-311	1	-431
1	-138	3	141
1	-4761	-3	747
3	-3845	9	1063
-14	6523	9	919
-3	-519	-17	380
-11	1701	1	-311
-3	337	-17	-787
-2	725	3	-949
3	-320	4	-823
1	-318	-5	-445
-1	-132	-3	141
-6	-4703	-7	769
5	-3740	5	1079
3	6435	1	935
1	-541	3	389
-13	1686	5	-319
4	347	-15	-809
-13	717	-11	-945
-7	-315	13	-819
2	-290	3	-418
3	-140	-19	154
4	-4793	-15	757
-7	-3827	-1	1057
-3	6528	5	918
6	-515	-13	381
-9	1707	3	-308
1	356	4	-781
2	741	-3	-948
-1	-325	3	-830
-17	-317	25	-431
-3	-150	-9	149
-9	-4777	5	785
-5	-3835	11	1083
-11	6555	-2	945
-7	-513	-11	384
-10	1731	5	-301
1	331	11	-807
-14	747	-5	-953
3	-328	7	-831
-3	-301	11	-429
6	-147	-11	146
-13	-4870	-3	779
-5	-3925	-12	1074
-3	6655	-1	939
-3	-529	-1	387
-7	1755	9	-323
-3	333	3	-817
5	742	-11	-963
4	-345	-4	-839
-1	-313	15	-441
-3	-132	-7	139
-14	-4865	-1	792
-1	-3845	12	1111
0	6631	-1	957
-3	-537	-25	393
-9	1728	19	-323
-3	339	6	-817
-13	744	3	-959
-1	-331	11	-839
-6	-305	3	-434
-5	-145	-17	156
-8	-4793	-7	769
-3	-3767	5	1095
-9	6515	-13	950
-1	-529	-7	385
-11	1703	7	-327
-3	347	1	-809
-14	735	1	-953
-5	-341	-1	-821
-8	-313	13	-433
3	-143	-11	167
-2	-4783	1	771
-5	-3776	-4	1078
1	6509	-3	935
-3	-515	-9	385
-14	1717	5	-295
-3	335	1	-786
-17	739	-3	-947
1	-323	12	-823
7	-313	13	-423
-1	-139	-5	163
1	-4779	-5	782
-5	-3795	5	1077
-12	6504	-7	925
5	-529	-24	383
-8	1709	5	-331
-7	318	7	-795
-23	740	-13	-953
3	-330	-11	-819
-31	-316	16	-427
-7	-135	-12	155
-15	-4854	-11	776
-1	-3795	6	1071
-10	6587	-7	923
-9	-541	-5	369
-3	1729	1	-325
6	319	-7	-792
-3	745	-13	-961
-9	-335	9	-833
-13	-308	7	-440
5	-147	-9	162
4	-4889	-9	785
-9	-3797	-9	1101
-3	6638	-1	934
4	-533	-9	387
-3	1735	8	-332
-3	333	-3	-803
-6	761	5	-959
3	-349	1	-830
-2	-303	3	-443
5	-150	3	171
-5	-4921	-11	783
1	-3866	17	1105
-7	6695	-15	937
-11	-528	7	391
-10	1777	15	-329
-5	318	-9	-801
-12	747	-15	-975
-11	-341	3	-837
-7	-305	3	-441
8	-158	-9	167
-7	-4979	-5	800
-3	-3951	-1	1105
-1	6795	-3	967
-8	-549	-9	387
0	1791	9	-331
-3	339	-9	-825
-9	767	-11	-975
3	-343	11	-855
3	-319	3	-441
3	-145	-5	167
-7	-4963	-1	809
-9	-3893	9	1127
-15	6777	5	967
-11	-547	1	387
7	1779	13	-339
3	312	13	-827
-9	756	-19	-989
-7	-343	9	-851
-9	-292	11	-439
-8	-173	-7	171
-8	-5125	-9	801
-24	-3979	-7	1125
-7	6954	9	956
-1	-549	-4	393
3	1823	19	-327
3	349	1	-827
-11	791	-13	-994
-1	-375	11	-869
4	-309	9	-453
1	-157	12	161
-1	-5118	3	827
-7	-3993	15	1152
-7	6941	7	993
-13	-570	5	404
-7	1832	9	-349
-8	320	-1	-857
-7	787	-13	-1009
-10	-353	-5	-867
-7	-297	11	-445
-3	-173	4	182
-7	-5089	-9	841
-11	-3989	-7	1151
-8	6918	5	992
-1	-583	11	399
-2	1837	1	-339
-10	337	-13	-849
-10	786	-11	-1013
4	-349	6	-863
-1	-321	13	-449
1	-151	-11	171
-4	-5073	5	836
-16	-3909	3	1147
4	6867	7	983
3	-575	-5	399
-10	1801	23	-347
4	343	13	-851
-1	780	-16	-1003
5	-351	14	-859
-9	-307	9	-445
1	-163	6	173
-7	-5139	5	809
-3	-3957	20	1137
-1	6955	-3	979
6	-557	-5	395
-11	1831	-3	-339
-9	348	-13	-841
-2	795	-13	-1005
-7	-357	-6	-873
-3	-309	3	-453
-1	-153	3	181
-12	-5011	1	831
8	-3884	4	1154
-1	6779	-2	999
1	-557	-1	388
-8	1794	15	-337
-5	339	-13	-845
-17	767	-5	-1015
1	-351	1	-855
-16	-317	5	-449
-3	-169	-13	178
3	-5031	-3	819
-1	-3925	7	1121
-9	6829	9	969
-5	-577	-9	393
-3	1811	3	-333
-3	339	3	-835
-9	779	-9	-995
-1	-347	-3	-861
-5	-318	13	-443
-3	-135	-9	175
-2	-5019	5	807
1	-3873	17	1129
-15	6811	5	973
3	-557	-9	395
-13	1805	11	-347
-1	323	-6	-845
-5	774	-23	-995
-9	-349	-7	-865
-9	-291	5	-435
-3	-157	-1	164
-3	-5005	-7	813
1	-3869	-1	1141
-15	6805	3	956
3	-567	9	391
5	1793	13	-346
-1	345	-3	-829
-9	775	-5	-994
-3	-351	19	-863
-2	-295	11	-443
-5	-153	3	169
1	-4989	-3	811
-5	-3861	-1	1137
-9	6771	5	969
1	-544	-9	393
-7	1807	-1	-333
-1	333	-9	-827
-16	773	-7	-983
-10	-348	-13	-849
-16	-303	11	-443
-9	-169	3	172
-11	-5041	1	809
-7	-3945	1	1121
-11	6847	-7	975
-5	-567	-13	401
-7	1813	17	-341
-10	323	5	-833
-9	781	-1	-991
-9	-343	6	-851
-7	-307	1	-453
-1	-163	-12	159
-9	-5117	3	805
-5	-3953	12	1143
-13	6931	-3	981
1	-587	12	395
9	1825	3	-339
-11	336	5	-849
-13	793	-5	-999
-9	-343	-5	-867
0	-300	-3	-449
-11	-163	-5	175
-4	-5049	-3	825
-14	-3909	1	1143
-2	6844	7	983
-1	-582	-15	401
-13	1805	2	-341
-1	343	-14	-843
-3	787	-23	-994
-9	-359	-6	-863
0	-307	17	-445
-3	-165	10	181
-14	-5083	-5	825
-7	-3945	-1	1121
-5	6916	-3	983
-9	-561	9	394
-6	1838	19	-335
1	327	-3	-839
-15	797	-15	-1009
3	-364	5	-871
2	-299	9	-447
1	-158	-5	163
-13	-5079	0	827
-11	-3976	-1	1141
1	6916	-5	997
-1	-579	1	397
-4	1825	3	-341
1	341	-9	-843
-7	789	-3	-1009
6	-357	13	-857
-9	-313	-2	-447
-7	-151	1	165
0	-5009	-7	818
-3	-3851	7	1137
4	6799	9	975
7	-579	-7	399
2	1801	7	-339
-7	341	9	-849
-3	780	1	-997
-7	-351	14	-865
-7	-294	11	-439
-10	-181	-7	159
-13	-5019	-1	805
-5	-3873	-1	1125
-3	6788	1	966
6	-554	15	395
3	1793	5	-328
-5	345	-1	-833
-22	773	-5	-993
-7	-351	9	-861
1	-299	1	-439
7	-150	-21	159
-3	-4965	-3	813
-3	-3815	9	1123
-13	6709	10	967
-3	-557	-13	392
-2	1775	-1	-339
7	320	-9	-838
-10	767	1	-991
7	-351	7	-849
-3	-309	5	-443
-3	-189	-3	170
-13	-4989	-1	794
-9	-3886	7	1113
5	6759	1	952
3	-567	4	385
3	1795	5	-325
-1	307	-1	-829
-9	781	-5	-989
8	-341	5	-847
-15	-314	13	-441
1	-151	-3	171
-6	-4943	-1	809
-1	-3805	-4	1125
-3	6709	-9	965
-1	-569	-7	393
2	1775	3	-337
6	325	4	-821
-3	758	2	-985
-11	-343	1	-849
5	-300	7	-447
1	-171	9	166
6	-5001	-9	793
-3	-3866	3	1101
1	6770	-3	952
-1	-549	6	395
-15	1789	13	-323
-9	336	-9	-819
2	789	-15	-986
-1	-359	6	-849
-3	-297	7	-445
5	-157	3	171
10	-4855	3	811
4	-3781	-1	1125
-7	6611	11	977
1	-545	-7	382
-4	1749	3	-335
-11	336	7	-820
0	755	1	-973
-3	-348	7	-833
1	-307	5	-427
-3	-179	-13	165
1	-4933	-1	777
-7	-3891	-1	1098
-17	6721	-7	937
-8	-561	-4	381
-8	1775	7	-319
-12	305	-5	-801
-14	778	1	-975
6	-341	-7	-837
-5	-312	7	-445
-5	-161	-17	147
-12	-4907	-1	799
13	-3817	-6	1119
9	6677	3	965
7	-567	16	381
-12	1767	7	-339
3	319	-1	-816
-1	762	-1	-969
13	-333	6	-847
-4	-299	21	-424
-7	-166	-15	153
-7	-4925	5	799
-7	-3819	-1	1097
2	6699	11	950
-5	-562	-4	387
-3	1763	10	-322
-5	331	-4	-809
-14	759	-11	-967
-9	-359	-4	-849
-10	-311	1	-443
-7	-161	-13	155
-10	-4935	-15	799
-9	-3866	-19	1107
-13	6710	-11	957
-5	-539	-9	382
-19	1771	1	-329
-16	325	-11	-819
-4	773	-5	-971
-5	-345	5	-851
-16	-297	13	-437
6	-132	5	151
-7	-4927	-2	797
-3	-3867	15	1115
6	6707	13	974
11	-559	-9	391
4	1779	21	-327
9	338	5	-831
-5	759	3	-977
11	-338	22	-841
-5	-312	15	-431
-3	-133	-9	159
-1	-4917	15	792
-1	-3809	1	1107
-4	6663	3	953
-5	-543	-7	375
-1	1739	11	-339
1	325	-3	-819
-11	767	-7	-971
-15	-333	-9	-853
-16	-304	1	-431
-17	-159	-9	160
-12	-4825	-7	785
-12	-3771	-5	1103
-21	6549	-7	954
-9	-546	-1	377
-7	1717	0	-332
-3	348	-5	-817
-9	747	-9	-964
-9	-329	-7	-837
-8	-289	17	-427
1	-139	5	159
-2	-4889	5	781
6	-3823	13	1085
-5	6641	2	923
7	-513	9	394
-1	1753	15	-313
1	336	1	-794
-6	761	-1	-959
7	-321	16	-833
-7	-309	13	-441
4	-150	13	169
-7	-4887	5	792
-3	-3889	9	1105
3	6663	-5	937
-17	-546	-14	385
-2	1741	-1	-343
-14	330	1	-805
-14	748	-19	-977
-3	-349	-4	-849
-11	-316	-8	-453
-7	-145	1	163
-9	-4896	-17	788
-9	-3837	-6	1109
-15	6679	-5	951
-3	-523	-9	393
1	1745	-1	-331
3	325	13	-796
3	755	-5	-981
-9	-318	3	-827
3	-304	21	-454
9	-150	-9	161
-5	-4899	3	787
10	-3857	3	1117
3	6679	-1	948
-9	-534	1	395
-7	1751	13	-329
1	341	3	-803
-1	773	-1	-981
-7	-333	7	-838
-8	-315	5	-449
-3	-167	-11	159
-1	-4907	-5	789
-9	-3871	5	1090
-11	6688	7	945
-15	-526	-1	382
-27	1757	5	-323
-8	319	-13	-809
-13	759	-15	-991
-13	-327	-11	-845
-2	-319	9	-433
6	-159	-11	158
5	-5005	-13	794
-9	-3999	-7	1109
2	6849	-9	950
-5	-537	3	395
-4	1797	9	-323
-7	325	-1	-811
-13	776	3	-987
11	-321	6	-861
-7	-321	8	-445
3	-132	-9	153
-3	-4897	13	813
-5	-3868	12	1145
-2	6703	3	983
-1	-539	7	393
10	1753	9	-343
6	337	-1	-833
-5	761	8	-987
-9	-315	5	-841
0	-300	7	-423
1	-147	-17	160
-8	-4931	-7	795
-12	-3907	5	1105
-3	6756	-9	946
1	-515	-6	389
-7	1771	3	-319
-25	341	-1	-815
-8	765	-13	-968
-5	-343	5	-849
-12	-321	9	-451
-11	-150	-17	159
-17	-4871	-3	805
-3	-3881	-5	1115
-5	6659	3	977
-7	-515	-11	387
-14	1753	13	-335
-1	341	-11	-832
-6	749	-7	-977
7	-333	12	-837
-23	-313	9	-423
1	-137	-13	151
-5	-4873	2	788
-7	-3931	3	1100
-3	6681	13	962
5	-523	-5	389
-8	1735	13	-319
7	336	12	-817
3	760	9	-967
3	-329	6	-851
1	-318	11	-439
1	-127	1	163
-1	-4812	1	804
-10	-3817	15	1099
-4	6563	13	961
-11	-507	-1	389
-7	1715	11	-333
1	341	5	-823
-21	745	-9	-957
-7	-319	-4	-837
-15	-305	3	-432
-9	-153	-19	149
-12	-4847	-11	773
-22	-3881	-7	1081
-23	6602	-11	932
-15	-495	-13	381
-23	1713	-8	-311
-11	333	-12	-801
-11	741	-15	-963
-12	-307	-9	-841
-9	-315	5	-431
1	-138	-17	145
-9	-4819	11	789
10	-3858	-1	1098
-5	6581	5	957
3	-480	-1	388
5	1721	27	-325
9	336	14	-803
12	741	7	-963
13	-305	10	-843
3	-307	23	-433
4	-135	8	157
3	-4752	9	786
11	-3861	6	1092
-9	6512	7	941
-11	-521	-6	379
-9	1693	5	-329
-7	329	-1	-795
-12	723	-9	-969
-5	-327	11	-837
-25	-324	-11	-433
-9	-143	-19	163
-19	-4806	-21	762
-14	-3835	5	1083
-16	6545	-19	923
-19	-491	-17	383
-17	1690	-3	-331
-19	333	-4	-804
-21	725	-16	-949
-3	-295	-9	-821
-14	-323	7	-434
-3	-127	-4	155
2	-4769	3	773
10	-3819	27	1085
-1	6520	11	926
6	-473	25	379
1	1699	32	-332
9	343	6	-791
16	753	9	-956
19	-307	37	-829
-1	-309	19	-429
12	-135	16	151
13	-4809	1	777
4	-3886	19	1090
-13	6575	1	925
-13	-492	-1	371
-14	1709	-1	-319
-17	320	-13	-794
-14	719	-21	-957
-31	-321	10	-833
-21	-326	-13	-433
-5	-135	-15	157
-21	-4717	-8	778
-13	-3827	-13	1099
-20	6441	-17	945
-10	-515	-9	381
-21	1681	-11	-329
-7	333	-7	-791
-9	728	-13	-953
3	-315	-1	-808
7	-311	15	-415
13	-109	9	171
13	-4701	19	773
15	-3759	27	1073
22	6459	15	921
9	-487	16	375
16	1679	21	-321
10	343	33	-776
11	733	15	-937
17	-297	29	-819
6	-313	23	-423
13	-141	9	160
-7	-4759	3	753
-9	-3845	10	1071
-12	6502	7	916
-17	-503	-7	373
-23	1675	-13	-323
-25	329	-21	-785
-18	733	-25	-940
-21	-337	-17	-831
-20	-305	-3	-441
-18	-131	-27	149
-15	-4637	-13	771
-3	-3755	-13	1078
-9	6367	-11	919
-9	-485	-19	378
0	1673	7	-313
-1	325	-6	-790
1	729	-9	-947
15	-295	-9	-803
15	-299	21	-415
23	-117	5	160
1	-4719	2	752
15	-3843	21	1048
22	6501	23	912
19	-503	5	374
5	1687	17	-299
-3	343	5	-775
0	723	3	-929
11	-309	23	-825
5	-314	23	-433
7	-133	-7	143
0	-4758	5	765
-11	-3837	-12	1077
-4	6517	-13	953
-16	-495	-19	361
-17	1688	13	-327
-11	327	-4	-805
-21	719	-25	-945
-3	-305	-14	-823
-8	-306	3	-421
-8	-141	-22	156
-11	-4785	-15	769
-7	-3891	-17	1071
0	6576	-3	928
6	-471	11	377
-5	1717	9	-308
11	351	-7	-799
10	739	1	-950
10	-312	13	-832
3	-295	17	-431
15	-130	7	165
-7	-4769	13	777
13	-3863	6	1104
-7	6565	2	949
-1	-475	11	369
-1	1707	7	-319
-7	341	-1	-802
-12	731	-1	-955
-5	-302	12	-833
-16	-329	9	-429
-9	-131	1	153
-7	-4859	0	779
-3	-3971	-9	1078
-24	6681	-9	941
-21	-498	-7	374
-12	1733	1	-313
-15	333	-17	-805
-12	746	-9	-969
-1	-315	-13	-835
-11	-325	13	-441
-1	-107	-17	157
-2	-4758	-7	796
5	-3837	3	1117
-3	6513	-5	965
1	-477	-5	381
-3	1699	3	-335
13	343	6	-817
1	723	10	-961
-3	-297	17	-829
-7	-306	-1	-412
-5	-135	-1	166
6	-4843	9	775
-3	-3907	-1	1081
-3	6625	-7	924
-9	-479	5	377
1	1703	-3	-316
-11	354	1	-791
-10	743	-21	-967
1	-321	-6	-830
-6	-325	5	-443
5	-123	-21	159
-19	-4849	-15	781
1	-3920	-13	1108
-1	6637	-11	951
-5	-481	5	392
-5	1717	-1	-313
11	333	7	-800
2	731	-19	-961
1	-318	3	-833
-10	-313	9	-437
8	-117	-4	161
-1	-4790	-8	779
-3	-3899	11	1110
-4	6567	-1	946
-7	-509	-3	399
-3	1723	11	-331
1	336	-7	-805
3	732	-13	-963
1	-297	1	-833
-7	-310	11	-441
1	-121	-11	163
-6	-4756	-15	777
-8	-3824	-5	1093
0	6511	-5	935
-12	-505	-21	397
-1	1698	5	-337
1	346	-11	-798
-3	735	0	-943
3	-307	-1	-829
-13	-304	5	-429
1	-117	-19	153
-5	-4695	-7	763
-3	-3770	-9	1079
-5	6435	-1	926
-3	-490	-6	379
11	1673	10	-324
-1	351	6	-781
-11	731	-5	-936
-1	-317	-1	-818
-4	-321	3	-433
-7	-121	5	147
-9	-4659	1	765
-11	-3779	3	1067
-7	6399	-1	913
-3	-473	1	381
4	1665	7	-305
-11	339	5	-794
-17	723	-19	-941
-13	-310	3	-817
-5	-315	-1	-425
6	-114	-15	154
-11	-4608	-3	766
-17	-3771	4	1055
2	6321	9	917
-3	-498	-9	379
2	1661	9	-305
-5	347	-9	-777
-2	713	-5	-931
10	-302	15	-811
-1	-315	3	-423
13	-115	-5	153
-6	-4621	-1	752
1	-3735	9	1048
-3	6359	11	905
-1	-495	-13	363
7	1655	3	-307
-1	333	-1	-772
-5	713	-3	-933
5	-300	1	-811
-16	-319	11	-434
-3	-143	-13	135
-13	-4689	-3	753
-11	-3759	-7	1063
-15	6401	7	916
-17	-483	-9	375
-9	1667	13	-301
-9	331	-7	-783
-4	735	-23	-922
-1	-313	-11	-827
-10	-325	3	-425
-9	-120	-9	143
-5	-4588	5	761
6	-3707	18	1058
-1	6303	1	921
-3	-479	6	378
0	1649	11	-299
-1	348	5	-788
-2	709	7	-919
9	-297	-7	-811
-7	-315	15	-419
4	-99	-11	144
-1	-4555	3	742
1	-3703	-3	1043
2	6245	13	910
-5	-491	1	366
-3	1631	13	-303
-3	330	-3	-769
-16	703	-7	-917
6	-294	-8	-799
3	-323	16	-411
-3	-112	-11	133
-11	-4515	-15	739
-9	-3637	-7	1034
-2	6187	-7	891
-7	-473	-5	367
1	1610	-1	-311
-7	339	3	-766
-3	697	3	-901
3	-305	-19	-805
-10	-303	13	-405
-1	-107	-9	150
-4	-4577	1	737
-5	-3678	-1	1027
9	6249	11	882
11	-461	17	353
1	1626	3	-293
3	351	3	-749
-5	709	-1	-912
-9	-299	13	-808
1	-301	1	-423
1	-103	-9	141
-3	-4467	7	727
4	-3614	11	1045
1	6129	-13	907
-7	-464	-13	374
-2	1601	-1	-311
-8	337	6	-763
-10	691	-15	-911
1	-301	-1	-783
-16	-318	13	-415
-1	-109	-21	141
1	-4504	-11	720
-9	-3655	-6	1010
-8	6157	-5	875
-3	-479	-5	363
6	1605	1	-295
1	331	-7	-747
1	703	-11	-895
6	-292	22	-776
-5	-310	-2	-417
13	-91	9	147
13	-4407	5	730
-1	-3525	5	1034
2	6027	-1	879
-10	-456	5	355
10	1570	9	-303
-1	325	3	-744
-13	677	-8	-889
-3	-295	12	-775
-12	-297	5	-409
-1	-117	-5	154
-13	-4453	-1	705
3	-3585	12	993
-1	6102	-5	852
4	-455	-5	361
-7	1582	-5	-284
1	335	-1	-725
-10	687	-1	-891
-3	-299	15	-784
-12	-291	1	-417
1	-112	-15	137
-3	-4439	-7	721
8	-3581	8	1017
-7	6106	8	873
-7	-455	-4	361
-7	1595	-11	-311
1	325	-6	-729
-7	699	-9	-891
1	-292	7	-767
7	-291	3	-405
13	-101	-15	148
-5	-4359	-1	719
-1	-3539	9	1007
-11	5999	1	868
-5	-475	-6	353
-8	1573	-1	-293
-7	339	-9	-733
-13	675	-15	-887
4	-297	8	-772
-9	-296	11	-405
-9	-107	-17	141
0	-4407	-11	701
-7	-3537	-4	1001
2	6049	-13	861
-1	-483	-5	359
-1	1561	11	-291
-1	317	6	-724
-15	681	-7	-871
1	-297	-9	-769
-6	-280	5	-409
-8	-129	11	140
-3	-4409	-13	711
-7	-3541	7	1001
-9	6042	-5	866
4	-469	11	351
-7	1571	10	-293
3	327	1	-737
-8	682	-9	-880
-7	-302	9	-768
-3	-299	11	-393
-7	-113	-13	127
3	-4409	-5	717
-9	-3575	-1	1001
7	6059	-2	869
-7	-451	-12	357
-6	1577	7	-287
-3	311	4	-741
-2	687	-7	-873
-5	-310	-7	-777
-5	-291	7	-405
11	-103	-5	138
-1	-4395	-5	728
-3	-3583	9	1014
-5	6048	7	876
-7	-475	-15	357
-10	1579	7	-299
-1	318	12	-745
-3	681	-9	-877
4	-300	-11	-770
-1	-297	11	-387
-1	-119	-1	141
6	-4424	-3	714
-9	-3567	-3	992
-11	6087	-1	869
-3	-465	-11	357
-2	1578	7	-285
-1	313	-4	-749
-13	685	-5	-875
-11	-292	11	-779
-11	-289	7	-405
-3	-109	-3	119
-3	-4475	-7	721
-9	-3595	10	1007
-7	6122	5	874
10	-467	-6	345
-1	1583	1	-294
-9	333	9	-749
-8	692	-9	-874
5	-299	13	-787
-5	-293	9	-419
7	-109	10	129
2	-4455	7	717
10	-3588	-3	1015
-7	6109	-3	873
-5	-461	-12	359
5	1587	7	-303
-3	315	-1	-747
6	695	1	-879
1	-310	5	-767
3	-297	9	-403
10	-111	-15	135
-9	-4471	7	721
-5	-3629	-7	1012
4	6137	-1	881
-3	-472	4	358
2	1595	5	-293
-10	309	-13	-747
-9	689	-15	-893
-3	-294	5	-785
-11	-307	15	-413
-5	-103	1	139
-5	-4416	5	729
-3	-3551	4	1016
-4	6075	13	881
5	-467	7	367
-9	1581	13	-307
4	327	1	-749
-1	683	-11	-899
3	-287	7	-767
-1	-299	5	-403
-5	-121	-15	146
-1	-4437	5	711
-3	-3573	-1	1007
-9	6069	-3	860
13	-456	-3	355
-5	1574	-3	-289
-5	341	6	-731
-6	685	-1	-889
-5	-303	6	-764
-5	-305	9	-417
1	-111	3	147
-11	-4367	-9	721
-1	-3515	1	1005
-1	5985	3	869
-1	-463	-1	361
-1	1565	9	-299
-1	325	-5	-739
-12	689	-7	-881
1	-283	7	-765
-7	-309	11	-399
-1	-99	-5	131
-1	-4397	8	702
1	-3572	1	991
-11	6038	-1	856
-5	-472	-1	356
-1	1587	9	-295
-1	327	5	-725
-17	679	-3	-885
4	-283	13	-763
-13	-298	1	-411
-13	-109	-17	125
0	-4369	-7	713
-3	-3503	9	1002
-12	5997	7	849
-7	-464	-9	357
-5	1560	17	-297
-3	331	6	-734
-9	679	-13	-889
-1	-297	4	-763
-11	-278	3	-412
1	-117	1	132
-4	-4385	1	701
-5	-3557	1	985
-7	6038	1	854
10	-469	4	351
-11	1565	2	-295
-13	329	6	-727
-8	690	-9	-884
-5	-309	1	-765
-5	-313	9	-409
5	-107	-9	137
-10	-4335	-9	715
10	-3501	4	1005
-5	5967	-5	857
5	-441	-7	359
-10	1577	9	-287
-9	333	17	-741
-14	687	-1	-871
3	-302	3	-755
-2	-315	5	-399
4	-123	-19	131
-7	-4383	0	703
-3	-3598	9	981
-8	6033	-7	848
-11	-477	-9	356
-10	1579	5	-277
1	335	-5	-725
-1	679	1	-869
-7	-294	-1	-764
-7	-299	15	-409
5	-120	-17	141
-1	-4457	-11	713
-3	-3589	1	1008
-2	6111	3	861
-5	-482	-11	355
-7	1592	9	-285
-7	333	-6	-741
-7	685	-15	-885
-7	-301	-4	-777
-6	-293	3	-409
-3	-117	-1	138
-5	-4481	1	715
-1	-3639	7	1001
-3	6173	-3	882
11	-475	6	359
-15	1606	8	-294
-1	345	-11	-755
-4	692	-9	-893
3	-310	-1	-786
-12	-297	17	-409
-3	-122	3	143
-16	-4567	-3	725
4	-3713	7	1019
-11	6279	2	891
3	-467	-5	363
-7	1631	7	-301
-18	315	-7	-751
-2	703	-15	-897
-14	-303	-5	-793
-13	-293	19	-421
-9	-117	-15	131
-5	-4616	-7	744
-1	-3791	-5	1045
1	6351	-1	902
-1	-469	-7	365
-2	1647	5	-307
5	323	-5	-775
-13	693	-3	-917
4	-312	-9	-817
-15	-314	18	-427
-1	-115	-11	133
2	-4709	7	751
-5	-3793	11	1056
6	6463	7	915
-3	-495	-3	369
-9	1657	9	-309
1	329	4	-775
-5	715	-15	-917
-9	-307	5	-811
-2	-315	15	-415
-5	-129	4	152
-4	-4787	1	767
-3	-3869	-9	1059
-10	6569	-3	924
-5	-475	-9	371
-7	1691	2	-310
-9	343	9	-795
-3	719	-5	-951
-9	-321	-3	-818
-11	-301	9	-435
-1	-120	-9	161
-2	-4885	-7	775
-9	-3977	3	1090
1	6708	-9	931
-5	-501	-9	386
-5	1743	1	-339
8	341	-3	-805
-17	733	-3	-971
1	-323	-1	-849
-1	-313	13	-441
-1	-117	7	150
-9	-4885	0	795
-3	-4015	17	1117
7	6725	7	969
-3	-508	-1	391
0	1747	3	-335
-5	356	16	-819
-10	735	-3	-975
8	-315	3	-839
-1	-315	24	-439
-3	-111	-1	167
5	-4863	-11	791
-5	-3927	1	1115
0	6689	1	949
-1	-503	-1	403
-3	1732	1	-337
-9	369	6	-808
-25	748	-3	-975
-13	-311	17	-843
0	-319	-5	-432
-11	-135	-15	169
-5	-4907	-7	787
-13	-3979	3	1109
0	6725	-15	948
-17	-501	13	385
-9	1735	9	-331
-1	363	-9	-813
-5	745	-9	-984
-5	-321	9	-845
2	-317	1	-441
1	-125	1	161
-7	-4847	-3	791
4	-3939	-5	1115
-7	6666	-13	971
-9	-495	6	394
-4	1727	7	-343
3	353	-1	-817
2	753	-11	-977
-12	-312	3	-847
2	-315	13	-445
-1	-131	-4	161
-7	-4866	-11	779
-7	-3971	-3	1108
-17	6685	-1	957
1	-511	-5	395
-17	1733	11	-333
-11	357	-9	-809
-17	745	-15	-973
-9	-305	13	-839
-19	-331	11	-439
-1	-117	-7	159
-12	-4904	-7	792
-17	-3979	-4	1109
-11	6717	-9	959
-19	-517	1	389
-10	1739	-3	-337
3	354	15	-810
-11	740	-13	-971
-5	-315	-1	-849
-6	-321	13	-440
-5	-117	-11	160
-3	-4955	-11	783
3	-4059	-5	1109
-3	6821	-5	956
3	-501	1	393
-1	1761	23	-334
-3	363	1	-821
-7	757	5	-990
-7	-328	4	-861
-5	-315	9	-457
9	-117	-9	149
-1	-4877	15	807
-3	-3963	-1	1132
1	6685	13	981
-9	-495	-15	398
-8	1761	-7	-331
-1	343	-1	-836
-7	743	-1	-989
-7	-323	-5	-847
-9	-320	1	-435
-3	-129	-15	155
-5	-4907	-8	791
-5	-4039	7	1106
-7	6719	11	958
1	-505	-15	386
-8	1739	1	-321
-7	347	-3	-823
-9	744	-9	-975
4	-303	-1	-855
-1	-326	13	-443
1	-125	-19	159
-15	-4993	-1	806
-8	-4075	-1	1115
-7	6863	11	963
1	-500	-3	385
7	1763	17	-329
3	369	8	-829
-5	749	0	-985
-9	-313	19	-880
-1	-325	17	-452
-3	-113	-13	145
4	-4999	1	813
3	-4077	-5	1137
-9	6841	3	979
15	-510	-3	387
-3	1757	15	-329
-1	379	1	-847
-15	751	-1	-991
-3	-313	6	-871
-8	-341	1	-455
-11	-121	-9	149
0	-5029	-7	799
-5	-4105	-7	1134
-1	6918	-8	983
-5	-503	-17	401
-10	1781	-3	-343
-5	372	-11	-833
-15	759	-11	-1001
-1	-318	5	-881
-12	-339	13	-461
-1	-135	-17	161
1	-5052	-3	816
3	-4148	3	1149
-12	6940	-1	991
-13	-526	-13	405
-5	1799	19	-349
-3	363	3	-849
-9	754	-7	-1013
4	-320	15	-883
-7	-343	1	-461
-3	-115	-1	169
4	-5039	-1	805
-7	-4102	9	1149
-10	6927	-5	999
-7	-523	3	407
-16	1783	3	-337
8	369	4	-845
-5	758	0	-1015
-3	-323	6	-867
-5	-327	5	-457
-1	-99	6	161
10	-4879	3	811
-5	-3965	-7	1143
5	6669	-3	977
-3	-505	-15	407
1	1715	3	-340
11	387	6	-837
-4	737	-5	-996
-5	-319	5	-849
-10	-321	13	-447
-1	-127	14	171
-7	-4857	-5	791
-3	-3969	11	1091
1	6686	-1	951
-3	-493	-11	404
-7	1731	-3	-313
-8	372	-6	-806
-17	739	-9	-977
-3	-309	-5	-849
-9	-337	3	-449
-9	-99	-11	163
-13	-4799	-3	786
-5	-3961	13	1119
0	6598	-9	955
-1	-499	-7	397
-7	1725	3	-325
-11	371	1	-817
-15	734	-11	-979
13	-299	-6	-845
-7	-328	21	-433
-9	-119	4	157
-3	-4797	3	776
-3	-3907	9	1091
4	6605	-3	939
-1	-489	1	397
-5	1714	1	-311
8	354	6	-795
-5	719	3	-971
-3	-305	7	-841
-17	-327	7	-447
-9	-132	4	156
-1	-4863	-13	781
-3	-3955	-1	1083
0	6671	-1	942
4	-487	-11	381
-19	1711	-3	-327
-5	363	-1	-803
-10	735	-15	-969
-3	-317	-19	-847
-12	-333	-9	-449
-1	-135	-5	143
-5	-4825	1	789
1	-3957	3	1103
-15	6641	-1	951
-1	-481	1	386
1	1727	-1	-335
-3	359	-5	-813
-12	743	-5	-969
5	-305	-5	-841
-10	-326	13	-443
10	-109	-15	151
-1	-4909	-3	779
9	-4057	9	1098
12	6769	9	951
-5	-510	1	388
-7	1739	13	-321
12	356	-3	-821
-12	752	-3	-977
10	-312	5	-857
-11	-313	10	-445
-7	-114	-1	149
-6	-4895	-7	806
-5	-4015	-1	1125
-21	6761	-3	977
-3	-505	-1	391
-2	1737	-3	-335
-11	375	-3	-839
-11	747	-11	-979
-7	-319	1	-859
-6	-307	-3	-445
-10	-143	-17	160
-11	-4993	1	803
-14	-4091	-3	1109
-9	6851	-7	981
8	-503	-1	397
-9	1771	1	-324
15	377	-1	-813
5	761	3	-983
5	-321	7	-867
-1	-321	19	-453
9	-125	-15	167
12	-4934	9	825
-3	-4041	5	1139
1	6815	21	991
7	-487	1	390
-4	1769	11	-335
5	364	-6	-839
-4	759	-7	-1001
-5	-312	1	-853
-7	-325	13	-443
6	-117	-13	158
-11	-4991	-3	809
-5	-4125	-15	1119
-19	6884	-9	978
-9	-525	-7	395
-17	1771	11	-331
-11	369	-3	-833
-3	763	-11	-993
-3	-325	-15	-867
3	-327	13	-453
-3	-111	-17	165
-7	-4975	-3	813
8	-4048	4	1145
1	6845	5	997
12	-493	-3	407
10	1767	7	-343
10	382	-3	-849
-11	764	-1	-997
7	-307	9	-857
-7	-325	9	-445
5	-114	5	165
-9	-4867	-3	807
-11	-3941	10	1135
2	6701	3	971
4	-498	-4	401
-3	1721	13	-336
1	395	-21	-831
-10	743	-17	-989
-15	-309	-11	-847
-7	-325	3	-437
-7	-135	-7	177
-16	-4905	-13	799
-7	-4001	5	1108
-19	6748	-5	955
-5	-483	-22	401
-14	1751	5	-323
-7	369	-4	-808
-11	767	-1	-977
5	-315	-5	-849
5	-330	-1	-447
6	-109	-13	171
-13	-4859	-3	799
3	-3991	9	1113
7	6687	-9	970
-3	-509	-4	397
2	1731	11	-329
5	371	7	-825
-7	749	-13	-989
11	-307	11	-849
1	-332	11	-447
-1	-123	-1	145
-7	-4878	1	796
-11	-3948	17	1103
-4	6689	-15	955
-7	-495	7	399
-7	1735	7	-325
-1	369	-3	-800
5	746	-23	-977
-5	-317	-9	-851
-7	-317	-1	-439
-5	-122	-11	158
-3	-4821	-13	787
-3	-3920	-7	1113
3	6606	-7	948
3	-501	-1	391
-3	1715	-1	-328
-1	367	-1	-819
-7	745	-1	-965
-5	-310	-1	-837
-2	-321	3	-437
-3	-135	5	159
-13	-4855	-5	775
-5	-3968	-7	1095
-3	6688	-5	945
-7	-479	-12	400
-6	1747	11	-311
-12	356	4	-804
2	753	-5	-967
-5	-312	1	-845
-2	-327	7	-447
-1	-117	-7	163
-15	-4893	3	791
-11	-4007	-1	1113
9	6727	-5	958
-9	-513	1	399
-17	1735	3	-325
-3	343	1	-819
-12	750	-15	-979
-5	-313	11	-849
-11	-318	2	-437
-5	-131	-3	165
-8	-4909	-5	793
-10	-3993	5	1109
2	6751	3	963
3	-508	-15	401
-7	1755	13	-327
-3	369	-9	-825
-11	755	-13	-973
-5	-310	1	-849
0	-325	3	-451
-5	-132	-15	148
-15	-4905	9	797
-5	-3984	1	1107
-12	6758	3	964
-1	-508	-21	405
-11	1749	15	-334
-5	373	-17	-837
-15	757	-17	-977
-5	-321	-15	-861
-4	-303	-7	-449
-1	-130	-19	155
-1	-4940	-5	807
-5	-4028	-8	1102
-9	6805	10	967
3	-479	-19	398
-8	1763	-1	-315
-1	364	3	-831
-10	759	-15	-993
9	-312	-11	-855
-16	-331	11	-445
4	-150	-9	152
-7	-5003	7	805
-9	-4107	-15	1125
4	6891	7	985
-1	-513	-7	390
-13	1771	5	-329
3	369	-9	-829
-15	761	-11	-991
4	-312	-4	-881
3	-331	9	-439
-5	-119	-25	167
-12	-4963	5	818
-5	-4023	-1	1137
5	6835	1	993
-1	-503	1	403
7	1771	17	-339
6	364	6	-843
-17	757	-18	-1001
-3	-302	-13	-861
-8	-325	9	-447
-1	-141	-17	159
-5	-4973	5	813
-7	-4013	-1	1121
-7	6813	-3	971
6	-493	-5	403
-7	1763	11	-342
7	375	9	-841
-7	769	-13	-988
-9	-307	9	-861
-10	-339	3	-451
1	-120	-5	167
-5	-4921	3	805
-1	-3983	-9	1126
-5	6729	9	971
-9	-497	-12	407
-14	1747	7	-335
-14	359	-9	-832
4	749	-11	-985
-1	-303	5	-857
-9	-336	13	-437
10	-107	-13	158
1	-4860	3	794
1	-3979	-4	1114
-11	6687	7	959
-1	-509	-17	395
-11	1733	1	-331
1	374	-1	-823
-13	739	-7	-979
8	-302	9	-853
-11	-327	21	-447
-7	-107	7	161
-13	-4868	1	791
1	-3925	11	1107
-9	6675	-7	957
-1	-503	7	393
-7	1724	5	-337
-1	367	-3	-819
-11	737	-13	-981
-15	-300	6	-851
-8	-331	21	-455
3	-135	-6	157
-4	-4901	11	785
1	-3948	-5	1113
-11	6700	-3	946
4	-501	-3	385
-9	1729	0	-335
-1	359	15	-799
-9	755	-23	-976
-3	-318	6	-845
-4	-317	9	-447
5	-138	-13	161
-14	-4968	-15	789
1	-4043	1	1130
-5	6835	-2	955
-9	-487	-3	387
0	1769	19	-329
-8	357	-1	-821
-2	771	-23	-993
-12	-323	3	-851
-2	-335	5	-459
-1	-138	11	157
-9	-4917	1	805
-11	-4031	-11	1133
1	6773	-1	986
1	-517	6	403
5	1773	5	-345
3	359	10	-835
-12	746	-7	-999
6	-303	9	-861
-15	-323	-2	-447
-5	-125	-3	169
4	-5013	-9	802
-15	-4066	13	1123
5	6889	1	965
3	-519	-5	409
-2	1781	15	-321
4	361	-9	-821
-5	766	-15	-987
1	-317	-1	-868
-15	-312	11	-453
-1	-135	-11	169
6	-5011	-11	815
-5	-4015	7	1151
-2	6859	-5	979
-7	-498	-15	397
-1	1779	7	-342
-9	349	1	-849
-11	759	-9	-999
-13	-327	3	-861
-11	-325	13	-455
-1	-145	1	153
-9	-5024	-9	819
-3	-4087	3	1122
-3	6913	-5	991
-11	-501	-9	417
4	1805	17	-331
-1	343	-6	-849
-15	767	-7	-997
-7	-325	-1	-867
2	-315	13	-461
1	-135	-1	161
-5	-4957	2	831
-3	-4039	6	1143
-11	6809	17	991
5	-523	-15	389
-11	1783	5	-337
3	347	7	-845
-3	767	7	-1001
1	-307	5	-865
-11	-339	13	-439
-3	-143	-13	161
-6	-5009	-5	824
-1	-4043	-11	1127
4	6871	-3	989
-10	-513	-1	397
-25	1773	13	-333
-5	343	5	-829
-7	774	-13	-1003
-9	-313	6	-880
-8	-333	11	-452
-7	-150	-7	149
-4	-4995	9	825
3	-4043	14	1127
-14	6847	-7	985
8	-492	-13	395
-11	1771	7	-342
-1	364	1	-837
-3	755	-11	-993
13	-327	11	-861
-6	-321	21	-439
-10	-145	3	161
0	-4943	-3	817
-1	-4007	-4	1124
-9	6773	5	975
-11	-497	-21	398
-17	1761	15	-321
-5	341	-6	-832
-10	747	-5	-991
7	-310	18	-855
-17	-334	5	-449
4	-143	1	161
5	-5003	11	823
-9	-4089	-12	1129
-10	6860	7	968
-5	-523	-14	397
-9	1775	3	-333
-3	351	-1	-831
-3	760	-9	-993
-5	-325	8	-861
-3	-327	13	-441
-1	-125	4	163
-5	-5003	-1	819
-3	-4043	-6	1143
2	6855	1	985
-1	-503	10	397
2	1771	7	-341
8	341	-8	-843
-7	760	-1	-989
3	-310	-1	-859
-5	-321	5	-455
-3	-150	1	167
-12	-4987	-5	809
-15	-4025	-21	1145
-10	6825	-1	979
-5	-493	-5	405
1	1753	0	-339
5	361	-4	-839
-9	767	-5	-1005
-1	-313	1	-851
-8	-323	9	-457
-1	-143	-5	167
-2	-5008	7	803
-3	-4043	-3	1138
-1	6831	13	969
-3	-495	17	388
-6	1771	11	-353
8	346	5	-841
-4	749	-7	-999
-5	-319	7	-851
3	-326	17	-455
8	-150	1	178
5	-5055	-5	816
-11	-4129	-1	1143
-8	6928	1	992
-10	-507	-4	405
-4	1787	1	-339
3	353	3	-833
-3	782	-5	-1009
10	-335	-5	-877
1	-337	-5	-451
-1	-129	1	167
-5	-5005	1	817
-5	-4045	7	1157
2	6855	9	997
-3	-508	-5	405
2	1787	9	-337
-7	359	-11	-835
-3	756	-11	-1005
-3	-309	3	-871
-3	-323	11	-443
-8	-131	-4	169
-7	-5075	-7	801
-7	-4115	3	1143
-7	6965	-3	971
-1	-510	11	405
-5	1789	7	-335
-1	365	9	-829
-5	785	-7	-1008
-9	-341	14	-871
-4	-345	9	-465
-3	-153	7	169
3	-5135	-9	827
-15	-4199	13	1156
-1	7051	-8	1015
-1	-503	1	394
-9	1825	3	-359
-7	341	-5	-859
0	779	-17	-1029
5	-346	7	-881
-1	-333	9	-463
11	-129	-1	172
-7	-5076	-3	847
1	-4155	7	1163
-11	6960	3	1006
-14	-531	-9	413
-2	1819	9	-351
-1	359	5	-865
2	765	-3	-1031
-5	-317	9	-887
-7	-331	19	-457
-3	-141	-9	163
-6	-5063	5	828
-7	-4111	1	1157
-10	6945	5	995
-7	-517	-5	411
-9	1797	19	-339
3	354	3	-849
-13	768	-8	-1013
-9	-315	-7	-875
-8	-337	15	-440
-8	-153	-13	162
-5	-4997	3	825
-5	-4055	-5	1157
-5	6837	-9	1001
3	-515	1	405
1	1771	15	-335
9	363	5	-849
-7	769	-5	-999
-11	-325	-1	-869
-3	-331	19	-447
-1	-130	-11	159
-11	-4911	3	813
6	-4015	1	1118
-1	6752	5	983
1	-489	-17	390
-13	1749	17	-333
-3	345	1	-839
-2	745	-7	-983
-1	-325	-13	-859
-3	-329	9	-435
-3	-117	-1	172
-5	-4711	0	805
-13	-3869	-6	1119
1	6459	7	963
-7	-507	-1	395
-5	1685	15	-323
3	338	-13	-833
-13	725	-5	-973
-1	-315	9	-823
-1	-339	26	-415
1	-117	-3	163
6	-4776	11	766
-21	-3897	-6	1067
10	6561	9	917
-9	-495	1	379
-13	1685	15	-311
1	354	15	-789
-5	731	-9	-953
1	-291	7	-843
-13	-331	13	-434
-5	-129	-9	148
-3	-4859	3	777
-5	-3987	12	1103
-10	6662	-9	938
-3	-464	-1	387
-5	1707	-2	-329
1	349	-5	-795
0	743	-25	-962
-1	-310	7	-841
4	-327	17	-441
-3	-114	-9	157
1	-4635	-11	781
4	-3794	5	1110
-5	6388	2	957
5	-464	5	392
-18	1659	15	-325
5	354	-1	-808
-14	715	-5	-965
7	-291	3	-819
-2	-336	19	-425
6	-35	-8	160
-9	-3717	1	747
-13	-2995	12	1056
-2	5067	-9	909
1	-433	-4	382
-7	1351	1	-297
1	347	-7	-741
-7	593	-7	-865
-5	-233	3	-687
-9	-326	-1	-314
-3	73	-4	155
-6	-1924	-3	599
-15	-1303	6	810
-5	2495	-11	707
-3	-329	-11	315
-2	755	9	-194
-1	327	-9	-529
-9	373	5	-601
-5	-131	-11	-453
-6	-281	1	-165
-1	114	1	119
-9	-497	-5	297
-3	-22	-5	371
-1	460	-5	315
6	-207	1	192
-15	239	1	-3
9	277	5	-195
-7	215	-3	-289
-5	-68	15	-217
-5	-247	9	-77
-16	59	10	45
-9	-59	-5	73
3	220	-6	69
-3	-75	-15	59
-13	-129	1	97
-12	71	-3	91
-3	179	7	27
10	127	1	-73
-11	-24	-9	-121
-9	-199	1	-94
-1	49	3	-35
3	7	-3	-19
-1	125	1	-6
5	-55	3	29
-3	-91	-1	65
1	39	1	95
-5	132	5	69
-2	92	1	-15
-1	1	6	-81
-9	-159	7	-103
1	32	-4	-68
5	33	-3	-33
5	43	4	21
4	-29	-5	47
-5	-89	-5	69
1	42	3	85
6	121	-1	51
5	60	-5	11
-5	-19	6	-42
-9	-144	-1	-93
1	15	-13	-89
-9	43	-13	-45
1	24	-15	15
-9	-11	5	65
1	-93	-11	71
1	55	-1	73
5	125	-11	48
-2	81	-1	19
-11	-48	6	-37
1	-131	3	-67
-1	7	-5	-87
-3	50	3	-63
-9	17	-6	-13
-7	9	10	55
-9	-109	-7	74
-2	71	-9	71
-1	121	15	23
-9	71	5	7
-16	-75	-3	-27
0	-119	5	-45
-5	6	-1	-75
-5	49	3	-45
-15	17	-5	-4
-8	15	-5	55
-1	-135	-3	75
-10	51	1	87
1	115	1	41
7	84	3	-1
-7	-93	-1	-47
-7	-111	3	-55
-13	-11	-1	-67
-4	47	5	-39
-8	24	-14	-21
-2	17	-3	29
-11	-125	10	63
5	43	3	87
6	117	6	43
-3	75	-3	-7
-3	-79	-3	-48
-1	-99	1	-43
-7	6	-1	-59
1	51	-1	-41
1	24	-3	-11
-2	5	-3	25
-3	-135	-11	63
-7	56	8	83
1	119	-9	53
-7	63	7	-3
-9	-93	1	-41
-6	-93	5	-61
1	-9	1	-63
-5	53	-5	-35
-1	12	-1	-11
-7	7	-3	21
-5	-121	3	49
-8	49	-1	67
-5	122	1	43
-4	71	-1	-1
-11	-85	7	-43
2	-105	11	-63
-9	-7	13	-63
-5	48	-5	-33
1	19	6	7
-3	-7	-3	49
-5	-120	-5	60
-7	59	3	67
-5	129	-9	37
-10	59	1	5
4	-85	6	-37
-3	-109	-5	-59
-11	6	-3	-66
-2	47	5	-45
-7	40	6	-5
6	-5	3	39
1	-123	5	71
-25	49	3	67
6	120	1	45
-7	71	-11	-3
-3	-97	-1	-16
0	-109	5	-61
-11	22	-13	-67
-9	43	9	-33
1	31	-5	5
3	-6	-5	37
6	-119	-5	71
1	57	9	71
-1	119	-9	44
-5	59	15	-7
5	-78	1	-23
-3	-97	5	-59
-3	23	10	-55
-1	55	3	-45
8	39	11	-7
-5	-6	-7	41
-9	-121	1	65
2	63	-5	71
-7	114	-1	37
-11	75	-1	-11
-3	-81	1	-37
-1	-98	5	-51
-13	9	-5	-59
-9	48	-3	-37
-9	19	-4	1
-14	-17	3	29
-7	-115	-1	61
-3	59	-1	71
-16	125	1	29
-7	63	-9	-11
-3	-95	-11	-43
-1	-129	5	-53
-13	19	-3	-44
-6	41	-7	-45
1	24	-1	-15
-6	-17	-7	27
5	-107	7	55
-5	69	-7	67
-1	123	4	45
1	62	2	-1
-11	-87	-3	-44
-9	-110	7	-55
-7	35	-12	-53
-3	55	5	-43
7	33	-3	-7
-2	-5	13	37
4	-119	15	59
-7	73	3	73
7	135	13	36
5	57	3	3
5	-94	-9	-29
-3	-117	1	-59
-17	23	12	-59
3	44	7	-51
-3	27	-6	-7
-11	-5	-7	41
-17	-117	9	60
-19	73	-3	67
-14	125	-13	35
-18	41	-11	-7
-20	-104	-9	-33
-21	-105	-11	-57
-13	19	-21	-73
-27	37	-1	-37
-17	17	-1	-3
-8	-1	7	39
-8	-121	1	70
-8	63	-11	83
-5	145	1	49
-17	54	5	-1
15	-71	8	-31
-3	-117	-1	-53
5	35	24	-83
2	47	11	-37
5	23	7	-11
13	3	7	43
7	-111	5	73
1	76	13	73
8	148	-4	55
9	57	21	-11
-3	-91	7	-37
-11	-110	9	-69
-5	37	7	-83
-5	41	1	-49
-13	23	-7	-15
-5	-2	-3	43
-13	-117	-4	73
-25	62	-3	75
-13	133	-19	40
-16	49	-5	-7
-16	-91	-7	-35
-12	-129	-9	-67
-20	24	-13	-65
-3	46	-11	-45
-15	12	6	-1
-5	-4	-7	49
-1	-109	-7	71
-9	65	3	87
-1	132	12	47
3	57	1	-3
5	-89	14	-31
1	-117	5	-65
21	55	5	-71
19	52	-1	-39
17	30	5	-17
8	-1	15	55
-1	-105	9	77
6	63	3	93
5	138	-3	45
-13	45	5	-11
-15	-71	1	-41
-5	-135	-11	-57
-15	37	-1	-61
-5	25	-5	-31
-11	25	-12	-11
-10	-7	-7	27
-15	-112	-21	61
-17	45	-7	79
-5	139	-11	45
-21	44	-1	3
1	-84	-1	-40
-18	-122	-7	-61
-8	60	9	-56
-3	37	7	-47
-3	43	3	1
7	6	3	37
10	-99	19	65
-1	53	8	83
3	155	9	46
2	45	15	-1
-3	-71	11	-41
4	-117	11	-63
3	59	20	-61
-5	26	9	-47
6	45	21	-17
1	2	10	33
-3	-112	12	82
-4	75	7	89
-5	145	-1	25
-15	39	9	-9
-12	-97	-11	-37
-19	-127	1	-63
-5	37	-5	-67
-11	30	-5	-39
-5	37	-11	-7
-21	1	-1	41
-9	-132	-21	78
-12	79	-11	81
-3	150	-7	31
-17	55	-5	-1
-3	-83	-1	-47
-9	-103	-5	-53
3	45	-4	-63
-2	27	-1	-31
1	43	5	-7
3	9	-5	39
15	-120	16	69
1	80	11	91
1	129	-3	45
3	54	16	-5
3	-83	11	-43
16	-111	3	-65
-7	66	1	-63
-7	27	1	-45
-3	37	12	-5
-11	-8	7	37
3	-125	-8	65
-9	83	8	85
-15	127	-7	36
-6	37	-11	-9
-14	-101	-6	-31
-8	-111	-9	-63
-11	53	-15	-63
-15	23	3	-43
10	30	4	-3
1	-2	-11	43
-15	-143	-1	79
-14	81	1	71
-8	138	1	43
-5	39	-3	5
-11	-97	3	-41
-3	-117	7	-59
3	40	1	-59
-1	26	-3	-37
11	47	15	-17
14	9	7	39
5	-117	1	79
0	83	7	73
-3	138	3	49
-1	40	1	7
-11	-89	6	-51
-7	-127	1	-65
1	41	6	-72
1	21	11	-37
-7	50	-4	-3
-3	-5	-3	31
-5	-135	-11	77
-3	71	-9	75
1	148	11	43
-15	37	2	-1
-7	-86	-12	-46
-12	-117	-3	-65
-7	48	1	-74
1	13	-5	-41
-12	59	-9	-17
3	9	-1	45
3	-129	-1	77
-3	71	-5	85
-11	145	9	38
4	39	5	-7
-5	-96	6	-33
2	-111	9	-59
7	50	3	-69
-5	17	-3	-45
-7	55	5	-7
-3	11	-10	49
-15	-135	9	71
-10	81	-1	75
-3	145	3	53
-4	29	-7	-1
-15	-99	16	-33
-5	-98	-5	-72
1	55	-4	-61
-17	5	-9	-33
-3	53	-5	0
-8	11	-9	35
-12	-157	-9	73
-7	71	-3	81
-1	147	-7	45
-14	31	-3	3
-1	-96	-4	-39
-3	-113	7	-55
5	53	4	-64
1	19	-1	-45
-11	50	-5	-1
12	13	5	43
-7	-147	14	69
5	83	-9	71
-3	151	5	51
-17	23	-5	1
-3	-104	5	-50
-14	-111	-3	-69
-9	37	-5	-56
-2	13	-15	-53
-1	45	-5	-9
-2	15	-9	33
-1	-150	-1	77
-13	81	5	67
-11	161	12	39
-3	43	-9	-5
-5	-107	-7	-37
10	-107	1	-61
-3	57	3	-61
3	9	-1	-47
3	63	11	-11
-9	27	-7	39
-3	-157	1	76
-6	87	-5	71
-14	149	-1	37
-6	47	5	-11
-3	-107	7	-45
-1	-99	1	-72
-3	53	13	-59
-3	4	3	-33
-11	48	-5	-4
-6	15	7	49
-12	-157	1	74
-8	87	-1	71
-3	165	-7	51
-12	25	-9	-1
1	-117	5	-45
-17	-105	-3	-59
-3	61	-6	-79
-11	13	-5	-41
-3	47	6	-23
-4	29	-3	39
-12	-158	-11	77
-5	82	1	65
-1	163	-7	39
-15	38	-1	-7
-3	-115	-9	-59
1	-91	-9	-65
7	57	1	-61
-9	15	-7	-49
-5	55	-7	-11
-1	30	11	35
4	-176	13	61
7	77	15	75
-3	171	-1	34
-15	23	3	-5
-5	-117	-9	-55
-6	-111	5	-57
1	42	-11	-65
1	-1	-1	-45
8	35	-7	-25
-11	30	7	41
-15	-181	-9	67
-17	81	-1	81
-5	174	-3	35
-13	19	-1	-9
-5	-103	-1	-47
-21	-113	-3	-61
-3	49	-1	-85
-7	12	-3	-35
-11	55	-1	-21
-13	25	5	47
-8	-157	-6	68
-2	89	-1	79
7	167	-9	31
-24	35	-7	-1
8	-101	4	-53
-15	-119	-1	-61
9	42	1	-65
0	5	17	-49
5	53	1	-17
4	11	5	49
-5	-168	5	77
-9	90	11	83
3	171	5	39
-11	25	-7	-5
-11	-119	-6	-55
-12	-104	3	-61
3	42	1	-68
-13	-3	-5	-49
3	50	3	-23
2	10	3	43
-13	-155	-17	69
-7	89	-3	73
-7	176	-14	45
-10	29	1	-11
-8	-89	-14	-45
-3	-123	1	-59
-7	45	16	-77
2	-7	-1	-39
1	49	13	-23
-9	29	-5	39
1	-163	-7	62
-4	93	3	73
-9	177	6	39
2	25	7	-7
12	-91	-7	-41
5	-109	-11	-70
4	32	9	-71
-5	-3	-1	-35
-3	53	11	-21
5	15	1	51
-7	-167	-13	73
-11	85	3	79
3	165	16	33
-9	21	-3	-13
-1	-87	-6	-33
-13	-107	-1	-73
-9	48	1	-54
-10	7	5	-29
-7	50	-4	-7
2	27	-7	27
3	-150	3	69
5	88	5	73
6	163	18	47
-5	20	-3	-15
-7	-99	-1	-41
5	-101	1	-71
3	42	1	-72
-1	11	-11	-43
5	51	-5	-5
-14	11	-1	45
-7	-159	-7	73
1	89	-3	73
-11	171	14	44
4	25	3	-9
-8	-94	7	-47
4	-85	1	-71
-1	43	-3	-63
-9	11	-5	-45
-7	48	6	-5
-1	28	-10	37
3	-179	21	86
-16	105	1	87
-11	161	-1	39
-2	7	-7	-3
-5	-99	-9	-35
-7	-107	-5	-70
4	39	1	-61
-5	4	-11	-43
-5	53	-4	-7
-2	15	7	37
1	-176	1	71
1	95	3	75
-3	171	7	49
3	21	-15	-11
-3	-99	8	-39
-9	-99	5	-83
-3	35	1	-75
-6	7	-7	-47
-1	53	1	-11
-12	11	-3	29
-3	-174	-3	69
0	107	3	71
-5	166	-9	43
-17	17	-5	-5
-3	-107	-1	-32
-6	-89	-7	-73
-5	27	1	-70
-6	21	1	-41
1	41	1	1
3	13	-1	41
-5	-187	-1	65
-1	91	11	69
1	179	-6	33
5	21	13	-9
1	-104	-6	-43
-15	-97	9	-61
-7	45	7	-63
-7	-1	11	-49
1	59	-9	-23
-5	22	3	47
3	-191	-9	74
-4	93	-3	77
-1	179	-7	43
-13	21	-9	-3
-7	-96	1	-43
-10	-117	1	-61
-1	31	-15	-69
-13	-1	-2	-37
-19	60	-9	-17
-8	31	-7	39
-9	-191	-9	74
-5	93	-1	79
-1	181	5	49
-19	7	3	7
1	-93	-7	-43
-7	-89	-1	-61
1	27	-3	-63
-17	-79	-1	-39
-8	-25	-1	-11
-7	127	-1	43
3	-175	5	73
-3	123	-1	79
-1	174	1	43
-11	23	0	-5
7	-85	-5	-42
-8	-108	23	-67
-3	-107	-1	-77
-5	-1841	3	-33
-7	-1783	-7	9
-15	2739	11	65
-5	-213	-11	61
-5	683	-3	59
-5	191	-13	-39
-3	249	-3	-169
-1	-213	-3	-294
0	-123	5	-293
-5	141	-9	-83
0	-5	-7	271
-5	129	-3	493
-7	-2	3	479
-9	-251	-4	215
-9	166	-9	-129
-5	230	9	-282
-3	-21	7	-221
-11	-45	1	-57
-5	-95	3	53
3	35	-5	25
-1	-18	2	-63
7	169	-4	-135
-3	-21	3	-45
1	-207	-1	80
-3	91	11	151
1	217	-11	111
-1	50	-7	1
3	-101	-11	-93
-15	-153	-8	-117
5	51	1	-83
-7	-23	5	-15
1	114	1	21
0	11	-3	49
-7	-176	-7	51
-7	103	5	43
-1	199	9	21
5	33	3	-1
-9	-97	-3	-19
-14	-87	-3	-31
-5	-3	3	-39
2	23	-3	-53
1	43	-5	-39
-3	36	-1	27
4	-185	-3	85
-3	101	13	97
-15	161	5	50
-12	1	-3	-27
-3	-55	6	-72
-5	-109	1	-67
-5	35	7	-47
-7	14	1	-21
-1	66	6	-1
-5	-2	-1	15
-9	-153	-5	42
-9	91	-1	81
1	179	-1	68
-7	5	1	21
-11	-40	-9	-31
-10	-105	9	-80
-1	30	5	-83
1	1	0	-43
-3	57	-17	1
-16	17	-5	55
-7	-165	-4	71
-10	103	-7	59
-1	167	16	27
-17	7	-3	-5
6	-67	1	-25
1	-111	-1	-71
-11	21	14	-70
-3	17	7	-57
-1	53	-1	-13
-11	7	5	33
-7	-169	14	61
-7	85	-5	67
-5	165	-4	49
-15	10	-1	1
3	-77	-1	-36
-4	-101	-1	-59
-10	27	-7	-67
-5	17	-3	-49
-16	60	-5	-11
-11	3	-5	43
-1	-163	4	85
-7	89	-5	71
-7	167	6	29
-9	-9	3	-3
1	-81	-5	-31
-10	-105	5	-41
-9	15	-1	-81
-16	7	9	-53
4	71	5	-21
-1	13	-7	43
-5	-181	3	79
-14	85	9	85
-5	167	4	53
-10	-7	5	3
-9	-75	-1	-47
-1	-105	-1	-63
-7	19	-8	-53
-3	7	-1	-45
-11	63	-1	-20
-4	27	-11	35
-9	-181	7	68
-2	107	5	87
-5	161	-1	47
-3	-2	1	-5
-5	-78	-1	-37
-11	-91	-3	-61
-3	5	5	-64
-3	15	7	-29
-10	68	9	-13
6	21	-13	33
-7	-187	7	79
-1	121	1	75
8	175	7	45
-3	-12	15	9
-9	-77	-3	-42
0	-97	7	-69
-1	12	3	-65
12	11	7	-41
12	68	1	-7
-2	9	-5	33
1	-175	-13	51
1	107	-5	75
-7	168	-12	50
-9	-9	-1	5
8	-69	-4	-35
-4	-109	13	-77
-3	19	-11	-79
-13	10	5	-47
4	58	-8	-13
-5	15	7	35
-3	-173	1	54
-11	113	3	87
-9	161	5	45
-1	-9	-3	-5
-5	-59	1	-39
-12	-97	-3	-65
-1	29	-21	-51
-1	17	-3	-51
-5	65	11	-3
3	19	-1	43
-9	-173	-9	67
-1	107	3	73
-5	185	-5	55
-1	0	9	-11
1	-71	11	-33
-11	-91	-7	-55
3	17	-9	-60
-13	13	5	-43
-5	76	-9	-15
-3	7	-7	39
3	-183	-7	67
-1	93	5	71
-5	181	6	41
1	6	7	-7
-1	-63	1	-35
-11	-101	-3	-67
-11	19	-6	-64
-9	17	13	-51
-5	59	-1	-21
-2	11	-7	37
-5	-199	6	71
-11	101	1	73
5	169	1	44
-10	-13	3	-5
3	-67	1	-37
-11	-105	5	-55
-16	14	1	-59
-2	15	3	-49
-5	57	3	-11
1	17	2	27
-15	-181	-9	63
-15	108	3	75
-3	168	-5	43
3	-3	-11	1
3	-60	-3	-39
-9	-101	1	-59
8	12	-1	-63
-15	26	3	-45
-3	55	-13	-28
-15	9	-7	41
8	-195	-9	78
-5	117	-9	75
-3	175	1	57
-1	-7	3	-1
-9	-63	-17	-35
-11	-107	2	-59
-13	13	3	-70
-9	15	1	-47
3	49	-1	-15
12	17	-5	37
-9	-174	-9	73
1	107	5	79
-9	171	6	57
-11	-2	-7	1
-13	-76	-1	-37
-19	-93	3	-57
3	-11	-3	-59
-1	21	7	-41
-10	45	-3	-23
-3	15	3	39
-11	-189	-4	77
-11	107	5	87
-15	168	-1	58
-7	-9	-5	-5
-5	-68	-17	-31
0	-101	11	-55
-5	-14	5	-79
-14	34	-1	-43
1	51	-1	-23
-5	3	-8	43
-5	-175	-9	74
-1	115	11	83
-14	181	6	45
-3	-19	7	-1
-3	-49	3	-35
-9	-86	1	-61
-9	17	-15	-59
-11	21	-1	-41
7	61	-1	-15
6	-3	-1	47
-13	-159	-5	68
0	109	9	67
-5	153	-13	61
-14	-1	-3	-7
8	-61	-1	-49
-5	-101	-8	-49
1	-1	-15	-63
-10	17	-5	-35
-5	39	-7	-17
-6	7	-7	53
-3	-168	-13	71
-17	101	-3	85
-9	161	-5	53
-13	-3	0	-5
1	-50	-1	-41
-2	-103	5	-65
-7	-4	13	-62
-6	17	1	-47
-1	45	1	-11
-2	-1	-7	37
1	-169	11	67
-7	109	9	79
-11	159	-1	57
-6	-7	5	-3
-9	-50	4	-37
-11	-101	-1	-65
-5	-1	-7	-75
-7	38	-1	-43
3	71	11	-1
-9	1	-5	49
-7	-169	-5	84
-10	109	-13	89
-3	158	19	45
-5	-13	-5	1
-9	-45	-11	-33
-9	-98	1	-65
-9	-1	-13	-59
-7	23	-7	-45
-3	63	-12	-13
-17	-11	-11	33
-9	-167	-11	64
-18	111	-9	87
-12	173	-13	51
3	-2	5	-1
-11	-41	6	-43
-11	-97	-5	-75
-5	-13	1	-71
-3	45	-1	-41
-7	45	1	-15
-12	3	1	37
-5	-168	-7	65
-3	117	-3	79
3	155	17	45
-5	-18	-5	-1
-3	-37	5	-33
2	-89	7	-63
-8	-17	-1	-67
5	39	-3	-41
-1	55	7	-15
5	8	-3	31
1	-167	-5	83
-3	125	10	83
-11	161	-11	41
-7	-11	-5	5
-12	-43	11	-37
10	-91	-15	-67
-10	-9	7	-65
-1	29	-3	-59
3	45	-13	-7
1	-7	-7	33
-1	-171	-3	73
-2	116	-9	83
-7	145	-9	47
-3	-13	-11	-11
-1	-39	1	-23
-13	-101	-3	-70
-13	-25	-7	-59
1	27	7	-43
-5	49	-13	-9
1	-7	-7	33
-16	-173	1	71
-13	121	-7	79
-14	155	12	41
-1	-15	9	3
-17	-45	6	-41
-7	-99	-11	-69
-5	-9	-3	-79
-14	43	-3	-57
-7	51	3	-7
1	-5	-9	31
-11	-181	-9	77
-9	115	-3	79
-9	161	-1	45
-7	-6	2	-9
-17	-45	1	-33
-6	-87	1	-55
-1	-27	1	-62
-4	43	7	-37
-3	49	-5	-19
-7	-1	-5	37
1	-171	-11	81
-13	119	-3	89
-1	153	-1	42
-6	-9	-1	-3
-15	-51	-5	-51
-10	-93	-3	-59
3	-24	1	-87
-14	36	5	-43
-3	39	1	-25
-7	-9	-8	49
3	-171	-1	49
1	116	-3	85
-11	150	-12	43
-10	-9	-1	-7
5	-30	-1	-51
-7	-97	5	-61
1	-19	-7	-65
-7	45	9	-39
-11	49	-9	-18
1	-9	5	47
1	-155	-15	67
-3	115	1	87
-1	168	3	43
-13	-1	3	-7
-11	-45	-5	-39
-5	-93	2	-65
-13	-4	-9	-70
-14	43	7	-45
-14	63	-1	-17
2	-13	-7	33
-9	-163	-11	73
-17	105	-3	75
-3	153	-11	39
-7	-7	3	1
-1	-45	-6	-47
-3	-101	5	-67
1	-5	1	-64
-3	39	-9	-39
10	55	1	-23
-21	-12	3	39
6	-163	-13	67
-15	111	-1	79
-5	163	-1	43
1	-11	3	-1
1	-23	-6	-35
-11	-107	-7	-53
-3	-12	12	-57
-7	52	-1	-43
-5	47	-5	-3
-3	-21	-5	35
-3	-159	-5	71
-6	113	-11	85
3	174	-6	45
-2	-5	3	1
-1	-35	-7	-41
-16	-107	-9	-68
-7	3	1	-67
-11	35	-5	-39
-1	50	1	-15
2	-17	-15	41
-7	-159	-3	76
2	119	-7	77
1	171	-7	45
-3	-6	3	-7
-9	-39	-6	-35
-7	-115	-9	-63
-7	-12	1	-69
-12	39	7	-47
-10	59	4	-11
-8	-27	1	33
1	-159	16	87
-7	121	-9	63
6	158	-1	45
-11	-14	-5	1
5	-27	-1	-25
-3	-118	-7	-55
-15	-7	5	-59
12	39	-1	-47
-5	47	-7	-5
1	-14	-11	37
1	-167	-1	69
-11	113	-7	73
-1	168	14	39
-10	-13	-3	5
-7	-25	-1	-41
-1	-115	-11	-57
3	-19	3	-65
-7	36	-1	-49
4	55	3	-17
-3	-13	9	33
-15	-153	-1	71
-7	117	11	77
-9	175	11	47
-12	-5	7	-7
1	-45	-1	-35
-5	-109	-1	-76
-9	-13	-5	-69
-15	49	-9	-39
-3	51	-4	-8
-3	-9	-5	39
-16	-153	3	67
-10	123	-1	81
-3	175	-7	39
-1	-3	-3	-11
1	-32	-4	-47
-9	-101	-9	-69
-9	-9	5	-60
-5	41	-1	-49
-5	49	6	-7
-8	-19	1	39
-7	-153	3	63
-2	125	-5	71
-9	161	-11	45
-9	-12	-2	-3
-1	-22	1	-38
-6	-101	-1	-71
-7	-14	-1	-73
-3	43	5	-43
5	42	7	-7
14	-14	5	31
6	-145	9	69
-9	119	11	79
-3	167	7	38
-6	-19	3	11
3	-17	-1	-35
-3	-105	-7	-71
-9	-17	3	-59
-1	39	7	-47
-3	37	-13	-11
-9	-20	-1	39
-7	-161	-5	64
-11	111	5	73
-5	156	1	41
-15	-13	9	1
-1	-40	12	-37
-3	-127	-1	-61
3	-19	6	-57
1	48	0	-27
-3	42	4	-13
-5	-19	5	39
-5	-155	7	69
-5	109	5	81
-1	159	7	53
-3	-5	5	9
-1	-12	6	-49
-7	-111	9	-51
-5	-12	-1	-60
-8	39	3	-35
5	35	-1	-21
-5	-9	-5	45
-3	-141	-3	77
7	107	5	89
6	145	-11	41
3	-23	8	11
3	-29	1	-47
-7	-101	-1	-47
-5	-19	-9	-68
-2	33	-1	-41
-11	43	-5	-17
-21	-21	11	41
1	-145	-1	61
-11	101	-11	81
-1	177	-1	40
-7	-19	1	1
-3	-37	-1	-45
-5	-99	3	-63
-3	-22	7	-63
-1	53	7	-41
-5	35	-13	-19
-13	-18	-2	35
1	-151	-3	57
3	112	19	85
-1	167	9	41
-4	-9	5	1
-3	-22	-9	-43
-1	-111	-3	-65
-15	-1	3	-63
-7	40	5	-41
-1	51	-1	-20
-5	-37	-1	33
-7	-135	-9	74
-2	89	3	75
-7	167	3	37
-11	-10	-9	-5
4	-24	-3	-45
-1	-107	3	-63
-9	-17	-1	-51
-4	33	-9	-39
-15	41	-7	-11
3	-35	9	37
1	-135	-3	73
-1	93	-7	75
-9	153	-1	43
-3	-16	5	-1
11	-30	-1	-47
-14	-108	-3	-55
-12	-9	-1	-62
-1	57	-1	-47
-3	39	-11	-3
0	-40	3	35
-5	-143	-1	69
-11	103	1	73
-9	161	1	55
-6	-11	-1	-1
-9	-27	1	-41
-3	-121	-3	-67
-9	-17	12	-67
-10	44	-3	-49
3	37	5	-5
-7	-23	1	35
-1	-143	7	84
-9	103	-1	71
3	168	13	47
-2	-3	-1	-1
-5	-24	-3	-41
-5	-115	7	-70
13	-7	-3	-57
-1	52	-9	-41
-7	31	14	-12
2	-17	-1	29
1	-145	5	82
-9	101	1	75
1	167	-1	43
-15	-7	5	-9
-7	-30	-1	-29
-5	-121	7	-55
-11	-4	3	-55
-1	51	-1	-37
-9	24	11	-7
-1	-25	-7	23
1	-138	10	79
-15	92	-3	67
-1	155	4	41
-7	8	5	1
3	-25	11	-28
-3	-113	1	-53
-8	-19	3	-55
-2	61	-1	-45
3	33	10	-9
7	-41	-9	31
10	-135	13	71
-11	95	13	75
-3	155	21	55
-6	-5	7	5
-10	-14	17	-33
-4	-107	15	-57
-3	-6	20	-53
-12	56	7	-39
1	37	-3	-9
-13	-27	9	37
-11	-143	4	71
4	95	-7	87
-1	156	-5	41
-4	-5	5	1
-7	-31	12	-47
-14	-107	-1	-59
4	-43	-6	-59
-15	55	1	-37
-7	7	-5	-19
-19	9	-1	31
-9	-133	-11	63
2	113	-3	71
5	153	-3	55
-7	0	5	-5
3	-51	-13	-37
-11	-103	-3	-53
-11	-30	-1	-64
2	-123	9	-31
1	-189	6	-13
-7	269	19	47
-1	-141	1	73
3	159	7	77
-3	171	-6	25
-1	31	13	-15
-9	-29	13	-65
-3	-119	-3	-79
-8	-57	-7	-65
-11	-545	-5	5
3	-611	10	45
-9	878	3	87
-11	-149	6	73
-3	299	-1	41
-11	171	1	-19
-11	75	3	-75
-3	-55	-17	-126
-8	-125	9	-115
-9	-53	-1	-57
-10	-868	5	69
-7	-948	-5	154
-7	1366	11	177
-7	-171	6	108
-13	415	19	13
-9	194	-4	-88
-13	119	-7	-145
5	-71	-9	-187
0	-137	7	-122
4	-55	6	-41
1	-1043	-5	121
-7	-1091	-7	219
-2	1591	5	247
-7	-179	-5	140
-1	477	9	-25
-13	222	-1	-151
3	147	5	-209
8	-81	5	-217
-11	-147	-5	-144
7	-43	-4	-27
-3	-1092	-1	149
-9	-1099	-13	257
-11	1635	9	273
1	-210	-13	145
3	499	9	-29
3	225	-6	-180
-3	153	3	-225
-5	-91	-17	-225
-6	-155	-1	-143
-10	-42	-12	-15
-3	-1187	11	157
10	-1167	-1	263
-10	1773	5	269
8	-189	-11	155
-7	505	-3	-17
-9	251	9	-167
2	173	5	-251
-5	-91	-6	-249
-5	-183	13	-153
1	-49	7	9
7	-1335	5	179
-1	-1295	-5	297
-9	1965	-3	284
-5	-193	1	155
-7	566	3	-43
-1	253	3	-181
-13	189	1	-275
-10	-76	-9	-277
-7	-179	7	-182
1	-42	-3	7
-11	-1535	-5	210
-3	-1513	-3	329
-7	2250	-9	309
-5	-215	3	162
2	619	-11	-51
-3	264	-1	-217
-12	207	3	-311
-11	-99	-3	-310
-9	-197	-5	-193
-1	-45	1	-4
-9	-1669	-11	227
5	-1593	9	373
1	2421	3	353
3	-217	-1	179
-7	675	7	-68
4	281	18	-257
-3	227	-3	-351
-5	-89	3	-315
-3	-194	5	-213
-8	-53	-1	-1
6	-1853	-5	261
-7	-1763	7	405
-7	2683	-15	384
-3	-222	1	189
-5	721	2	-85
-19	274	6	-273
-7	253	-1	-379
-5	-117	1	-351
2	-201	-7	-205
-3	-66	7	15
-5	-2002	-1	291
1	-1917	4	457
-7	2894	-3	425
1	-225	4	207
-12	785	-1	-91
1	287	3	-311
6	275	-5	-419
-5	-117	5	-389
-12	-217	7	-223
-3	-55	4	23
-7	-2126	-3	306
-9	-2049	-5	477
-8	3081	3	450
-15	-240	11	231
-6	821	9	-111
-10	285	-5	-335
-3	297	-1	-443
-5	-121	3	-405
1	-223	18	-237
-5	-53	3	28
-8	-2313	1	329
-8	-2189	1	509
-4	3335	-1	471
-5	-238	-11	235
3	879	5	-108
4	300	13	-353
-7	310	-5	-473
-7	-121	1	-438
-1	-230	7	-245
-5	-63	-17	27
-8	-2407	1	363
1	-2269	-1	545
2	3463	-7	503
-1	-257	6	237
-9	905	11	-123
-11	328	1	-392
-11	331	3	-503
7	-138	-7	-471
-3	-235	13	-267
7	-53	-11	35
5	-2460	1	380
4	-2323	11	565
-3	3544	-3	529
-3	-235	6	245
-5	935	9	-135
-7	318	9	-409
5	335	-9	-507
1	-121	-1	-475
-5	-249	3	-265
-3	-45	-15	37
-11	-2384	10	393
-13	-2261	-15	572
-7	3419	1	540
-8	-267	-6	243
-6	899	-3	-129
-5	321	1	-411
-9	324	-1	-511
6	-114	-3	-475
-3	-264	9	-254
-1	-35	-7	47
-11	-2386	-9	379
-7	-2207	-9	550
-4	3375	3	517
1	-247	-9	229
-5	896	3	-138
-3	349	-11	-411
-11	326	7	-501
-9	-112	-11	-469
0	-266	3	-247
-5	-23	-15	45
10	-2309	5	381
5	-2135	-9	553
2	3274	13	503
-1	-241	-15	243
-5	864	15	-121
-5	338	5	-404
-11	317	-1	-479
-15	-109	-1	-447
4	-257	9	-239
-1	-21	-7	47
-9	-2237	-1	368
-3	-2069	5	553
-7	3163	-5	489
-3	-227	12	237
-4	847	13	-119
-1	329	-9	-379
-11	315	1	-475
-3	-81	18	-439
-9	-267	-7	-245
3	-27	-11	49
-3	-2197	7	359
-9	-2061	5	526
-15	3121	11	484
7	-248	-24	237
-13	819	7	-123
-1	333	14	-367
-3	307	-1	-463
-3	-78	6	-439
-13	-258	2	-241
-11	-27	9	34
7	-2227	-1	351
1	-2073	-9	516
1	3177	7	475
-5	-221	-3	229
-14	829	5	-120
-5	320	11	-367
-9	306	-1	-465
-3	-93	-4	-433
-13	-270	-1	-261
-1	-32	-9	37
-5	-2373	-1	343
-12	-2243	-7	525
-3	3391	3	485
-13	-246	7	235
-17	879	0	-122
-7	351	-1	-369
-10	325	-1	-478
5	-109	-5	-457
3	-251	1	-279
-7	-42	1	41
-24	-2551	-7	372
-3	-2429	13	573
7	3657	-2	521
-9	-233	7	255
7	941	-1	-127
-8	364	-1	-397
-13	341	-11	-511
-3	-107	-5	-479
-7	-265	5	-287
-3	-67	13	45
-17	-2833	2	407
-1	-2722	-1	608
-7	4075	-1	551
-21	-274	-9	259
-4	1059	-1	-147
-3	369	7	-437
-3	397	-1	-575
4	-135	-1	-519
-3	-264	13	-309
-3	-76	1	44
-1	-3088	-1	466
-5	-2927	-1	681
-11	4437	3	613
-13	-285	7	291
-14	1132	9	-178
-7	379	18	-487
-7	419	-1	-614
-9	-135	-3	-582
-9	-271	-5	-331
-7	-81	1	53
-2	-3337	1	503
-1	-3161	1	737
-9	4809	-11	671
1	-313	5	297
-17	1211	0	-197
-5	389	3	-531
-11	467	-1	-663
-11	-179	-1	-619
-4	-297	5	-351
-1	-79	-11	61
-19	-3477	3	551
-11	-3259	-5	790
-13	4961	7	730
-9	-297	-5	313
-6	1261	-1	-221
1	402	-1	-571
0	479	-5	-711
-1	-171	-1	-637
-7	-297	11	-343
8	-89	-4	91
1	-3565	-7	567
-3	-3364	1	813
-14	5097	7	739
-5	-323	4	331
-2	1299	13	-233
3	405	10	-597
-3	501	-3	-733
10	-185	-8	-667
-1	-305	-2	-357
-15	-71	1	83
-2	-3608	7	586
-12	-3341	1	835
-7	5147	-3	751
-5	-318	-9	337
-12	1296	5	-227
-3	417	3	-619
-15	495	1	-748
-11	-171	-12	-679
-11	-319	19	-353
-11	-73	1	93
-14	-3585	-7	591
-11	-3310	-7	847
-9	5077	11	759
-1	-305	-11	336
-11	1279	-1	-225
-5	443	9	-619
-1	509	7	-732
11	-181	11	-665
0	-307	15	-349
12	-59	-3	93
3	-3631	-3	589
-1	-3349	3	827
-1	5171	7	746
-1	-307	9	343
7	1313	11	-223
9	427	9	-603
-11	523	3	-751
1	-179	5	-683
-9	-320	11	-359
-1	-55	-1	99
-11	-3631	1	591
-13	-3377	-1	853
-12	5135	5	756
-9	-325	-12	332
-17	1289	1	-229
-7	418	-1	-615
-10	499	-11	-749
-15	-161	-15	-686
-1	-324	0	-363
-3	-71	-15	84
-22	-3669	-13	585
-7	-3373	-17	851
-4	5183	-5	759
-1	-309	-11	323
-7	1315	11	-223
8	433	-5	-601
5	519	-3	-757
17	-161	-5	-671
-1	-317	15	-367
21	-57	5	95
11	-3637	1	591
5	-3339	18	857
3	5153	5	773
6	-303	-4	341
5	1299	23	-230
7	451	14	-603
0	513	1	-759
-5	-163	-7	-679
-4	-323	5	-365
3	-91	-11	93
-5	-3717	-3	579
-11	-3453	-6	845
-1	5285	9	758
-11	-315	-17	333
-19	1337	-1	-223
-8	428	-22	-619
-18	529	-15	-761
-17	-186	-5	-691
-5	-324	1	-387
-3	-63	-17	99
-11	-3755	-3	593
-9	-3495	-12	876
0	5329	-7	795
1	-323	-9	349
-13	1351	7	-241
13	445	3	-627
-1	535	-5	-781
6	-187	-6	-686
5	-324	15	-367
7	-81	9	102
8	-3783	-1	601
3	-3493	6	873
10	5387	3	791
-3	-329	7	345
-9	1363	11	-241
-1	433	5	-639
-1	542	-8	-783
-5	-165	6	-699
-22	-317	3	-387
-3	-91	1	97
-5	-3931	-3	609
-5	-3621	-13	881
-3	5573	-11	795
-1	-323	-17	359
-7	1396	7	-242
-19	455	-14	-649
-9	561	-9	-797
3	-195	-6	-723
1	-321	7	-397
3	-78	-1	97
-1	-3983	-3	629
6	-3668	6	927
-1	5666	0	825
-1	-315	-3	357
-6	1432	23	-255
-1	456	13	-675
-10	581	1	-825
1	-183	12	-725
-14	-313	17	-401
1	-95	8	103
3	-4048	10	646
-3	-3739	9	936
6	5745	-5	841
-5	-351	-7	366
-4	1447	9	-259
-3	449	3	-669
-9	567	-11	-841
3	-199	-4	-751
-17	-325	1	-403
-9	-81	-15	109
-2	-4137	-13	660
-13	-3759	-1	949
-9	5841	-3	845
-10	-341	-17	379
-16	1465	5	-259
-7	463	-6	-695
-13	589	-9	-845
1	-191	-3	-769
-15	-325	5	-405
-5	-86	-5	108
-10	-4219	-3	667
-7	-3868	3	969
3	5971	1	852
-1	-361	-9	361
1	1493	17	-270
-3	459	9	-705
-10	600	-5	-858
-8	-219	6	-770
-9	-335	15	-425
-3	-89	-9	119
-2	-4215	-3	689
-1	-3833	3	989
-15	5928	5	861
-9	-346	-3	381
-11	1500	7	-279
-3	471	1	-723
-10	591	-17	-873
7	-211	-1	-771
-9	-344	9	-411
-3	-91	-3	119
-9	-4236	1	686
-5	-3883	1	986
-18	5992	3	872
-5	-372	-1	367
2	1501	11	-275
-9	455	5	-715
-9	615	-5	-871
-3	-209	7	-781
-7	-339	5	-421
3	-73	-5	110
0	-4261	3	677
-5	-3863	9	997
-17	5995	7	871
-5	-366	-1	371
0	1505	13	-283
-3	454	15	-739
-11	611	-11	-871
-9	-194	5	-781
0	-341	7	-424
-10	-84	11	118
-5	-4181	7	697
-9	-3755	7	985
5	5883	-5	878
-5	-351	-11	375
-1	1469	11	-278
-1	477	1	-725
-6	607	-5	-882
1	-204	1	-762
2	-333	9	-409
-7	-73	-9	117
-1	-4146	-3	679
6	-3751	4	959
-7	5832	-1	857
-5	-343	-13	371
-23	1474	11	-273
-14	463	1	-701
-3	599	-15	-865
-5	-199	10	-771
-10	-347	-3	-413
-7	-93	-17	127
-5	-4131	-11	682
-9	-3755	-1	975
-6	5809	-5	866
3	-357	-7	374
6	1465	-3	-269
-1	447	5	-691
-7	607	-11	-855
-7	-213	-9	-762
3	-335	17	-401
-3	-85	1	110
7	-4181	9	674
-5	-3781	12	966
11	5893	3	851
-1	-345	-3	373
-5	1469	15	-259
4	445	4	-691
1	600	-5	-849
1	-195	7	-767
0	-327	11	-405
-1	-75	-5	110
-5	-4131	-7	675
-5	-3733	-9	979
-3	5819	-7	870
-1	-351	-4	361
-17	1441	-5	-275
-3	461	-7	-699
-10	603	-13	-855
-8	-194	-7	-758
-4	-325	7	-401
-1	-87	3	113
-5	-4169	-3	677
4	-3767	-1	957
-9	5867	-10	865
-1	-346	-12	371
-2	1462	5	-247
7	453	9	-697
-4	603	-1	-845
7	-197	7	-771
3	-346	17	-423
3	-84	-11	107
1	-4201	11	680
-5	-3837	1	981
0	5951	9	869
5	-357	1	382
-4	1483	15	-263
5	438	7	-703
-1	619	-7	-855
-1	-207	-9	-770
-11	-339	3	-409
-3	-81	-17	116
-13	-4179	-13	689
-15	-3765	-1	988
-11	5879	-5	875
-7	-357	-3	383
-12	1463	-3	-263
4	443	1	-723
-19	605	0	-863
-13	-213	-12	-781
-8	-335	9	-401
-9	-91	-19	111
-3	-4259	-13	679
-1	-3822	16	987
2	6003	-5	856
-3	-343	-5	369
-9	1481	19	-265
3	463	9	-707
-7	623	-5	-874
3	-217	13	-783
-2	-329	13	-421
16	-76	-1	117
5	-4261	3	699
-1	-3833	6	997
7	5997	9	867
9	-336	-3	371
-3	1494	-1	-277
-7	445	-3	-725
-11	625	-11	-875
-3	-211	3	-777
-7	-341	1	-413
-1	-79	17	128
-15	-4322	0	685
-9	-3922	1	1000
-10	6080	-11	874
-11	-365	1	379
-2	1517	5	-281
1	451	-7	-727
-13	635	-15	-895
-3	-231	1	-784
5	-345	0	-417
7	-77	-9	113
3	-4253	-9	704
-3	-3799	1	1017
-3	5981	5	889
1	-371	16	387
-7	1481	7	-283
-3	445	-11	-719
-5	625	-16	-877
-3	-211	12	-781
6	-323	7	-413
3	-93	-17	124
-11	-4291	-17	681
-7	-3845	7	993
-5	6009	-1	872
-1	-361	19	387
-11	1503	-3	-271
-5	459	9	-719
-4	631	-17	-876
7	-220	-9	-781
1	-339	-5	-419
5	-89	16	125
-9	-4221	-5	691
-3	-3781	8	1001
-9	5926	-16	879
-15	-351	6	383
2	1482	11	-279
3	449	12	-723
-5	613	-11	-873
1	-204	-7	-771
-5	-329	-1	-413
-1	-99	3	125
1	-4283	1	676
-9	-3884	1	973
2	6018	3	869
-3	-379	-12	380
-5	1493	11	-273
-5	437	-1	-715
1	637	-5	-877
3	-223	7	-792
-5	-323	0	-429
-11	-81	7	106
-1	-4334	-7	695
-5	-3887	12	1013
2	6091	13	881
-16	-363	-5	393
-13	1515	9	-285
4	445	13	-729
3	633	-16	-891
-9	-220	-3	-793
-13	-321	19	-424
-1	-91	-1	116
-5	-4315	3	705
-3	-3886	-1	1017
1	6071	-5	898
-5	-351	-5	381
1	1507	0	-282
5	459	-1	-735
-1	635	-17	-889
-7	-227	-3	-794
-3	-331	7	-417
1	-91	10	115
-7	-4417	-5	707
4	-3987	-9	1003
1	6233	-5	891
1	-361	7	372
-7	1556	15	-285
-5	455	-1	-738
1	655	-9	-899
3	-240	7	-809
-9	-339	19	-447
-5	-81	4	117
-9	-4383	7	717
-9	-3976	5	1032
-2	6168	1	919
3	-374	-13	375
-5	1539	9	-277
-5	449	-15	-759
5	645	-3	-907
-7	-233	-1	-802
-1	-330	7	-415
5	-69	-15	121
-4	-4450	-3	713
-10	-3997	-3	1018
3	6263	5	899
-14	-375	-5	391
-19	1555	5	-271
4	454	6	-750
3	661	-8	-903
-7	-223	5	-829
-7	-335	23	-438
5	-89	-13	121
0	-4443	-5	727
-3	-3984	-3	1033
-3	6251	5	920
-3	-351	-1	381
-25	1551	3	-298
-13	469	-5	-767
-13	661	-9	-917
-1	-247	6	-815
-7	-335	17	-423
5	-81	-11	123
-3	-4527	-3	737
4	-4091	-1	1039
-11	6380	3	919
-3	-361	-4	398
3	1595	5	-277
-5	456	-3	-768
-4	673	-11	-937
-3	-255	5	-819
-3	-359	3	-449
-5	-83	-13	115
-11	-4581	-3	742
-11	-4167	-1	1077
-3	6452	3	941
7	-377	-9	405
-4	1605	15	-295
3	469	14	-777
-7	677	-11	-945
10	-257	7	-829
-7	-339	15	-435
3	-84	-1	137
-10	-4575	-9	754
3	-4097	7	1079
-5	6425	-5	937
-11	-382	12	401
5	1594	3	-313
-11	475	4	-786
-7	673	-21	-955
-9	-228	6	-833
-8	-345	7	-436
-7	-91	-1	126
-5	-4615	1	749
-12	-4138	5	1081
-3	6475	7	938
6	-366	-19	395
-3	1606	-11	-295
-1	485	-6	-783
-8	689	-17	-941
-5	-246	-7	-841
-13	-345	7	-439
-1	-93	14	129
-9	-4615	-9	759
6	-4156	3	1089
-7	6495	3	945
-3	-353	-13	416
-1	1619	5	-315
-14	485	17	-792
-7	687	-9	-959
-1	-246	10	-843
-16	-352	11	-441
10	-84	-17	149
-9	-4711	10	739
-13	-4287	1	1088
-16	6617	11	936
-8	-381	-6	409
1	1637	9	-315
-1	477	7	-783
-2	697	5	-961
-5	-253	23	-865
1	-359	19	-451
1	-81	1	127
-3	-4720	-1	773
-9	-4227	9	1107
2	6639	3	969
-7	-391	10	419
-13	1628	3	-313
6	472	11	-819
-9	713	-13	-971
-1	-245	11	-853
-3	-349	15	-438
1	-91	-3	132
0	-4803	5	777
-5	-4305	-1	1103
-7	6727	-11	960
3	-377	6	419
-7	1662	3	-314
-11	479	-13	-807
-13	717	5	-980
-5	-261	-4	-863
-15	-351	9	-469
1	-78	-9	139
-3	-4871	-5	793
-11	-4398	3	1123
-11	6831	-3	985
-17	-374	-15	411
-5	1709	11	-313
1	467	1	-823
-12	723	-9	-1003
3	-264	-7	-881
-15	-356	9	-471
6	-81	-1	148
-13	-4873	-2	806
5	-4435	9	1133
4	6856	-1	999
-1	-395	-6	425
-5	1689	7	-323
3	475	1	-843
3	715	-3	-1005
15	-266	11	-897
-7	-373	15	-469
3	-81	-1	145
-9	-4847	-3	802
-5	-4337	-1	1139
-5	6799	9	999
1	-393	-13	433
-12	1679	3	-329
-9	485	7	-825
-7	715	-17	-1001
-5	-243	-1	-890
-14	-351	5	-464
-21	-81	1	148
-12	-4827	-9	799
-3	-4305	-1	1137
-10	6763	-3	993
1	-369	-5	413
-7	1660	3	-313
1	500	4	-821
-14	725	-5	-993
-1	-258	-1	-883
-2	-359	13	-455
3	-78	-5	157
2	-4909	-1	789
-9	-4393	13	1129
-7	6897	-1	979
-13	-367	1	423
-14	1705	15	-307
-7	474	1	-825
-14	737	-11	-1015
5	-271	-7	-897
-17	-360	9	-473
1	-76	-13	150
-7	-4844	-7	809
-3	-4369	5	1159
-9	6803	-3	1009
-5	-397	-4	421
-5	1673	15	-329
1	482	-5	-829
-12	701	-7	-1001
8	-257	-6	-883
-5	-371	11	-461
-1	-73	-12	137
-6	-4909	-3	798
-7	-4371	13	1121
-3	6877	1	989
3	-381	3	413
-3	1690	11	-331
1	487	-6	-825
-5	721	-13	-993
-11	-253	-17	-899
-11	-367	15	-480
-7	-73	-19	148
-8	-4903	3	797
-7	-4383	-3	1153
-2	6872	-3	1005
3	-379	-4	427
-7	1677	9	-321
1	498	7	-837
-5	728	-9	-1002
-11	-267	5	-893
-7	-357	3	-463
5	-73	-1	147
-7	-4833	3	805
-7	-4339	-1	1132
-13	6787	3	997
-11	-372	-1	419
-10	1681	7	-333
9	490	15	-841
-15	727	-3	-1005
-3	-271	-11	-889
-13	-369	5	-471
8	-79	-11	156
-1	-4773	-1	790
-7	-4281	6	1133
9	6691	5	990
-11	-390	-13	419
-6	1647	7	-323
1	487	7	-815
-19	707	-13	-995
13	-276	-13	-877
-5	-373	7	-453
9	-78	-4	151
-6	-4835	3	777
-11	-4321	-1	1111
0	6777	7	971
-3	-372	1	425
-3	1658	7	-313
11	487	13	-817
-1	713	-19	-995
3	-263	-9	-882
-14	-351	13	-463
-5	-76	-1	133
-2	-4847	-1	785
12	-4339	12	1133
7	6787	3	991
6	-375	-21	417
-11	1671	3	-322
7	482	9	-821
-15	701	-1	-993
3	-263	5	-877
-10	-361	17	-463
-1	-78	-3	145
-14	-4847	-9	799
4	-4337	-3	1140
-13	6803	7	991
-7	-355	-17	427
-4	1661	7	-315
-9	472	6	-826
-12	723	-5	-995
-3	-282	7	-869
-13	-369	17	-469
-3	-71	4	144
-9	-4885	-10	795
1	-4415	3	1135
-1	6876	3	987
-1	-375	1	409
-3	1679	7	-321
-7	455	10	-831
-15	726	-11	-1001
4	-267	19	-907
-11	-351	1	-455
-1	-55	-9	143
-11	-4808	-1	800
1	-4267	6	1133
-10	6743	-3	1009
-3	-381	-3	427
-5	1641	-1	-341
-1	480	5	-835
-11	711	8	-1011
-3	-264	1	-867
-7	-363	11	-460
-12	-75	1	156
-8	-4809	-11	789
-7	-4261	12	1115
-1	6719	-7	968
-5	-363	-13	403
-5	1637	-3	-326
-3	485	4	-823
-11	722	-9	-993
-5	-259	-1	-881
2	-361	9	-453
7	-103	1	141
2	-4807	-1	791
4	-4267	7	1118
-7	6712	7	981
-1	-318	-1	394
-6	1637	13	-319
-17	451	-6	-819
-4	705	-1	-985
-5	-256	10	-875
-3	-341	21	-459
-5	-117	-4	140
-15	-4876	10	804
-13	-4354	9	1129
-8	6797	9	986
-9	-292	-5	415
-14	1651	11	-319
-3	431	7	-809
-9	722	7	-985
-3	-243	-3	-883
-11	-334	8	-477
3	-99	-9	133
-3	-4851	-1	796
5	-4298	-1	1143
-2	6747	-1	1001
-7	-233	1	405
-11	1615	17	-333
-3	387	9	-833
-11	711	-3	-973
-7	-225	-5	-867
-9	-275	11	-463
-8	-102	-9	115
-4	-4909	1	777
-3	-4377	-1	1137
-7	6805	-7	987
3	-201	11	407
-7	1605	7	-334
-9	327	-9	-817
-3	723	-1	-979
-1	-220	9	-855
-7	-253	13	-457
-1	-91	-11	145
-12	-4956	-5	799
3	-4431	4	1135
-9	6871	7	985
-11	-191	6	402
-3	1599	9	-345
-3	276	-6	-845
2	713	-5	-1001
5	-223	3	-869
-10	-241	11	-445
8	-55	-11	168
3	-4945	0	831
-5	-4455	7	1145
-11	6880	3	973
5	-225	1	366
-9	1599	13	-389
7	274	-3	-873
-12	707	-5	-1013
-1	-207	7	-851
-5	-253	-1	-405
-3	-57	-21	197
-11	-4949	-1	843
-1	-4403	-7	1147
0	6859	-13	953
-5	-215	3	357
-7	1597	-1	-385
6	299	1	-875
-9	711	-13	-995
3	-205	-4	-843
-14	-264	5	-413
-3	-73	-19	209
2	-4997	-9	855
-7	-4405	-5	1155
-3	6926	3	954
-9	-212	-4	335
-11	1602	10	-391
-1	302	-6	-882
-4	725	-9	-995
-7	-219	3	-845
-11	-259	21	-397
-5	-66	-1	215
-9	-5037	-3	852
-7	-4463	-5	1162
-7	6978	11	965
-1	-203	-13	339
-2	1631	15	-411
-11	294	9	-895
-11	727	-7	-1007
-3	-212	1	-849
-13	-267	19	-401
1	-58	-3	211
1	-5001	-9	857
3	-4475	-12	1181
0	6941	3	981
-7	-217	-1	355
-15	1615	11	-411
3	273	-13	-891
-14	724	-3	-1001
-9	-199	4	-843
-9	-266	0	-395
-1	-48	3	221
-9	-5019	-13	860
-18	-4447	-6	1157
-5	6971	1	971
3	-225	-21	347
-5	1625	13	-399
-1	274	6	-891
-15	725	-17	-1009
-7	-220	-3	-861
-24	-255	3	-401
-9	-55	-17	211
-5	-5023	-5	859
-3	-4426	-15	1169
-17	6937	-21	979
-9	-211	-11	347
-5	1612	9	-417
5	287	-9	-883
-5	719	-17	-1000
-11	-217	-9	-843
1	-261	5	-397
9	-66	-9	217
9	-5019	3	852
-7	-4435	1	1158
-5	6947	-5	971
9	-197	-1	351
9	1641	9	-401
3	275	15	-889
1	729	-1	-1009
10	-207	7	-845
-5	-259	11	-407
3	-45	-6	214
-9	-5003	-1	865
-3	-4431	9	1175
-17	6919	7	967
-15	-239	-1	353
-20	1637	7	-409
-12	279	-5	-891
-16	715	-19	-1009
-5	-209	-19	-851
-15	-275	-7	-395
-9	-59	-12	219
-17	-4981	-13	857
-17	-4381	-15	1161
-18	6905	-13	969
-14	-239	-7	357
-14	1619	-1	-409
-5	271	1	-879
-7	717	-15	-1009
-5	-211	-1	-843
1	-251	5	-412
3	-71	1	227
6	-4983	1	849
7	-4377	10	1161
3	6910	3	962
11	-223	17	340
7	1619	16	-417
5	291	17	-887
-1	735	-5	-1005
10	-225	19	-837
3	-237	21	-403
1	-58	7	223
-5	-4871	7	848
-1	-4244	15	1159
-7	6718	-3	959
-15	-227	1	341
-14	1585	-3	-405
-21	257	11	-879
-25	703	-15	-1003
-9	-215	-11	-831
-24	-253	-5	-393
-13	-63	-15	220
-25	-4842	-13	835
-25	-4269	-13	1121
-9	6677	-11	939
-25	-239	-22	347
2	1581	3	-399
-14	261	-1	-847
-9	711	-23	-979
6	-215	3	-816
5	-251	27	-397
3	-45	3	209
13	-4798	7	829
1	-4189	19	1125
5	6645	5	931
9	-215	27	341
5	1571	21	-397
8	273	6	-855
-5	701	1	-977
-3	-210	5	-809
-8	-226	21	-395
-5	-83	4	193
-3	-4855	3	821
-13	-4254	-5	1113
-2	6741	-7	920
-11	-225	-6	333
-23	1579	0	-393
-5	251	-19	-849
-13	710	-19	-973
-15	-228	-19	-829
-10	-245	5	-397
-3	-75	-27	185
-10	-4903	-13	841
1	-4282	-9	1131
-11	6781	8	951
-5	-219	1	333
-10	1605	9	-385
1	256	9	-863
10	721	7	-975
5	-222	16	-835
-9	-241	23	-389
17	-53	-6	205
7	-4845	9	829
5	-4241	1	1133
-10	6709	11	953
5	-251	-1	340
-9	1589	21	-407
3	241	3	-867
-3	705	1	-977
4	-230	-5	-825
-7	-256	7	-389
-15	-55	-27	215
-21	-4881	-9	840
-11	-4241	-7	1125
-15	6741	-7	933
-12	-256	-11	341
-14	1593	9	-393
-1	251	-7	-853
-3	709	-3	-967
-15	-220	-4	-815
-12	-238	15	-393
-3	-65	-7	195
-5	-4915	-7	841
-3	-4267	-7	1131
2	6781	9	942
-1	-225	1	330
1	1593	15	-397
5	255	6	-873
3	722	5	-975
-5	-225	5	-828
0	-237	15	-393
7	-89	-5	203
1	-4962	-3	833
1	-4300	1	1131
-5	6837	11	939
9	-233	-15	337
-10	1627	19	-391
3	256	9	-871
-17	711	-5	-987
-11	-233	3	-841
-13	-243	5	-407
-3	-79	-15	198
-5	-4895	-1	847
-7	-4263	-13	1153
-9	6755	-1	952
-11	-246	-4	336
-11	1597	3	-407
-5	253	-7	-875
3	701	-9	-985
1	-215	13	-827
-1	-246	13	-391
1	-71	-5	227
-1	-5019	-7	838
9	-4318	3	1127
-3	6903	-7	919
-10	-237	-5	339
2	1635	13	-415
3	239	8	-865
-3	731	0	-989
3	-229	3	-837
-4	-250	9	-397
1	-69	-5	213
-11	-4983	-3	843
-10	-4261	-3	1165
-9	6860	-7	950
-1	-249	-13	339
-1	1617	-5	-419
3	261	11	-887
-2	718	-9	-1000
-3	-235	1	-831
-13	-229	17	-395
7	-59	-7	223
-5	-5014	-11	837
1	-4319	13	1138
-1	6909	9	941
-5	-247	1	335
-13	1639	11	-407
-3	237	-1	-865
-19	731	-15	-1001
1	-230	-17	-833
-13	-247	3	-403
8	-73	-3	212
9	-4973	-15	855
-9	-4327	-4	1165
-1	6865	-3	958
1	-271	3	335
-7	1637	3	-419
-3	253	-3	-873
-9	719	-11	-1003
-1	-233	-11	-827
-1	-255	10	-393
-1	-68	4	221
13	-4999	-7	831
-3	-4285	13	1155
4	6883	1	953
1	-269	-3	343
-16	1631	3	-405
-3	253	-5	-873
1	713	-18	-997
-9	-219	13	-835
-7	-242	-7	-397
-3	-67	-4	225
-8	-5025	-15	847
-5	-4297	-5	1159
-5	6905	-9	944
6	-249	-1	347
-11	1632	-9	-405
-7	259	7	-868
-11	731	-9	-992
-13	-238	-6	-843
-8	-237	5	-403
-3	-89	-9	209
1	-4987	3	848
-13	-4292	-11	1171
-17	6867	-11	953
1	-243	9	341
-9	1643	7	-407
-3	233	4	-887
-7	725	1	-995
3	-221	-1	-833
-7	-245	9	-387
-3	-69	-3	219
1	-4963	1	859
-15	-4297	-9	1145
-16	6851	3	960
3	-267	-17	345
-2	1627	5	-403
-1	235	7	-877
0	717	1	-987
-3	-235	6	-827
-13	-251	1	-379
-13	-76	-9	215
-7	-4949	1	847
-1	-4236	1	1147
-3	6805	5	951
-14	-269	-15	339
-5	1620	11	-393
-15	253	-17	-887
-9	711	-13	-985
-9	-217	-9	-833
-11	-239	15	-391
-9	-91	-17	215
-12	-5001	-5	845
-7	-4303	-3	1137
-7	6886	3	948
-7	-248	-13	335
-11	1635	7	-401
1	239	1	-877
10	727	-1	-978
-1	-225	-6	-839
12	-237	13	-399
7	-63	-11	213
-9	-4991	1	866
10	-4299	-1	1147
-7	6898	7	965
-1	-237	5	345
-6	1643	23	-413
-7	237	12	-875
-9	711	1	-1001
-3	-225	16	-845
-13	-249	7	-399
-3	-81	-23	220
-13	-5043	5	863
-13	-4380	-4	1161
-10	6952	-3	968
-16	-266	-21	343
-11	1655	-3	-409
-15	240	-13	-891
-26	724	-13	-1001
-3	-222	-5	-855
-11	-260	7	-395
1	-76	-12	195
0	-5081	-7	863
-5	-4349	-9	1161
4	6993	-7	963
1	-266	-7	343
1	1659	5	-413
15	230	1	-877
1	727	-13	-1007
7	-217	15	-855
-1	-246	23	-401
11	-73	1	215
12	-5033	11	855
12	-4299	14	1167
1	6927	15	977
10	-251	15	351
-7	1640	3	-415
1	251	1	-885
-6	718	-9	-1013
-9	-233	12	-833
-4	-257	7	-397
3	-68	-1	225
0	-5082	-7	862
-5	-4359	-3	1157
-11	6967	-3	957
-15	-256	-11	345
-23	1651	9	-403
-5	240	-3	-877
-23	735	-15	-1003
-19	-228	-9	-841
-17	-257	1	-415
6	-51	-11	230
-15	-4991	-1	863
1	-4297	6	1179
-4	6892	-11	978
-3	-259	-1	351
2	1639	1	-411
5	243	5	-875
-9	725	-11	-1009
21	-197	5	-825
9	-245	19	-389
-3	-41	-1	225
11	-5065	1	855
5	-4331	9	1155
12	6961	3	945
1	-258	-5	357
-9	1658	1	-415
-5	243	18	-875
-3	727	-15	-1003
-5	-217	19	-835
-17	-245	1	-405
-9	-83	-17	227
-19	-5061	-19	871
-14	-4303	7	1175
-9	6938	-3	966
-9	-269	-11	349
-9	1654	0	-421
-15	247	9	-882
-18	728	-9	-1001
-13	-225	-6	-832
-10	-251	1	-399
-3	-79	-17	229
10	-5113	-11	858
-7	-4409	17	1163
3	7059	7	969
3	-253	4	357
2	1691	15	-409
7	237	17	-891
0	743	-3	-1009
1	-239	5	-859
-9	-243	13	-419
6	-73	-6	224
-1	-5110	-5	873
-7	-4415	-1	1187
-13	7025	7	994
-3	-284	-4	349
-11	1671	5	-419
-12	227	-3	-905
-17	742	-17	-1023
-20	-235	-13	-857
-15	-266	3	-405
-7	-73	-3	211
-12	-5041	-15	861
-10	-4308	-12	1176
-9	6943	-7	975
-12	-292	-1	353
-16	1654	-5	-415
-1	233	1	-903
-11	719	-5	-1007
1	-219	-3	-845
-12	-246	15	-395
9	-79	-5	225
-7	-5043	13	855
3	-4299	-5	1155
-1	6944	13	956
-3	-253	8	336
-7	1659	11	-399
-1	245	1	-888
-7	747	5	-1001
-3	-233	19	-853
-9	-261	13	-409
-1	-68	-7	213
-10	-5003	5	870
-7	-4292	8	1159
-7	6887	0	971
3	-247	-17	353
-20	1649	11	-403
-12	222	-4	-891
-14	727	-17	-1007
3	-215	-7	-841
-15	-259	9	-391
-3	-55	-13	210
-13	-4963	-3	867
-15	-4287	-13	1141
-13	6853	-1	962
7	-265	-17	337
7	1655	11	-405
-11	240	-1	-881
-2	709	1	-989
4	-211	-3	-837
-11	-252	7	-407
1	-58	1	219
-11	-4920	9	858
-8	-4195	9	1149
-9	6767	-3	951
-7	-265	-5	335
-1	1613	7	-389
-7	215	1	-871
-11	703	7	-989
-5	-219	3	-837
-11	-248	15	-381
7	-83	1	211
-12	-4929	-1	847
-14	-4202	3	1121
-2	6787	-1	934
-9	-235	-11	339
-11	1613	-3	-391
-5	225	4	-855
-16	723	-9	-984
-5	-221	1	-839
4	-239	3	-401
-7	-63	-9	213
-3	-4827	7	842
6	-4141	-1	1145
5	6657	7	937
3	-241	-1	337
-4	1603	13	-403
1	219	11	-865
-17	703	-5	-967
-5	-215	-1	-817
10	-257	15	-385
-7	-53	11	215
-1	-4864	-7	825
-5	-4217	-9	1108
-15	6719	3	913
1	-253	-17	334
-17	1599	1	-397
-9	204	3	-849
-5	699	-9	-977
-5	-210	15	-816
-7	-260	16	-387
-13	-55	6	215
0	-4912	-3	831
-1	-4197	11	1131
2	6775	1	935
-5	-253	3	335
2	1610	9	-399
10	215	6	-855
-1	713	-16	-971
-1	-213	11	-821
-1	-234	5	-395
5	-69	-1	215
-6	-4887	1	831
5	-4175	-1	1143
-1	6721	-5	936
-3	-264	4	333
1	1604	5	-403
-7	223	-3	-863
-22	708	-7	-975
-9	-229	5	-807
-8	-259	15	-389
1	-63	-7	215
-3	-4917	7	831
4	-4231	13	1123
-5	6771	3	921
-5	-253	-9	341
-7	1631	-1	-395
-7	217	9	-857
-11	717	-17	-977
-7	-219	3	-829
-19	-253	5	-403
-1	-43	-8	216
-7	-4874	-7	833
1	-4215	17	1135
0	6753	1	936
-7	-305	1	339
-5	1631	13	-403
-7	219	-5	-881
-11	720	-7	-981
-1	-217	13	-806
-7	-243	15	-367
-5	-71	1	225
-1	-4894	-1	825
-11	-4184	12	1125
-11	6745	-3	933
-9	-274	-7	343
-17	1627	5	-397
-9	233	5	-859
-13	699	-8	-979
-3	-205	-1	-833
-3	-238	5	-389
-7	-73	-6	223
-3	-4793	-15	839
-7	-4079	1	1133
-2	6612	-3	934
-3	-307	6	327
1	1594	9	-391
3	258	9	-853
-6	687	-9	-959
-3	-229	-5	-809
-11	-277	11	-377
-11	-79	1	205
0	-4789	5	829
8	-4105	8	1110
-5	6619	-1	921
1	-235	-9	339
5	1615	17	-379
-5	243	9	-847
-7	727	-1	-943
-5	-212	1	-795
-3	-265	15	-379
-15	-78	1	216
-3	-4858	8	831
-13	-4213	1	1108
-9	6697	-7	935
-8	-263	-9	339
-4	1603	19	-373
-9	202	7	-841
-17	711	-7	-951
6	-210	-1	-827
-7	-244	1	-403
-17	-55	-9	185
-1	-4770	-1	814
-10	-4082	11	1101
-10	6589	9	927
3	-256	-9	329
5	1581	21	-389
6	215	7	-849
-7	687	5	-969
-3	-191	-7	-813
-11	-232	19	-379
3	-77	-1	195
4	-4741	1	815
-7	-4046	-3	1109
5	6506	-3	912
1	-241	-6	330
-15	1555	19	-375
1	213	17	-841
-3	699	-1	-943
-3	-201	12	-796
-2	-249	13	-379
-7	-41	-5	209
-2	-4611	11	811
3	-3951	-1	1080
-11	6358	8	909
-7	-225	3	323
-4	1531	19	-369
3	202	-1	-832
-3	665	-1	-927
3	-185	7	-783
-13	-255	13	-373
4	-51	-6	212
-5	-4645	-2	797
-3	-4028	-1	1058
-7	6405	7	876
3	-240	1	315
-12	1539	9	-369
1	191	-11	-813
-23	657	-17	-925
-3	-186	-1	-785
-13	-260	2	-367
-19	-49	-17	199
-5	-4587	-3	806
-23	-3915	4	1081
-4	6327	-11	897
-11	-235	-17	313
-1	1503	-5	-381
4	209	-5	-819
-9	677	-7	-915
-1	-177	-13	-769
3	-239	15	-357
3	-51	-1	215
-2	-4629	3	791
9	-3985	-5	1061
2	6383	7	864
15	-225	-1	319
7	1529	26	-377
15	203	9	-795
0	674	-1	-921
-3	-192	21	-779
5	-255	19	-379
-1	-37	22	203
-7	-4589	5	789
-5	-3927	-1	1064
-11	6321	-3	891
-11	-233	6	319
-22	1511	1	-381
-10	179	-9	-819
-17	645	-11	-921
-20	-194	-1	-759
-9	-249	-3	-371
-11	-69	-11	203
-11	-4671	-21	780
-7	-4040	5	1056
-1	6445	-11	872
-14	-251	-5	322
0	1543	-1	-367
5	186	3	-799
3	673	1	-923
8	-204	-4	-764
7	-235	3	-375
7	-49	7	203
5	-4703	7	795
1	-4035	19	1087
10	6493	3	895
11	-246	10	313
7	1553	17	-395
10	185	15	-845
-13	679	7	-933
-9	-192	17	-787
-16	-249	19	-381
-5	-78	1	195
-4	-4665	-5	791
-5	-3966	-7	1071
-17	6419	-5	896
-9	-249	-5	318
-19	1535	7	-385
-3	204	-17	-827
-17	671	-17	-938
-1	-213	3	-779
-13	-237	5	-381
-1	-59	3	197
-9	-4757	1	793
-3	-4092	-5	1067
-7	6571	3	885
-7	-235	-13	311
10	1583	15	-391
3	197	19	-815
-2	689	5	-943
3	-213	-5	-795
2	-239	9	-389
11	-53	-6	206
-11	-4671	0	819
3	-4025	17	1108
-9	6442	9	924
3	-265	-1	324
-1	1555	5	-397
-5	193	-3	-843
-3	675	-17	-953
-20	-212	-11	-778
-15	-257	1	-367
-7	-66	-15	203
-11	-4661	-11	791
-8	-3976	-14	1067
-3	6431	-5	887
-7	-251	-17	311
0	1538	1	-381
4	191	7	-829
-11	679	1	-923
1	-193	1	-781
-4	-232	15	-367
-5	-50	1	207
-6	-4521	9	805
-3	-3831	-1	1077
3	6231	11	894
15	-247	5	316
5	1495	26	-383
1	207	6	-817
0	668	-3	-908
8	-209	22	-761
12	-241	13	-353
15	-60	3	201
-5	-4543	5	775
-3	-3894	-1	1043
5	6275	-2	855
-9	-225	-11	303
-4	1518	9	-359
-3	166	-6	-791
0	651	-13	-903
-7	-187	3	-755
-1	-255	5	-361
-9	-75	-3	202
-7	-4600	5	788
3	-3987	-7	1051
-9	6341	1	874
3	-228	-19	311
-7	1529	9	-371
-3	176	3	-811
-1	661	-9	-911
8	-171	-13	-759
-5	-238	13	-361
-3	-53	-3	201
-6	-4615	9	787
-12	-3955	9	1059
-6	6375	7	885
-3	-248	-15	309
-7	1534	13	-371
11	163	11	-811
-13	657	1	-913
3	-174	-9	-777
-7	-246	9	-363
-8	-76	-9	193
-11	-4649	-9	789
-7	-3975	-1	1061
-15	6421	-9	882
-1	-230	-13	317
-9	1540	19	-377
-1	197	-1	-809
5	683	-15	-924
-13	-194	-9	-779
3	-249	15	-371
5	-60	5	193
0	-4644	-3	791
-7	-3979	6	1070
-1	6406	-5	895
1	-237	-9	311
-8	1542	23	-387
3	197	-1	-821
-7	659	-5	-923
-10	-184	3	-769
-7	-251	9	-365
6	-68	-6	207
-15	-4765	2	796
-9	-4115	-3	1073
-10	6571	-3	891
-8	-266	-1	318
-18	1579	11	-393
7	171	-11	-825
-9	701	-3	-933
-7	-195	4	-793
-5	-262	-5	-393
-5	-55	-9	205
-2	-4707	7	809
-7	-4035	-3	1097
2	6515	-3	913
-11	-248	-1	319
-1	1573	7	-399
4	199	15	-851
-7	681	-9	-941
-9	-171	7	-781
-7	-262	13	-373
-8	-77	-9	217
-2	-4811	3	801
-15	-4083	-3	1083
-5	6614	-1	884
10	-251	3	325
-7	1591	10	-385
-3	203	22	-837
-11	708	-9	-943
3	-201	13	-797
-4	-269	1	-389
-3	-71	-5	209
-11	-4833	-3	817
-15	-4141	6	1109
1	6656	7	915
-11	-243	-9	331
-16	1625	-1	-401
-7	199	-5	-851
-4	689	-7	-963
-7	-222	-11	-791
-13	-251	-3	-377
4	-65	-15	211
-5	-4829	1	811
-5	-4161	-4	1119
-11	6693	-5	922
-3	-269	9	319
-19	1619	17	-395
5	189	7	-857
-2	709	-25	-977
3	-215	-3	-815
-21	-259	15	-399
-1	-55	4	213
-11	-4789	-13	819
-11	-4091	1	1125
-6	6603	-3	931
3	-259	-15	327
-3	1600	5	-399
-11	202	-3	-857
-9	697	-15	-965
-13	-202	-7	-807
-15	-249	-1	-381
-12	-75	-7	211
0	-4719	-1	819
-3	-4023	7	1105
-9	6482	7	916
-1	-255	-6	313
-11	1562	3	-393
-11	199	1	-853
-11	693	-7	-954
-8	-204	1	-780
-15	-263	5	-367
-3	-68	-7	203
0	-4667	5	809
-11	-4011	-5	1079
-3	6444	-8	897
-5	-237	-1	321
-8	1568	11	-375
1	191	-5	-820
-4	697	-3	-933
-1	-195	3	-793
-12	-259	5	-383
-1	-58	-23	211
-13	-4515	-9	805
3	-3889	-17	1077
-12	6231	-1	890
3	-247	-1	320
-7	1511	7	-371
3	179	12	-825
-5	669	-9	-925
4	-176	-13	-754
-13	-262	15	-343
-1	-58	-19	197
-9	-4531	-3	786
-3	-3889	5	1019
-13	6267	-13	857
3	-247	10	315
-16	1499	17	-359
4	187	11	-798
1	659	-5	-901
-13	-169	-13	-765
-12	-259	11	-357
3	-59	-1	195
-11	-4525	-3	783
-14	-3869	-13	1045
-12	6245	5	876
-1	-222	-9	301
-11	1501	10	-367
13	204	-11	-799
-8	654	-9	-901
-3	-174	-4	-755
-8	-251	19	-355
12	-35	-3	193
0	-4515	-1	775
10	-3884	7	1027
3	6241	-3	855
-5	-220	1	311
0	1503	27	-365
9	187	6	-797
-3	663	-1	-899
-9	-181	7	-767
-7	-261	17	-359
6	-49	1	185
-11	-4503	0	779
-15	-3922	-6	1042
-13	6235	-1	863
-9	-235	-5	301
0	1499	1	-371
-9	186	-1	-803
-17	645	-7	-889
1	-173	-13	-746
-11	-263	5	-373
-5	-53	-4	197
-17	-4559	-15	769
-8	-3927	1	1041
5	6311	3	865
-14	-243	3	313
7	1511	5	-373
6	193	9	-803
-1	653	3	-911
11	-163	17	-753
0	-270	27	-375
3	-60	5	201
-5	-4597	1	769
3	-3943	18	1047
-3	6361	-3	866
1	-237	1	318
-17	1517	5	-373
5	204	-4	-807
-2	664	-5	-912
-1	-185	-1	-772
-16	-261	9	-377
-3	-55	1	199
-15	-4562	-11	787
-11	-3939	-7	1076
-15	6311	-15	881
-9	-227	-5	309
-12	1505	-1	-371
-11	189	-1	-802
-18	659	-17	-913
-7	-193	-1	-763
0	-253	5	-369
-3	-53	-7	205
-1	-4614	-7	779
-3	-4007	-3	1047
2	6391	9	871
-1	-240	1	311
-1	1535	15	-375
5	203	14	-799
-10	685	7	-919
8	-191	13	-773
-3	-270	19	-369
-1	-49	1	203
-1	-4599	-1	794
-7	-3957	11	1069
-3	6371	3	877
5	-265	-7	323
-9	1521	-9	-389
-9	192	4	-811
-3	663	-9	-929
-17	-181	-7	-765
-12	-263	-3	-371
-11	-69	-7	191
-15	-4577	-9	793
-18	-3945	-9	1069
-5	6309	-11	892
-5	-235	-13	320
-9	1505	1	-375
-1	199	-1	-803
-11	679	-13	-919
1	-171	15	-762
-1	-259	5	-369
3	-49	-9	201
-3	-4568	-7	785
4	-3947	8	1059
5	6311	-3	883
-1	-225	9	313
8	1533	23	-379
-1	175	17	-809
4	675	5	-911
-10	-189	16	-763
-5	-257	9	-363
-1	-69	1	206
-19	-4594	10	773
-15	-4010	-9	1054
-11	6377	-1	868
-17	-237	-6	301
-13	1529	1	-363
-7	197	7	-807
2	665	-15	-905
-9	-197	-4	-771
-9	-260	13	-371
-5	-43	1	183
-11	-4555	3	788
-11	-3948	1	1059
10	6327	3	883
-3	-235	-7	325
-9	1509	15	-379
-3	181	1	-813
-11	653	3	-915
-5	-177	-1	-761
-5	-262	21	-371
-1	-61	-6	185
-4	-4595	9	781
-5	-3989	14	1039
-13	6375	11	872
-7	-212	-15	307
-1	1525	23	-373
-1	197	4	-799
-6	670	-11	-919
-9	-184	-5	-773
-8	-265	9	-359
-12	-45	-9	185
-7	-4664	-3	787
-13	-4065	-5	1062
-9	6445	3	889
-9	-220	-17	303
-10	1549	7	-371
-11	191	-12	-821
-4	663	-15	-919
-14	-179	-3	-779
-11	-263	11	-371
8	-50	-1	189
-13	-4593	3	797
1	-4009	-9	1078
2	6367	11	890
-1	-228	4	321
-8	1527	5	-387
-5	192	5	-815
1	665	-5	-925
6	-184	11	-768
-13	-273	13	-361
-3	-39	-11	199
11	-4597	7	783
-13	-3977	4	1055
-3	6343	1	879
-7	-245	-3	313
-3	1505	5	-371
10	211	1	-809
-13	661	-7	-915
1	-166	9	-771
-3	-263	7	-377
7	-55	1	193
-11	-4617	-5	785
-1	-4005	10	1051
-1	6365	7	878
-7	-223	-1	303
-9	1513	9	-379
-1	217	9	-813
-9	674	-1	-918
10	-179	1	-779
-1	-265	17	-373
7	-55	-1	191
-9	-4644	3	783
-3	-4035	-4	1067
-1	6429	0	875
-1	-207	-17	309
-9	1542	11	-391
-14	204	9	-823
-6	675	-11	-937
1	-186	-5	-777
-17	-279	5	-377
1	-35	-11	206
-5	-4614	-5	794
-3	-4064	-4	1072
0	6405	-7	895
-16	-245	-3	319
-4	1527	3	-387
1	199	18	-815
-2	651	-17	-933
-5	-186	6	-762
-5	-270	10	-375
-3	-53	-3	199
-5	-4663	7	790
-1	-4069	1	1069
-4	6461	-9	891
3	-240	-7	319
9	1531	5	-383
-3	207	-1	-810
-1	673	2	-927
-5	-181	-3	-773
-3	-271	-1	-385
-1	-60	4	205
0	-4705	-7	785
-7	-4113	-3	1077
2	6510	-3	896
1	-243	-11	331
-9	1535	-3	-393
3	215	15	-823
-10	677	-5	-939
-1	-181	5	-789
-7	-261	9	-383
-7	-45	-13	199
-3	-4650	-3	791
-1	-4051	-8	1095
-7	6435	-13	899
1	-222	1	329
5	1533	-1	-389
3	197	3	-832
-13	681	-11	-943
3	-183	3	-783
-9	-267	7	-377
-3	-63	-4	201
-3	-4633	-2	800
3	-4066	3	1074
-11	6430	7	883
-12	-248	-9	320
-1	1533	1	-371
-1	209	-1	-819
-12	665	-3	-937
6	-187	4	-774
-11	-270	18	-383
-3	-43	7	197
-5	-4609	-3	786
-9	-3999	5	1065
-9	6393	5	883
-14	-228	-9	327
-7	1517	9	-375
8	225	5	-814
-7	649	-15	-921
-5	-171	-1	-791
-20	-260	17	-367
-9	-65	-14	195
-1	-4667	1	787
-3	-4091	14	1063
3	6485	1	876
8	-211	1	318
-7	1543	0	-381
-5	211	1	-825
-9	672	-5	-919
1	-183	-7	-784
-6	-263	1	-391
3	-53	3	195
-13	-4682	-3	801
-1	-4113	-3	1081
-9	6497	0	899
-3	-220	-4	319
-15	1569	7	-377
5	212	-9	-839
1	665	-7	-937
3	-186	-3	-795
-7	-269	7	-379
15	-40	4	211
-1	-4725	-3	803
9	-4208	6	1074
-11	6569	-5	899
-1	-238	-14	319
-1	1577	1	-377
17	207	12	-839
-9	679	5	-943
4	-189	-3	-797
-9	-270	0	-391
-5	-19	-7	197
-13	-4665	-7	816
-9	-4101	-4	1101
1	6469	-9	921
-3	-243	-1	325
0	1541	5	-389
3	235	1	-847
-9	665	-9	-941
-5	-177	-9	-791
-4	-275	7	-367
-1	-49	-9	209
4	-4665	-3	795
-3	-4087	-13	1075
-3	6469	5	888
10	-259	4	313
-9	1531	0	-367
-3	247	-1	-823
-6	677	-1	-930
-1	-199	1	-782
-3	-281	11	-377
7	-42	-13	201
10	-4667	5	801
3	-4113	1	1081
-9	6497	-5	909
-1	-243	-15	315
-7	1554	5	-385
-5	261	9	-824
4	679	-7	-935
3	-199	7	-787
5	-291	15	-381
4	-47	-17	201
-15	-4637	7	809
-9	-4099	5	1082
-7	6444	-9	908
1	-276	-1	336
0	1555	9	-369
5	271	-5	-831
-3	665	-7	-935
-9	-185	4	-792
1	-309	10	-369
1	-47	7	195
6	-4719	-3	790
-5	-4153	9	1069
0	6585	-7	901
5	-266	-9	333
-5	1575	7	-357
3	279	15	-807
-11	681	2	-945
-11	-189	17	-795
-6	-283	21	-387
-1	-63	6	189
-15	-4741	-9	797
-1	-4174	5	1095
-2	6606	7	922
-3	-279	6	351
-3	1585	8	-377
-7	271	3	-839
-12	677	-7	-962
-11	-205	-6	-813
-15	-297	-1	-395
-1	-63	5	203
-1	-4777	-9	805
8	-4211	-7	1105
-9	6664	-5	927
-9	-271	-19	355
-1	1603	11	-373
-12	269	-6	-829
0	691	-5	-957
-1	-213	1	-821
7	-320	9	-403
6	-47	1	194
-9	-4743	3	810
-3	-4209	9	1119
-9	6627	5	923
1	-313	-6	355
1	1613	15	-377
-3	284	7	-837
0	685	-9	-969
13	-202	11	-813
-7	-315	0	-401
-5	-55	-19	195
0	-4796	-11	802
-17	-4220	5	1103
-4	6693	-3	917
-3	-315	10	373
-5	1604	1	-361
10	294	9	-835
1	689	-13	-979
-1	-210	-7	-827
-11	-298	9	-409
1	-55	-24	191
-15	-4811	-3	815
-1	-4233	-5	1107
-7	6701	-3	934
-11	-297	-5	357
-5	1619	9	-367
-3	311	-3	-843
-6	703	-9	-970
-7	-221	6	-826
-3	-317	3	-401
5	-66	-11	183
-7	-4795	1	807
6	-4223	8	1106
-5	6681	2	927
-3	-300	-14	363
-12	1623	15	-353
-1	307	-9	-838
-19	703	-15	-973
-10	-215	7	-823
-13	-325	7	-409
-7	-53	-15	196
1	-4793	-13	825
-7	-4227	-9	1127
0	6681	5	949
10	-339	9	365
-1	1629	1	-365
3	323	10	-827
-9	693	-5	-973
13	-215	3	-831
-9	-337	15	-413
1	-53	-7	183
-2	-4804	1	799
-5	-4205	-6	1115
0	6683	1	939
12	-320	-1	369
-10	1621	9	-359
4	319	13	-827
-5	697	-8	-977
3	-223	9	-837
-3	-323	1	-416
3	-78	3	179
-8	-4797	-11	815
-14	-4195	-5	1113
-11	6681	5	950
1	-321	-11	365
-11	1625	-5	-369
-3	343	-4	-831
-1	712	-5	-967
-13	-217	3	-833
-8	-321	9	-419
1	-73	-7	169
7	-4759	1	817
-5	-4190	-1	1123
1	6660	3	941
5	-320	-3	371
-7	1633	9	-365
1	330	12	-837
-13	703	-7	-961
-1	-220	3	-819
5	-321	15	-423
6	-58	13	185
-7	-4774	-5	811
-11	-4217	17	1117
2	6673	-3	946
-7	-337	-1	378
-4	1625	11	-345
-7	320	-3	-831
-2	701	5	-967
-3	-211	11	-833
-1	-328	11	-415
-9	-51	-7	173
-11	-4752	-1	804
-13	-4163	-7	1111
-3	6629	1	935
-7	-327	-7	371
0	1611	11	-353
1	343	8	-816
-11	691	-13	-959
3	-210	9	-829
3	-335	15	-419
8	-73	-7	167
0	-4817	-5	791
5	-4207	-1	1095
2	6717	-7	936
-5	-307	15	369
-3	1631	10	-343
-3	343	1	-823
-10	701	-21	-976
-7	-233	9	-837
-8	-333	9	-427
3	-76	-17	171
-9	-4799	-3	805
-9	-4228	-6	1115
-11	6696	8	957
-9	-297	-7	381
-14	1637	7	-363
1	336	13	-829
0	685	-17	-977
-3	-213	3	-837
-5	-328	9	-421
10	-53	-1	172
-1	-4820	-2	806
-3	-4282	-5	1112
-6	6753	-5	952
-1	-319	-13	368
-4	1643	31	-357
3	330	-9	-831
-5	709	-9	-969
-1	-225	-1	-841
-13	-325	23	-427
3	-58	1	167
6	-4853	1	810
3	-4275	-6	1125
-11	6793	7	967
-5	-327	-3	371
-14	1651	5	-357
1	346	3	-833
-11	695	-5	-979
-5	-219	1	-857
-9	-315	13	-413
-7	-65	1	177
-3	-4873	3	825
-7	-4291	5	1129
-9	6793	1	960
4	-329	-13	373
-5	1647	15	-359
-3	349	1	-847
-3	709	-1	-981
-7	-231	-6	-845
-13	-333	11	-423
3	-75	10	183
-5	-4917	3	817
-5	-4329	-1	1126
-11	6875	-3	967
1	-333	-7	373
1	1689	3	-355
-11	333	19	-847
-6	715	-9	-987
-12	-229	-5	-847
5	-327	15	-437
6	-47	-1	180
-9	-4830	-5	833
3	-4263	-1	1137
-8	6751	-1	982
-1	-361	-9	374
-1	1651	17	-365
-1	351	-5	-857
-15	703	-13	-999
1	-217	6	-837
-7	-330	11	-415
-1	-53	-4	171
15	-4827	-9	808
-1	-4219	11	1117
-7	6743	-17	949
-5	-377	-3	379
-2	1647	7	-357
4	369	-1	-833
-5	709	-16	-979
-5	-219	15	-849
-11	-347	15	-409
7	-43	-7	175
4	-4713	-7	823
-3	-4105	-1	1113
7	6589	-3	952
-3	-371	6	383
1	1626	1	-353
1	379	-1	-833
-10	694	-5	-975
-8	-238	-1	-827
-3	-341	13	-411
3	-55	10	185
-1	-4773	-3	785
3	-4197	3	1090
-9	6667	11	933
-3	-346	-11	367
-2	1649	3	-337
3	374	-4	-818
-5	709	-17	-967
-5	-221	10	-829
7	-342	3	-437
4	-42	4	164
-1	-4673	0	800
-3	-4133	7	1115
3	6550	-5	953
-1	-373	-1	390
-2	1627	13	-349
-5	379	7	-815
-3	687	-1	-963
6	-222	7	-819
-7	-357	9	-411
-3	-60	-1	167
-4	-4723	-5	772
-5	-4147	-5	1089
-3	6609	-11	925
-10	-363	-5	375
-10	1620	11	-331
-1	377	-9	-808
-5	693	-5	-953
5	-217	-3	-835
-14	-337	13	-438
-3	-83	9	167
-4	-4787	-3	777
-3	-4228	12	1099
1	6699	-3	948
4	-379	-9	385
9	1646	3	-329
-9	391	4	-807
-1	709	-9	-970
-1	-239	1	-834
-12	-351	5	-447
7	-77	-17	167
-1	-4771	5	799
-3	-4219	-4	1111
1	6670	-5	969
-9	-351	-1	404
-14	1645	7	-347
-1	401	4	-819
-4	697	-9	-975
-5	-233	-3	-847
-14	-352	5	-431
-5	-73	-4	167
1	-4765	-7	784
-5	-4215	17	1106
-10	6671	-3	949
-3	-397	-1	386
-3	1665	9	-333
-3	383	7	-823
-9	695	-9	-969
-3	-251	-6	-855
-9	-351	15	-441
1	-73	-1	155
4	-4797	-5	800
-5	-4218	-5	1109
0	6717	9	957
5	-375	-1	391
-9	1657	7	-337
6	403	-6	-821
1	697	-11	-969
-5	-241	3	-855
-7	-343	5	-449
-3	-85	-13	137
-7	-4893	1	803
-5	-4305	7	1109
-9	6825	7	968
8	-361	-19	395
-3	1664	5	-332
-3	385	-3	-837
-11	710	-9	-982
-5	-267	-1	-859
-10	-353	15	-451
7	-76	-1	165
11	-4817	-3	807
-1	-4254	11	1126
-9	6739	7	975
-5	-374	6	401
-6	1665	17	-349
3	369	12	-839
-11	705	-11	-989
7	-259	-13	-855
-12	-354	13	-441
-1	-87	-21	157
-1	-4837	-3	804
-13	-4305	-13	1123
-2	6757	-9	949
3	-397	-19	384
2	1675	11	-333
-1	389	5	-827
-5	701	-9	-991
-1	-227	1	-861
-17	-355	5	-435
-11	-69	-17	147
-6	-4855	-9	810
-1	-4256	12	1117
-11	6809	1	973
3	-387	-11	391
-3	1666	17	-335
4	400	4	-839
-7	703	0	-991
-5	-233	9	-865
-10	-359	-1	-435
3	-83	6	163
-2	-4741	-1	805
-10	-4156	14	1111
2	6616	-3	966
-5	-379	-8	397
-13	1633	9	-337
-11	405	1	-823
-6	692	-7	-976
-12	-245	9	-849
-9	-349	9	-431
5	-89	-9	163
2	-4749	-9	777
-3	-4185	-8	1083
-9	6613	-11	941
-5	-369	-7	383
-16	1637	7	-335
-5	399	-4	-807
-9	703	-11	-971
1	-243	3	-847
-13	-348	21	-445
1	-69	-5	162
5	-4743	-2	779
-9	-4210	-11	1106
-10	6625	-3	945
-1	-381	-1	405
-2	1633	15	-327
-7	401	5	-815
-13	699	-3	-975
11	-237	13	-851
-13	-365	13	-433
-7	-71	3	163
-10	-4746	-3	773
-9	-4173	19	1105
-17	6635	-11	945
-7	-377	-1	389
-5	1635	13	-333
6	399	-3	-811
-19	703	-1	-967
-7	-225	17	-853
-10	-345	9	-439
-12	-73	-15	159
-3	-4673	1	781
-10	-4111	10	1109
-5	6543	-9	946
-5	-384	-6	389
-3	1612	1	-335
-1	421	9	-805
-7	686	-9	-954
-14	-240	1	-829
-16	-349	17	-449
-3	-89	-1	159
-14	-4719	-5	769
-5	-4153	5	1093
-1	6613	-2	941
-3	-373	15	392
-6	1637	13	-325
3	395	-6	-794
-11	713	-23	-957
-5	-235	5	-837
-10	-361	1	-447
-5	-81	1	158
-7	-4762	3	782
-13	-4225	-1	1108
-6	6679	-3	950
-7	-397	1	397
-7	1651	1	-327
-3	401	-1	-797
-21	701	-11	-969
4	-247	-21	-841
-13	-341	10	-437
-9	-68	-17	155
-1	-4766	-9	802
-11	-4199	4	1107
-13	6683	-3	965
-7	-391	1	403
-12	1663	7	-325
6	421	15	-809
-15	695	-17	-983
-1	-248	-3	-849
-4	-345	11	-447
5	-91	-7	137
-12	-4821	-5	791
-3	-4256	-9	1091
3	6761	5	962
1	-391	1	389
-15	1671	3	-328
1	413	5	-821
-6	713	-5	-972
-23	-264	1	-859
-11	-355	1	-451
-1	-81	-5	145
-5	-4803	-5	797
4	-4262	-9	1113
-13	6735	7	975
3	-371	9	394
-9	1683	7	-339
-5	395	-1	-827
-5	713	-11	-983
1	-257	3	-861
2	-341	17	-443
1	-85	-13	155
-3	-4829	-13	785
-7	-4316	-7	1112
-11	6793	5	974
-5	-393	-14	405
-3	1683	-1	-337
3	405	10	-825
-15	707	-5	-985
13	-243	-5	-873
-3	-341	2	-445
1	-73	-17	145
0	-4792	-7	818
-7	-4197	-17	1131
-1	6695	1	983
-3	-395	-9	399
7	1653	9	-335
-15	426	-1	-827
-17	703	-18	-983
-1	-247	1	-853
-4	-335	15	-443
1	-78	-19	156
1	-4761	3	785
-7	-4189	-1	1101
7	6677	-3	962
11	-366	-11	395
-11	1657	23	-334
-1	421	3	-819
-9	702	-13	-959
-11	-258	9	-853
-3	-355	15	-435
-3	-83	-7	153
3	-4681	-3	795
4	-4118	11	1105
-7	6551	-3	967
-13	-364	-9	400
1	1633	17	-325
-1	408	1	-806
-3	709	-15	-965
-1	-243	5	-833
-10	-349	11	-437
3	-81	-13	154
9	-4657	18	776
-15	-4141	5	1082
-11	6530	5	944
-1	-395	7	384
-7	1619	3	-315
3	411	-9	-799
-14	687	-5	-953
13	-243	3	-837
-5	-355	7	-435
-9	-71	-1	145
-9	-4617	-7	778
-3	-4035	1	1093
-5	6423	-5	933
-7	-387	7	389
-9	1594	13	-323
4	409	15	-786
-9	681	-8	-949
-3	-231	17	-823
1	-359	1	-431
3	-68	-1	154
-13	-4467	-1	753
-1	-3901	16	1073
5	6253	-1	920
1	-349	-8	383
-1	1540	-3	-313
-9	426	9	-767
-5	659	-5	-922
3	-229	1	-805
-6	-355	1	-433
-1	-71	10	137
-1	-4508	-3	727
3	-3974	5	1035
-9	6321	-3	889
-1	-361	-13	395
-7	1571	7	-309
-1	409	9	-750
-5	669	-7	-923
-7	-229	3	-807
7	-345	5	-429
-1	-79	3	147
-1	-4492	7	738
-5	-4012	5	1066
-1	6305	7	910
-8	-373	-17	381
-10	1561	-3	-311
-5	411	3	-773
-5	661	-19	-925
-3	-247	8	-809
-1	-341	3	-413
-1	-77	1	133
3	-4541	-7	732
-5	-4021	1	1047
-1	6395	-11	909
-5	-379	-11	387
-5	1585	5	-309
-3	399	9	-765
-5	677	7	-925
-1	-243	-9	-813
2	-345	15	-435
-1	-84	-14	132
-3	-4525	-3	747
-3	-3999	16	1065
-10	6335	-9	924
4	-367	-13	387
-9	1563	13	-315
-1	405	5	-761
-10	665	-9	-930
-8	-246	-1	-805
-6	-337	11	-431
-7	-91	-5	137
2	-4592	-11	741
11	-4076	-11	1043
-7	6444	2	913
-1	-373	-12	392
-6	1597	-3	-303
-9	399	1	-771
-4	679	-15	-941
-5	-257	3	-827
-11	-350	11	-437
-3	-73	9	140
1	-4600	-3	753
-7	-4110	-9	1063
-14	6465	-1	933
-1	-387	-6	378
-7	1619	9	-315
-7	405	16	-799
3	679	-11	-937
-1	-255	-9	-825
-9	-334	7	-425
-1	-77	-9	141
-3	-4627	-5	756
-11	-4107	1	1065
-9	6511	-7	933
-1	-385	-7	389
1	1607	-5	-307
-1	397	3	-787
-1	677	-17	-933
-5	-249	-1	-831
-8	-339	15	-438
-5	-78	-19	133
-6	-4629	11	769
-5	-4099	-15	1077
7	6474	-5	938
-7	-375	4	381
-3	1595	9	-305
-5	429	-4	-795
-13	684	-5	-937
-5	-256	-6	-835
-4	-355	19	-433
-5	-85	12	143
3	-4618	11	765
6	-4099	15	1074
-15	6477	0	943
1	-366	-12	392
-4	1609	15	-301
-1	421	4	-792
-1	683	1	-943
3	-255	-7	-829
5	-356	5	-431
1	-84	-5	152
-11	-4645	-3	772
-1	-4141	1	1065
-5	6508	3	951
-5	-387	-9	397
6	1603	9	-301
7	413	-5	-789
-1	683	-9	-937
-3	-257	4	-825
-5	-347	13	-431
-5	-71	-13	143
-4	-4613	-1	774
-9	-4043	-5	1077
-3	6445	-1	947
-10	-395	-11	397
-13	1594	7	-315
-1	415	3	-792
-17	679	-16	-943
1	-235	-4	-819
-17	-345	5	-437
-1	-77	-9	141
-15	-4623	1	757
-5	-4077	-3	1069
1	6455	-3	926
6	-381	4	399
1	1604	18	-302
3	437	-1	-773
0	685	-5	-927
9	-240	7	-826
3	-341	9	-447
3	-67	16	143
-9	-4606	7	769
-3	-4069	-4	1072
-5	6462	13	937
3	-367	-3	393
-6	1613	5	-313
3	401	1	-780
-11	681	-7	-951
-1	-243	12	-827
-17	-345	15	-439
-3	-65	-5	150
-3	-4639	-5	743
-15	-4127	-9	1074
-20	6484	-1	927
-11	-393	-13	401
-15	1607	3	-307
-20	419	-15	-795
-12	681	-23	-955
-17	-249	4	-839
-9	-355	-5	-441
-7	-71	-17	161
-9	-4695	-13	761
-8	-4118	7	1087
12	6561	-7	943
5	-395	7	407
-3	1627	11	-333
11	426	13	-784
9	705	-7	-959
15	-245	9	-831
1	-329	23	-444
9	-78	19	137
8	-4739	9	761
1	-4159	7	1095
3	6631	17	954
6	-379	21	413
1	1645	0	-324
-5	427	27	-791
-17	702	-5	-959
-3	-255	-1	-841
-12	-345	3	-449
-10	-97	10	137
-19	-4839	-9	761
-19	-4271	5	1108
-25	6767	-3	951
-13	-407	-19	401
-17	1693	-3	-329
-17	410	-19	-815
-20	711	-19	-967
-16	-282	-13	-855
-13	-342	1	-459
-3	-83	-19	145
-21	-4733	-13	788
-1	-4164	-6	1121
-10	6621	-1	987
-3	-426	5	403
5	1673	11	-319
12	433	16	-823
3	717	11	-979
13	-249	15	-855
9	-327	18	-441
3	-83	24	151
15	-4731	9	773
-9	-4127	17	1091
-11	6645	13	949
-12	-418	16	403
3	1650	9	-313
-3	415	-13	-816
-23	701	-5	-961
-9	-267	-1	-859
-9	-347	-1	-462
-15	-86	-6	141
-8	-4677	-9	781
-21	-4053	-21	1099
-12	6506	-7	958
1	-411	-15	395
-17	1640	3	-319
-11	436	-11	-801
-11	691	-13	-964
-11	-274	-9	-836
-1	-337	19	-427
1	-76	-13	133
-2	-4671	-3	773
1	-4107	-3	1066
1	6567	10	947
1	-397	9	392
6	1659	23	-297
11	427	9	-789
4	703	5	-959
5	-275	-1	-853
-2	-353	27	-451
6	-71	3	147
-9	-4591	10	776
-7	-4048	1	1082
-7	6429	5	957
-14	-428	-17	387
-8	1623	3	-307
-7	419	1	-803
-16	687	-7	-953
-7	-275	-5	-831
-23	-357	9	-421
-11	-86	-17	131
-14	-4615	-11	764
-14	-4003	-17	1061
-19	6443	-9	939
-5	-405	-21	397
-1	1615	5	-293
-1	421	-7	-781
-9	689	-2	-939
-1	-258	4	-833
-10	-353	7	-447
13	-87	1	138
-3	-4557	1	757
20	-3963	10	1061
17	6365	13	938
1	-389	9	393
19	1604	8	-293
11	415	17	-777
-4	683	3	-933
-3	-257	7	-830
3	-349	11	-437
-3	-76	5	139
-1	-4536	-1	747
-1	-3939	5	1047
1	6311	-9	929
-1	-392	-14	385
-11	1583	5	-299
3	417	-12	-773
-4	677	-15	-929
14	-269	-9	-823
-7	-343	5	-423
4	-81	-3	149
-7	-4563	-7	740
-1	-3989	1	1060
-6	6373	7	920
-7	-413	-1	390
-1	1605	13	-301
7	415	18	-769
-9	683	1	-929
-3	-248	1	-821
7	-345	7	-435
-1	-63	-1	139
1	-4535	-5	731
3	-3901	-5	1073
-2	6307	3	931
-5	-410	7	395
-9	1585	21	-307
6	433	13	-780
-5	675	-11	-933
-5	-263	6	-813
-11	-345	11	-429
3	-86	1	138
-4	-4461	-3	725
-7	-3833	7	1061
-5	6233	-3	902
1	-402	-6	391
-9	1558	1	-291
1	421	11	-755
-8	677	-7	-917
3	-266	-11	-805
-8	-339	7	-443
10	-99	10	135
5	-4519	-11	723
3	-3917	4	1037
-1	6305	7	911
-3	-377	-1	390
0	1599	11	-289
7	405	12	-754
-8	679	-9	-927
-3	-253	14	-807
-9	-338	11	-431
4	-97	-5	132
-3	-4562	-8	738
-9	-3993	5	1042
-8	6381	3	919
-3	-420	-7	395
0	1613	-9	-307
1	377	3	-767
-10	685	-19	-915
-3	-258	3	-823
-9	-329	15	-441
5	-79	-1	123
5	-4513	-3	737
-7	-3889	19	1061
-5	6301	5	923
-9	-408	1	387
-7	1584	13	-303
3	401	9	-778
-11	677	-5	-925
-3	-259	1	-809
-11	-331	17	-424
1	-91	5	126
-9	-4553	-3	729
-1	-3927	1	1043
-1	6359	7	908
3	-425	-9	379
-11	1599	15	-294
-1	413	-7	-751
-7	677	-5	-925
-5	-287	-12	-823
-10	-335	9	-439
1	-102	-17	127
-3	-4602	-3	747
-5	-3997	4	1045
-3	6431	5	917
-13	-409	-4	377
-13	1629	11	-289
-5	408	-4	-776
1	693	-1	-933
-10	-287	24	-831
-7	-334	7	-443
4	-86	-1	141
-11	-4559	10	751
5	-3994	-1	1055
8	6365	17	940
-11	-423	-7	391
-5	1609	9	-303
-5	407	-11	-791
-9	681	-3	-939
10	-277	4	-823
-5	-341	13	-429
1	-97	-9	120
-17	-4565	-9	743
1	-3945	6	1045
-11	6367	7	911
-11	-415	-13	383
-16	1606	3	-297
-5	402	-8	-782
-11	683	-5	-929
-3	-285	6	-819
-10	-333	9	-436
1	-81	-9	121
-3	-4561	1	745
-3	-3938	-5	1045
-7	6359	-7	922
3	-420	-9	389
-15	1601	21	-302
-5	410	-6	-795
-16	688	-5	-922
-5	-275	1	-824
14	-337	15	-427
3	-85	-5	135
5	-4573	-3	741
4	-3951	17	1049
3	6389	2	913
-13	-395	-12	376
7	1605	11	-301
-7	393	6	-771
-10	685	1	-937
-3	-276	3	-835
-11	-347	13	-433
-1	-81	-11	137
-15	-4538	-11	747
-7	-3939	13	1058
3	6317	3	928
-5	-415	-17	393
-12	1597	9	-297
-10	411	-11	-777
-10	679	-5	-929
-5	-276	-11	-819
-5	-345	10	-435
-3	-89	-1	131
-3	-4595	-9	733
-8	-3963	6	1042
0	6407	3	911
3	-403	-13	397
-15	1613	3	-287
4	413	3	-777
-5	691	-8	-939
-5	-281	-1	-823
-14	-333	7	-437
-5	-93	-9	140
-12	-4635	-1	749
-3	-4015	-1	1051
-9	6478	-7	928
10	-408	11	389
-1	1623	11	-313
11	415	-4	-773
-5	699	-9	-951
-8	-287	4	-821
-13	-341	13	-443
5	-87	-13	137
3	-4607	1	757
6	-3977	-1	1071
-1	6430	-5	943
-9	-405	-1	398
-7	1635	15	-305
-14	407	5	-775
-14	701	-9	-945
-5	-289	7	-823
-7	-352	-5	-435
-5	-75	1	138
-11	-4596	1	758
-3	-3979	-3	1061
1	6413	-3	930
-10	-423	-5	391
-1	1639	1	-309
3	419	7	-779
-10	697	-11	-937
8	-277	21	-823
-5	-351	2	-425
-5	-77	-5	143
-7	-4545	-5	756
1	-3899	6	1073
2	6331	-7	933
1	-427	7	399
-5	1601	3	-305
1	407	-4	-764
-7	685	-1	-945
-3	-276	4	-813
-14	-345	7	-421
3	-95	-7	142
-7	-4513	-1	747
1	-3873	7	1051
5	6283	9	914
-1	-423	-1	397
-7	1585	11	-293
-1	419	-4	-755
-8	687	-15	-922
-17	-287	9	-808
-11	-339	1	-435
-7	-91	-11	135
-11	-4507	-15	737
-3	-3883	9	1051
-1	6265	-3	907
-5	-415	-5	393
-6	1593	11	-293
3	419	14	-763
0	695	-7	-919
-3	-273	1	-811
-11	-345	9	-433
8	-103	-1	144
-3	-4561	3	741
-9	-3975	5	1054
2	6375	-3	928
-1	-443	-7	381
-5	1625	9	-297
-7	401	-3	-771
-13	699	-9	-931
-1	-287	-1	-821
-15	-341	9	-435
-7	-87	-6	139
4	-4549	-1	746
-9	-3894	3	1061
-11	6333	-1	927
-5	-438	-9	397
-5	1624	5	-309
-5	405	4	-789
-9	687	-3	-931
-3	-271	9	-827
-3	-331	11	-430
-8	-97	-12	135
-9	-4593	-1	745
-1	-3956	-1	1051
-7	6415	-15	926
-7	-413	-17	379
-15	1621	21	-291
3	413	1	-781
-12	705	-21	-938
-3	-293	-1	-818
-1	-339	13	-441
-1	-94	5	133
3	-4586	1	755
-1	-3927	-3	1075
-7	6390	3	937
3	-431	-19	390
-10	1635	15	-297
7	413	9	-785
-9	709	1	-931
-1	-299	3	-841
-3	-332	1	-431
6	-79	-19	138
-1	-4510	-5	747
-1	-3895	-5	1066
-1	6293	5	928
-5	-441	-14	401
2	1603	3	-295
-3	403	-7	-779
-7	691	-13	-937
1	-285	-11	-825
-11	-337	9	-425
-3	-86	-7	127
-11	-4575	-1	739
-1	-3889	-1	1041
-12	6341	-3	913
5	-443	1	395
3	1601	13	-291
4	395	-7	-763
-7	693	2	-917
-5	-283	-1	-815
-7	-335	15	-440
9	-84	-12	133
-2	-4569	1	749
5	-3911	5	1065
-3	6359	3	922
1	-433	-1	387
1	1617	7	-310
-3	410	-1	-779
-11	691	-1	-933
1	-292	-1	-816
-19	-343	13	-441
1	-93	-9	143
2	-4620	-1	749
3	-3948	3	1051
-5	6419	11	921
-1	-427	-4	387
-10	1629	9	-295
-1	400	3	-773
-12	695	-3	-941
-12	-291	7	-831
-21	-337	11	-445
1	-89	5	141
-11	-4571	3	756
9	-3917	7	1071
-3	6355	5	931
-1	-429	-7	387
-15	1617	1	-309
-7	395	-3	-785
-9	691	-11	-947
11	-279	8	-817
-15	-328	15	-429
3	-99	-3	133
-7	-4643	-13	738
-5	-3939	5	1063
0	6443	1	921
-3	-445	-9	383
-7	1626	11	-307
8	381	3	-777
-9	707	0	-945
1	-292	-9	-837
-4	-331	3	-429
5	-96	11	133
9	-4615	-9	761
7	-3923	3	1079
-1	6439	-1	934
4	-421	-15	393
1	1628	15	-319
-1	403	15	-781
-2	710	-15	-947
-8	-289	11	-824
-2	-341	7	-435
7	-102	-5	143
-7	-4656	3	743
-13	-3953	18	1067
1	6465	-13	931
-9	-433	-9	387
2	1655	11	-311
-5	387	6	-787
-10	713	-7	-951
-3	-291	7	-831
-13	-339	13	-451
-5	-99	8	141
-13	-4663	-13	761
-5	-3983	7	1081
-14	6473	-1	924
-3	-451	-7	393
-3	1651	-7	-329
1	381	-3	-795
-9	717	-11	-953
8	-305	-3	-825
-5	-328	2	-437
5	-99	-5	143
-6	-4693	-1	761
9	-3971	3	1075
-7	6519	-3	937
-5	-459	5	383
-13	1665	5	-317
8	395	21	-795
-11	717	-15	-955
5	-301	1	-843
-4	-335	15	-446
-12	-102	-9	140
-3	-4707	-15	761
-7	-3966	-9	1085
-10	6513	-7	938
-1	-456	-17	379
1	1655	-7	-307
1	413	-13	-801
-7	719	-9	-953
-3	-297	9	-847
-2	-337	5	-439
-3	-96	-9	159
-10	-4650	-3	775
6	-3940	9	1086
1	6457	-15	951
-7	-455	-15	401
-12	1657	21	-301
-1	381	12	-797
-21	715	-13	-955
-12	-289	-7	-827
-17	-325	7	-421
6	-109	-9	147
-13	-4647	2	766
-7	-3959	-9	1063
-7	6470	7	936
-1	-453	-17	387
-13	1655	15	-305
-10	397	7	-799
-2	722	-11	-951
-11	-285	-6	-837
-11	-337	18	-433
-1	-89	-4	137
-5	-4613	7	763
-5	-3889	6	1069
0	6397	3	943
5	-454	16	399
-13	1636	9	-319
4	397	3	-794
-11	711	3	-935
-7	-291	6	-837
-12	-339	7	-423
-1	-111	-11	141
1	-4653	9	769
-3	-3927	-1	1067
-3	6438	-9	926
-5	-431	1	379
-9	1641	19	-300
-3	397	1	-785
-18	718	3	-942
3	-297	9	-832
-7	-335	9	-437
1	-78	3	145
-3	-4594	3	767
-3	-3867	1	1075
-11	6355	0	941
-5	-431	1	385
-5	1633	13	-297
-3	392	3	-786
-13	703	3	-939
-7	-301	-9	-819
-1	-335	17	-421
4	-91	-15	136
-15	-4610	-5	754
-1	-3907	6	1055
0	6385	-5	929
-3	-451	1	384
-2	1637	15	-305
5	393	-1	-775
-10	707	-7	-933
-1	-287	8	-831
-5	-341	18	-435
-5	-84	-1	147
2	-4643	-1	754
-1	-3887	-1	1063
-10	6429	-7	931
-9	-438	-9	393
-3	1649	1	-321
6	377	-4	-774
-15	723	-10	-931
3	-281	-5	-835
-9	-323	7	-439
-5	-107	1	136
-3	-4621	-5	755
-1	-3891	-7	1073
-5	6401	-3	926
1	-467	13	389
-11	1639	7	-318
-3	403	9	-783
-11	714	-17	-953
-5	-301	1	-824
0	-339	9	-447
-1	-102	-13	139
-13	-4677	-9	747
6	-3961	11	1063
1	6468	-3	933
-3	-441	9	390
-10	1661	3	-319
-1	392	-1	-777
-8	719	-13	-947
-3	-300	-5	-835
-3	-346	17	-451
11	-109	1	145
-9	-4705	-8	770
-9	-3993	-1	1087
-9	6530	-7	938
-12	-461	-3	391
-12	1671	1	-321
-3	393	12	-795
-9	732	-17	-965
1	-305	7	-825
-17	-335	17	-437
-7	-93	-4	151
-4	-4792	-13	772
-1	-4030	14	1093
-4	6637	5	941
-3	-461	-13	393
7	1694	5	-321
10	391	15	-796
-1	740	-8	-973
-3	-297	5	-847
-8	-325	9	-442
-3	-104	-1	148
-4	-4755	1	781
-5	-4002	3	1115
-5	6616	-3	964
-1	-457	-1	405
-5	1693	3	-321
1	402	-9	-811
-17	739	-17	-981
-8	-305	-6	-853
-10	-329	13	-447
3	-111	-13	151
2	-4815	-7	787
-9	-4069	11	1093
-7	6692	-5	959
5	-445	6	406
-11	1713	3	-315
5	375	9	-802
-2	751	-21	-983
-3	-297	3	-853
3	-340	11	-455
-3	-113	4	148
3	-4749	-3	795
-9	-4049	-4	1121
-7	6607	-7	976
8	-463	1	403
0	1691	3	-325
-3	385	1	-821
-12	725	-11	-979
-11	-315	-15	-851
-7	-345	5	-435
-11	-97	-13	147
-5	-4747	3	794
-10	-3995	-6	1093
-7	6589	-11	953
-10	-465	-13	413
-10	1691	-3	-317
-11	400	-4	-807
-5	731	-3	-965
-1	-299	1	-863
-7	-347	11	-436
1	-84	-3	141
-4	-4769	5	797
-7	-4043	-1	1101
-1	6637	-1	960
-3	-438	-13	393
-7	1705	21	-304
-1	413	-15	-813
-11	735	-1	-965
-10	-317	9	-853
-4	-351	11	-443
-7	-102	-5	135
-1	-4751	3	779
3	-4031	18	1095
-5	6601	7	959
1	-447	-7	409
-9	1697	7	-311
-15	383	-3	-816
-5	729	-19	-965
-3	-307	1	-851
-15	-357	5	-445
-17	-86	-29	149
-13	-4733	10	783
5	-4035	5	1098
-16	6559	-1	972
-5	-454	-19	403
-17	1675	17	-299
-3	389	3	-813
-7	728	-1	-965
1	-297	-5	-849
-11	-357	16	-457
-5	-85	-27	141
-14	-4734	-7	778
-1	-3977	9	1099
-10	6551	3	949
9	-451	7	395
3	1673	5	-313
-1	383	-6	-808
-15	723	-1	-965
-11	-289	1	-837
-1	-349	11	-447
-5	-97	-1	146
-5	-4807	-7	775
1	-4038	7	1089
-12	6634	9	950
-3	-453	4	395
-7	1679	7	-314
-7	407	6	-799
-14	730	1	-969
-1	-312	1	-859
-12	-357	11	-451
-7	-103	-9	155
-9	-4674	7	779
-3	-3933	15	1108
-11	6460	21	959
-7	-435	9	403
-7	1667	13	-315
5	401	-3	-803
-7	715	-5	-969
-3	-289	-9	-851
-3	-346	1	-445
4	-87	-1	156
1	-4727	7	753
-3	-4033	5	1063
-14	6565	5	943
-7	-453	-19	390
0	1669	5	-303
1	397	7	-787
-14	719	-1	-963
-9	-303	7	-849
-11	-359	10	-455
-9	-81	-7	145
2	-4733	-1	782
-7	-3987	22	1095
-13	6553	-7	961
-3	-449	5	405
-9	1674	9	-317
4	393	1	-805
1	723	-5	-959
-5	-292	5	-853
-10	-333	5	-448
-8	-109	-1	143
-2	-4729	-11	771
-14	-4019	3	1099
-7	6573	3	950
1	-439	13	413
-11	1673	3	-309
1	405	9	-803
-10	724	-9	-965
-5	-302	9	-847
-8	-341	13	-457
-11	-89	3	137
-7	-4731	5	763
1	-4017	-1	1091
-13	6561	7	963
-11	-431	7	410
-14	1675	7	-315
-5	377	9	-793
1	729	-7	-977
-1	-287	-9	-847
2	-338	7	-447
3	-91	-4	148
-3	-4733	-13	776
-5	-4058	-1	1108
0	6576	-5	951
-1	-457	-4	401
-3	1687	15	-321
3	374	12	-805
-7	726	-5	-975
-3	-307	11	-857
-3	-349	3	-445
-5	-94	-5	143
6	-4796	-1	777
-8	-4041	7	1095
-2	6645	1	955
-5	-459	3	407
-5	1680	-3	-319
4	379	4	-806
-15	729	-7	-973
-13	-295	-12	-859
-9	-349	7	-448
-9	-89	-15	134
-3	-4709	-7	787
-5	-4003	18	1101
-3	6534	-7	971
-7	-456	-1	417
-11	1665	15	-321
-13	397	6	-811
-6	733	-3	-966
-1	-315	-6	-855
-10	-339	11	-447
3	-102	-5	149
3	-4755	1	775
-5	-4043	-1	1071
3	6609	9	945
5	-436	-11	396
-7	1693	15	-305
5	377	-5	-803
-1	735	-7	-961
-3	-305	-3	-863
-3	-347	9	-443
4	-91	-4	149
-9	-4781	-3	782
-9	-4091	6	1112
-8	6627	1	969
-9	-454	-7	397
-11	1703	5	-313
-14	389	-11	-819
-10	731	-1	-969
-5	-313	5	-855
-7	-347	16	-439
-3	-87	-3	145
2	-4768	7	786
-5	-4031	12	1099
-3	6621	1	975
7	-462	7	401
0	1683	-1	-313
3	402	1	-806
-1	717	-3	-969
3	-292	9	-853
-10	-345	23	-444
-7	-91	-11	154
-10	-4819	-5	789
-7	-4079	-5	1105
-7	6659	3	958
-1	-433	-1	403
-1	1685	-1	-314
-1	402	5	-807
-12	745	-3	-967
-1	-302	-1	-857
-7	-355	15	-449
-1	-87	-11	149
-14	-4779	-1	789
10	-4063	-1	1111
-11	6615	-1	971
-5	-441	-1	401
-9	1695	19	-307
-1	399	1	-821
-9	731	-3	-979
-1	-299	1	-845
-15	-355	13	-447
-1	-105	-3	162
5	-4842	2	779
-7	-4153	-7	1110
-7	6733	7	971
-10	-453	3	405
2	1721	13	-311
5	387	16	-817
-9	738	-5	-981
-5	-289	-6	-859
-11	-359	13	-461
5	-83	-6	133
-10	-4822	-1	794
-1	-4076	1	1121
4	6685	-9	989
3	-449	-1	401
5	1697	7	-337
6	397	4	-825
-11	731	-1	-983
3	-299	-4	-855
-8	-343	11	-443
1	-86	4	153
4	-4841	-9	785
3	-4089	1	1117
-12	6709	-3	960
-3	-443	-6	415
-17	1711	2	-326
-9	405	17	-807
-3	743	-5	-999
-5	-301	6	-849
-12	-337	19	-453
1	-76	-5	155
-3	-4797	-3	797
-11	-4047	13	1125
-5	6624	8	975
-3	-431	1	421
-6	1691	13	-311
5	395	9	-821
-10	725	-15	-985
1	-310	-3	-841
0	-352	7	-449
-1	-91	7	159
-3	-4790	-13	775
-5	-4087	1	1106
11	6653	-11	957
-5	-445	6	413
-13	1699	19	-325
5	400	5	-805
-9	744	-5	-981
-3	-302	1	-853
5	-341	11	-459
-3	-85	4	157
-15	-4814	-7	786
-14	-4055	3	1115
-4	6669	-7	959
1	-454	-9	403
-1	1694	9	-335
10	384	-3	-817
-11	740	-5	-983
-9	-295	-1	-859
-1	-339	7	-453
-1	-95	1	150
-3	-4803	-3	781
3	-4077	-5	1117
-7	6639	1	962
-3	-438	-8	401
-11	1701	1	-312
-5	385	5	-809
-11	729	-9	-977
-12	-307	-4	-845
-1	-343	-1	-449
-1	-96	-9	151
0	-4841	-7	779
-9	-4123	3	1107
-7	6723	-11	973
-3	-423	-19	401
-6	1711	5	-325
-8	374	-1	-814
-7	749	1	-973
-7	-292	-17	-863
-1	-333	1	-457
8	-78	-17	148
5	-4791	-7	791
-3	-4097	3	1123
-16	6653	-7	989
-5	-445	-1	407
-9	1703	9	-329
-10	379	18	-823
-9	744	-9	-979
-5	-307	-15	-859
-5	-343	10	-431
-1	-86	-9	159
-6	-4772	-11	794
-14	-4038	-13	1101
-9	6615	1	959
-3	-449	-9	395
-7	1688	9	-313
-3	369	-3	-814
-13	743	0	-963
-3	-303	-9	-859
-5	-339	9	-438
1	-91	-9	148
-11	-4691	-13	781
3	-3955	7	1109
0	6497	13	950
-9	-417	-6	397
-13	1653	11	-316
-1	399	9	-813
-15	733	-1	-957
-14	-289	3	-839
-2	-343	19	-421
3	-96	-3	149
-3	-4713	5	775
-9	-4011	-15	1079
-11	6551	8	941
1	-415	-11	378
-3	1677	9	-305
-7	365	6	-800
-1	739	-5	-963
-5	-282	-1	-849
-12	-352	7	-439
-9	-89	-8	155
-1	-4727	-3	794
3	-4040	-9	1099
-15	6561	5	952
-7	-443	-13	397
6	1667	21	-315
3	389	-3	-809
-3	717	-7	-963
6	-279	5	-837
-7	-341	18	-441
-11	-73	-13	139
-23	-4721	-1	775
1	-3993	-1	1095
-9	6549	9	947
3	-446	-13	399
-2	1656	21	-311
-7	397	-5	-810
-7	711	-5	-967
-7	-289	-1	-839
-4	-339	9	-439
1	-84	1	151
-5	-4697	-1	775
-7	-3948	3	1093
-1	6490	1	942
4	-420	-9	397
-1	1647	7	-309
-1	391	1	-797
-16	715	3	-956
-1	-299	3	-835
2	-353	17	-439
3	-96	7	137
5	-4681	-1	763
-5	-3969	1	1093
-5	6499	8	933
-11	-431	-9	402
-2	1653	9	-311
-5	383	6	-795
-13	717	-13	-959
1	-285	3	-831
-7	-358	7	-449
6	-87	-9	150
-13	-4749	2	769
-15	-4059	1	1082
-2	6584	-1	929
-8	-446	-5	397
-10	1677	1	-319
3	384	18	-791
3	728	-5	-957
1	-287	4	-843
-3	-341	13	-445
3	-81	7	143
-11	-4733	-1	781
-1	-4004	12	1111
0	6585	-3	949
-1	-428	10	407
-9	1667	5	-317
-5	385	13	-801
-9	721	-13	-965
1	-293	15	-833
-4	-337	9	-431
-13	-101	15	149
-13	-4781	1	773
3	-4075	3	1099
-10	6639	5	950
-11	-435	-4	391
-9	1677	9	-310
-3	392	-1	-807
-16	733	-21	-969
-7	-289	9	-851
-3	-347	9	-453
-12	-103	-5	155
0	-4825	-1	779
-9	-4115	9	1119
-9	6709	0	947
-5	-431	1	407
2	1703	9	-329
-7	369	9	-807
-8	727	-1	-977
-10	-294	7	-863
-3	-347	11	-451
-3	-104	-8	162
1	-4834	2	802
-1	-4139	6	1125
-1	6721	-1	983
-5	-469	-9	407
-11	1713	13	-329
-7	366	-9	-819
-7	734	-11	-985
-1	-303	7	-861
-1	-351	18	-441
-3	-79	4	153
-16	-4832	-13	797
-16	-4092	-1	1119
-12	6711	5	967
-7	-446	-3	395
-2	1709	13	-333
-1	395	4	-827
-5	741	-13	-981
1	-283	9	-859
-11	-341	15	-442
-5	-103	-5	153
-6	-4845	-1	799
-1	-4136	10	1113
-9	6733	-3	975
-3	-437	4	401
-5	1697	13	-321
-3	397	3	-825
-14	741	3	-981
-7	-289	6	-863
-8	-345	17	-441
5	-99	-15	153
-16	-4913	-1	795
-7	-4191	-3	1123
-9	6829	0	981
-5	-441	-15	390
-10	1739	9	-321
-3	385	-6	-831
-14	745	-11	-993
-3	-302	7	-879
-9	-350	3	-447
6	-71	-6	150
-3	-4778	9	813
-1	-4103	-5	1143
-6	6663	13	996
3	-464	1	407
-2	1693	7	-321
7	397	3	-825
-3	729	-3	-985
4	-282	15	-857
3	-359	3	-427
-1	-85	-3	153
-5	-4878	-1	792
-1	-4135	-15	1099
2	6777	5	965
-3	-446	-19	405
-2	1715	13	-323
-3	397	5	-819
-3	747	-3	-987
-7	-300	-9	-868
-7	-353	15	-460
-9	-73	-17	147
-11	-4797	1	815
-7	-4047	12	1127
1	6653	-3	977
-13	-431	-11	399
-11	1699	10	-324
-11	415	-5	-841
-3	735	-9	-986
-3	-294	1	-841
-1	-349	9	-443
-3	-75	-9	161
-1	-4805	-7	787
-3	-4076	-11	1102
-1	6653	18	955
-3	-431	-1	411
-7	1699	13	-307
-7	402	7	-811
-8	741	-9	-979
5	-279	1	-853
3	-364	9	-449
4	-86	4	146
-19	-4733	-9	787
-7	-4009	6	1119
-11	6545	5	966
-7	-451	4	407
-5	1689	19	-331
10	402	7	-811
-13	720	-9	-975
-3	-299	15	-843
-1	-361	2	-443
-1	-94	-3	147
-18	-4796	-3	771
-11	-4059	-4	1093
-4	6651	-1	945
-5	-459	-7	405
-13	1688	5	-323
4	390	-6	-798
-1	727	-8	-971
-11	-283	4	-837
-15	-333	-1	-456
-7	-84	-9	150
-3	-4779	-17	785
-7	-4029	5	1107
3	6621	-11	964
-5	-438	-3	403
-5	1687	8	-328
-5	387	7	-811
2	735	-9	-972
-1	-293	17	-845
-3	-357	7	-447
1	-109	5	147
3	-4809	-9	781
6	-4081	1	1105
3	6673	-3	967
3	-441	1	406
-14	1697	7	-321
-7	375	9	-808
-4	733	-1	-973
3	-300	7	-845
-2	-353	1	-451
4	-101	5	147
-3	-4897	-11	791
-1	-4179	17	1123
-6	6795	5	965
3	-451	17	403
-1	1727	17	-331
-3	379	3	-817
2	743	-5	-993
10	-299	5	-861
3	-343	3	-461
-5	-91	-3	145
8	-4860	-3	797
-5	-4091	15	1133
-4	6727	3	989
1	-457	3	417
-3	1717	15	-345
1	377	13	-849
-5	745	-13	-987
-3	-295	9	-857
-15	-335	3	-444
-8	-103	-4	165
-7	-4813	-1	789
-7	-4049	-3	1111
3	6685	-1	970
-5	-445	6	401
-3	1715	10	-324
5	392	1	-831
0	741	-9	-986
-7	-297	-1	-853
4	-345	9	-447
1	-107	7	155
-7	-4885	1	793
8	-4115	-5	1113
1	6753	7	969
-1	-437	-3	407
-10	1731	3	-335
-1	373	3	-829
-4	751	-5	-985
-1	-307	-15	-865
-15	-333	13	-451
10	-93	-1	151
-11	-4933	0	794
-3	-4215	-5	1119
-8	6832	-1	991
-1	-471	-1	397
-12	1735	5	-333
5	379	-1	-837
-2	754	-11	-997
6	-289	-11	-875
-9	-353	15	-461
-3	-81	-1	145
-12	-4868	-3	805
3	-4083	5	1139
12	6745	-9	985
-5	-467	-15	393
-3	1719	13	-347
6	383	-6	-835
-1	735	-11	-991
-3	-297	4	-861
-8	-345	17	-440
1	-97	-13	154
6	-4869	-3	803
3	-4113	7	1121
-9	6731	1	970
8	-464	-5	393
-7	1707	9	-326
-9	400	7	-835
-13	743	-1	-996
9	-293	6	-861
-7	-349	13	-451
-7	-96	-15	151
-13	-4905	1	809
-7	-4141	-1	1119
-3	6779	-5	975
-9	-455	1	401
-7	1727	7	-339
-7	377	-7	-835
0	757	-9	-1005
-5	-305	5	-873
-10	-353	9	-457
4	-91	1	168
-1	-4815	-13	798
-9	-4091	6	1123
-7	6659	-5	980
-15	-462	3	407
-3	1713	3	-337
5	379	-5	-829
1	739	-17	-1001
-9	-282	13	-865
-7	-359	3	-435
-1	-84	-3	149
-9	-4856	1	787
3	-4067	4	1107
-2	6693	9	957
1	-459	-9	401
-7	1692	11	-323
-9	387	19	-823
-11	733	-11	-995
-5	-301	3	-863
-16	-355	5	-463
-17	-99	-7	149
-13	-4809	-19	791
5	-4059	7	1113
-1	6657	-9	964
4	-439	4	403
-11	1695	3	-327
1	389	-1	-815
-10	733	-3	-978
-9	-307	9	-855
-15	-349	17	-449
-5	-99	7	149
3	-4851	-1	795
-5	-4087	-11	1106
3	6708	-7	963
-9	-459	-13	401
4	1719	17	-309
1	385	1	-813
-11	745	-5	-983
1	-305	-5	-855
-2	-347	7	-449
6	-91	-8	162
1	-4762	-11	799
-9	-4043	1	1125
-8	6586	7	972
5	-482	5	405
0	1691	3	-333
-3	361	3	-829
-3	726	-15	-975
6	-309	4	-841
-5	-349	10	-435
3	-99	-17	155
0	-4832	1	779
-8	-4046	12	1101
0	6681	1	943
-3	-465	-15	397
-9	1698	-3	-325
-1	379	13	-809
-15	733	-3	-971
-1	-297	-9	-849
-7	-343	15	-457
-1	-93	-13	147
-12	-4889	-1	795
-9	-4112	7	1117
-3	6779	-3	977
-1	-454	6	403
-3	1723	23	-332
-1	399	13	-821
1	739	-13	-984
3	-307	6	-857
0	-337	13	-453
-7	-94	-1	167
-2	-4845	-5	805
3	-4077	3	1138
-3	6724	9	983
-3	-457	-3	393
-10	1715	1	-327
-11	374	-14	-826
-4	731	-13	-985
-7	-305	-1	-863
-2	-347	3	-445
-13	-115	-9	152
-5	-4925	-7	805
-3	-4203	1	1119
-5	6842	-5	974
-10	-487	-17	409
-15	1733	3	-323
-7	379	-1	-833
-15	757	-17	-981
-5	-315	5	-881
-3	-357	1	-451
3	-91	-1	153
-11	-4898	-9	810
1	-4107	4	1139
-1	6799	1	995
-1	-483	5	403
-7	1724	11	-333
10	390	5	-837
-3	742	-3	-993
-9	-295	-1	-867
-9	-355	11	-447
-1	-114	-17	151
-13	-4929	-1	793
-5	-4167	10	1113
-7	6827	-9	983
-19	-474	-4	403
-3	1745	1	-327
-9	385	-4	-829
-17	755	-5	-999
-7	-309	-5	-875
-10	-353	13	-457
5	-109	-1	155
-3	-4863	-7	811
4	-4084	-3	1137
-3	6736	-3	997
-11	-459	-1	402
-6	1727	9	-343
-3	391	12	-843
-21	741	-3	-1003
3	-305	-1	-857
-7	-360	5	-445
11	-107	4	165
5	-4863	-3	814
-5	-4129	4	1125
3	6757	1	978
-12	-473	-1	413
0	1719	1	-327
1	392	10	-819
-15	741	-15	-995
3	-287	-3	-865
-13	-359	8	-443
-11	-91	-3	167
-3	-4832	-7	799
-16	-4035	-1	1125
-16	6687	-9	967
-7	-471	-1	397
-13	1700	7	-339
-7	379	-4	-823
-11	729	-3	-981
-3	-291	1	-859
-10	-335	7	-439
-15	-104	-4	149
4	-4899	-9	787
-3	-4123	10	1115
-5	6775	1	979
-5	-464	3	393
-5	1715	9	-319
-5	397	6	-813
-4	747	-7	-986
-3	-294	13	-853
-5	-363	9	-453
7	-117	5	163
0	-4937	-1	815
-3	-4182	6	1137
-9	6847	-2	987
-9	-459	-9	417
4	1755	5	-335
-1	377	-9	-825
-18	771	-3	-1001
-5	-309	-9	-875
-1	-349	-3	-459
4	-107	-23	154
7	-4874	1	817
-9	-4154	-7	1143
-11	6759	-1	993
-1	-487	1	417
-11	1737	5	-337
-5	397	7	-835
-11	746	-15	-995
-3	-287	1	-867
-3	-347	11	-437
-7	-93	-7	169
-9	-4871	-3	803
7	-4089	-6	1127
4	6751	9	969
-7	-483	-11	415
-7	1717	7	-327
4	385	4	-827
-7	748	-9	-991
-7	-297	-3	-867
-6	-357	-3	-446
-5	-89	-13	159
-4	-4783	-1	795
-3	-4012	-15	1111
-9	6616	-3	971
1	-467	-17	395
-3	1689	-3	-332
-5	397	-13	-821
-12	732	-1	-971
-8	-301	-13	-851
-4	-347	11	-443
-5	-105	-9	165
-2	-4825	-1	785
11	-4065	-3	1089
-7	6688	-5	955
-3	-459	-3	403
-2	1717	15	-307
-5	377	13	-814
-3	745	-13	-987
-1	-300	-1	-859
-2	-345	21	-451
4	-102	-13	155
-5	-4784	-3	795
-9	-4056	-5	1115
-6	6629	9	970
10	-475	-4	397
-6	1701	7	-331
-1	379	-5	-815
-10	728	-7	-983
6	-273	-9	-851
-7	-347	-3	-447
1	-99	-14	145
-5	-4875	-17	786
-1	-4115	1	1103
-5	6747	-9	957
1	-481	-3	397
0	1720	7	-323
3	395	5	-810
-11	737	-11	-969
-3	-294	-9	-861
-1	-347	7	-450
-5	-99	-11	150
-3	-4899	3	791
7	-4089	1	1127
-2	6769	-5	979
4	-464	-1	389
-11	1715	17	-327
7	399	1	-833
-14	747	3	-985
-10	-300	4	-873
-2	-357	19	-455
3	-107	7	149
-7	-4901	-11	799
-3	-4119	-3	1127
-7	6783	-5	983
-9	-454	-5	411
-8	1731	7	-329
-5	366	4	-826
-19	747	-13	-1001
-15	-307	7	-875
-7	-363	1	-453
10	-96	-11	156
-3	-4927	-15	800
-13	-4177	-1	1133
-14	6817	7	980
-3	-483	-1	401
-11	1749	3	-331
-3	393	10	-829
-12	746	-13	-989
6	-293	13	-867
-3	-341	13	-463
-9	-91	-12	167
-3	-4915	1	808
-3	-4101	3	1141
4	6795	1	983
3	-475	-5	403
5	1731	1	-337
1	389	6	-833
1	748	-13	-999
-1	-303	11	-868
-4	-331	9	-444
11	-97	6	166
-7	-4957	-9	795
-1	-4112	-5	1125
1	6851	-3	971
6	-483	1	393
5	1749	-3	-329
1	391	3	-833
-10	747	-9	-1004
-1	-307	5	-873
-9	-357	7	-469
7	-107	1	161
-12	-4901	-3	809
6	-4071	13	1142
-13	6756	-7	983
-3	-473	-7	419
-7	1747	9	-339
-3	377	4	-841
-10	751	-11	-1003
-5	-307	-7	-861
-14	-349	7	-459
-11	-102	-11	157
3	-4909	-11	790
-9	-4125	-1	1129
-4	6785	-5	975
-13	-491	-13	415
-5	1747	5	-329
-5	383	-9	-821
-14	754	-19	-997
3	-301	-4	-859
1	-341	7	-447
11	-93	-15	167
0	-4868	1	806
-5	-4039	17	1127
5	6723	9	977
1	-481	-3	405
-7	1736	13	-333
8	387	1	-831
-9	746	-5	-983
-1	-305	-4	-853
1	-345	13	-443
-1	-109	-9	155
-10	-4889	-7	791
-1	-4075	7	1111
-1	6761	-7	964
-5	-483	-15	395
-11	1739	1	-322
-5	392	-9	-827
-18	743	-9	-984
-9	-312	-9	-869
-15	-355	9	-467
-7	-111	-9	155
-10	-4901	-11	797
-3	-4091	4	1112
-11	6767	3	977
-5	-487	-12	402
2	1739	5	-329
-9	371	-7	-829
-4	745	-13	-983
3	-313	-7	-859
-10	-339	13	-449
-3	-107	-15	155
-1	-4891	1	797
7	-4101	11	1127
1	6791	13	994
5	-499	-1	397
3	1755	19	-329
12	379	10	-821
-1	742	-3	-991
8	-318	-1	-867
7	-339	9	-459
-9	-109	3	149
2	-4967	5	806
-5	-4113	1	1131
-14	6857	1	979
-7	-485	-9	397
-9	1769	13	-333
11	367	-13	-823
-9	753	-7	-997
-17	-310	-9	-874
-17	-347	15	-469
3	-109	-13	145
-7	-4927	-13	813
-1	-4071	-7	1149
-2	6805	-1	991
-3	-510	-13	395
-5	1751	5	-334
-1	395	-3	-853
-2	757	-1	-1003
9	-313	3	-863
-8	-345	19	-445
5	-120	-7	155
2	-5031	1	801
3	-4184	6	1126
-11	6943	7	979
-3	-475	-7	394
-11	1784	15	-323
-5	373	9	-837
-11	763	-9	-1011
1	-330	7	-881
-5	-355	15	-471
-1	-121	-21	156
-11	-5005	10	821
-11	-4184	-9	1153
-9	6913	3	1002
-21	-523	-7	407
-10	1787	11	-349
-5	400	3	-855
-3	750	-5	-1019
-5	-313	-5	-889
-11	-341	-2	-459
-11	-105	-9	155
-3	-5013	-1	803
-1	-4117	-5	1145
1	6895	-7	989
-7	-507	-1	415
-7	1785	-1	-335
8	395	11	-851
1	757	8	-1007
-3	-301	22	-887
-3	-347	7	-461
13	-109	-1	161
-2	-4999	1	805
1	-4089	3	1137
2	6871	11	979
6	-495	5	411
-9	1765	7	-353
-3	399	6	-841
-7	753	-3	-1015
-10	-321	5	-861
-17	-341	5	-465
1	-125	10	155
-7	-5061	-11	813
-7	-4179	1	1130
-5	6991	-7	977
-3	-483	-3	413
-9	1803	7	-327
-11	379	1	-853
-8	765	-9	-1025
-7	-318	-1	-895
-5	-356	1	-477
-7	-119	-5	157
-5	-5034	-11	815
9	-4205	3	1173
-1	6954	-5	1001
-9	-523	3	413
1	1801	7	-347
-7	393	18	-863
0	761	-3	-1027
1	-313	7	-887
-9	-345	0	-471
1	-104	-7	161
-1	-4945	-5	809
-7	-4064	3	1149
-3	6805	-5	989
1	-515	3	417
-2	1759	7	-347
-5	383	-1	-853
-11	756	-13	-1017
-9	-295	-3	-869
-9	-335	5	-448
-1	-117	-11	156
-5	-4979	-1	797
-11	-4065	-3	1119
0	6856	5	973
-5	-492	-1	405
-3	1765	0	-329
-5	395	-4	-829
-11	765	-1	-997
-1	-310	3	-865
4	-341	11	-465
10	-109	1	165
2	-4913	5	825
3	-4074	13	1132
3	6803	7	995
-5	-492	-3	400
-11	1751	-1	-333
-7	377	-5	-841
-11	763	-5	-1005
1	-317	12	-865
-1	-344	9	-455
3	-122	4	156
-11	-4865	2	807
1	-4075	-1	1123
-5	6735	-3	974
1	-492	-21	405
-3	1747	7	-329
-1	382	10	-827
-19	744	-3	-989
1	-307	11	-871
-7	-349	9	-457
-5	-93	-4	143
-16	-4891	-3	802
8	-4043	-4	1119
-5	6771	-7	967
-5	-485	-11	403
-13	1745	9	-331
6	379	6	-819
-1	748	3	-979
-9	-299	-3	-869
-8	-343	21	-458
-3	-130	1	154
-4	-4973	-5	785
-1	-4136	1	1125
-5	6861	1	979
1	-487	-9	395
3	1759	16	-324
-5	387	-1	-837
-11	757	-15	-999
-5	-307	15	-871
-3	-325	11	-457
3	-111	12	149
-14	-4855	1	815
4	-4051	4	1137
-5	6728	2	987
-3	-485	-5	413
-3	1733	21	-319
-8	381	-3	-830
-7	741	-3	-991
5	-309	-11	-855
-17	-348	13	-441
8	-122	-5	156
-1	-4923	3	790
-1	-4141	-5	1108
0	6813	1	967
-13	-492	-19	401
-7	1751	13	-331
-7	389	7	-827
-15	750	-1	-997
-20	-301	-8	-863
-9	-337	16	-471
5	-107	-9	157
-2	-4893	-1	799
-5	-4046	5	1137
-10	6767	7	977
-3	-495	-7	403
-1	1728	3	-339
-5	389	6	-837
-7	738	-16	-991
-1	-297	-15	-857
-7	-327	17	-454
11	-114	-5	153
-1	-4877	-5	801
-3	-4013	3	1117
9	6721	1	964
-9	-485	-4	403
-5	1731	5	-319
1	389	-1	-829
-13	741	-5	-989
-5	-303	13	-863
-8	-347	1	-451
-5	-111	7	163
2	-4823	-15	793
-3	-4004	-9	1110
3	6680	0	967
-3	-472	9	405
-4	1713	15	-335
-9	387	-1	-820
-4	741	1	-973
-5	-295	10	-841
-3	-341	7	-443
-17	-119	1	159
1	-4862	1	777
-11	-4069	-3	1112
-14	6719	-13	958
-15	-493	-7	393
-2	1729	5	-329
1	377	3	-817
-14	732	-13	-979
-1	-303	-4	-855
-5	-339	5	-453
-11	-113	-11	151
7	-4843	-15	802
-5	-4027	-9	1123
6	6703	-1	965
-5	-492	7	395
-5	1730	13	-331
6	377	5	-825
-7	752	0	-983
17	-299	11	-861
-7	-325	15	-448
-3	-121	-1	152
14	-4777	5	797
3	-3927	16	1103
-1	6615	9	970
15	-475	-5	391
1	1705	18	-326
3	385	9	-823
-7	731	-3	-980
-7	-305	9	-847
-9	-353	3	-443
-12	-130	-7	143
-9	-4789	-9	779
-7	-3969	-11	1094
-11	6615	2	949
-5	-480	-12	387
-22	1691	-7	-317
-17	364	-17	-814
-18	721	-21	-965
-21	-305	-3	-845
-17	-336	-1	-445
1	-117	-8	147
-5	-4813	-5	792
-3	-4057	1	1090
-12	6671	-7	942
-3	-495	-15	395
11	1727	7	-307
9	387	-1	-807
7	739	5	-961
8	-299	11	-855
15	-335	11	-441
5	-99	1	161
14	-4806	15	777
3	-3981	19	1101
6	6637	15	955
7	-481	3	401
7	1697	17	-311
13	399	9	-819
-3	729	-1	-971
3	-283	-1	-849
-2	-335	1	-444
-5	-122	-6	145
-10	-4865	-9	779
-16	-4045	-11	1087
-17	6699	-19	952
-1	-479	-21	393
-17	1699	-3	-307
-13	381	-13	-811
-11	735	-13	-972
-8	-305	-7	-857
-4	-335	-7	-461
-11	-99	-19	163
-7	-4783	3	791
-11	-3993	-11	1097
-7	6607	13	971
15	-455	-9	416
3	1717	15	-325
25	387	6	-814
6	723	7	-967
22	-283	12	-841
9	-331	21	-449
17	-101	5	148
3	-4841	2	792
15	-4083	21	1096
-5	6707	5	943
-13	-489	13	393
-3	1707	7	-311
-5	369	-9	-811
-9	726	-9	-977
-11	-287	-13	-849
-7	-351	7	-457
-19	-93	-15	149
-13	-4805	-7	785
-16	-4009	-17	1115
-15	6631	-7	965
-7	-479	-25	405
-5	1697	-11	-337
-5	389	-17	-817
-5	713	-5	-979
1	-284	11	-845
-8	-329	1	-422
3	-91	-1	150
3	-4833	5	781
7	-4087	5	1101
-3	6735	5	958
13	-445	9	405
-7	1703	16	-318
15	401	13	-813
14	733	9	-964
16	-305	12	-855
1	-329	1	-459
9	-102	3	157
-3	-4761	3	797
11	-4015	8	1122
-5	6603	7	959
3	-441	-1	409
-6	1687	-1	-331
-5	377	-6	-809
-17	713	-19	-975
-13	-302	-19	-851
-15	-344	1	-439
-13	-99	-4	153
-1	-4810	-11	779
-7	-4107	-7	1096
-15	6689	-5	957
-7	-467	-5	395
-4	1717	9	-307
-14	382	-7	-797
-3	731	-5	-969
13	-284	5	-837
5	-335	2	-451
1	-83	-7	143
10	-4736	9	788
5	-3991	19	1113
6	6585	7	973
3	-449	5	405
-3	1679	23	-329
11	407	21	-823
-15	717	1	-965
-5	-287	6	-845
0	-339	23	-425
-5	-101	-4	154
0	-4657	1	777
-5	-3958	-9	1089
-10	6469	1	944
-5	-464	-11	397
-3	1648	13	-307
-11	389	-7	-785
-10	713	-19	-934
-14	-289	-7	-832
-7	-343	13	-433
-1	-101	-15	135
7	-4698	-9	773
4	-3975	-1	1070
-11	6505	-8	937
-5	-437	-12	389
0	1659	15	-325
-7	392	-4	-784
-25	703	-11	-943
-3	-292	7	-831
0	-346	15	-443
6	-104	13	148
1	-4685	-3	778
3	-3999	13	1082
-11	6507	7	940
-5	-436	9	390
-7	1663	9	-305
-1	389	10	-791
-9	707	-1	-941
6	-297	-5	-837
-3	-359	9	-431
-5	-79	-3	149
0	-4716	-1	770
1	-3981	7	1079
-11	6553	7	941
-1	-444	-1	395
-9	1664	-3	-311
3	400	6	-790
-9	699	-9	-957
-3	-265	12	-847
-8	-337	13	-435
-1	-91	1	137
-4	-4619	-1	767
-1	-3935	3	1087
9	6433	-3	948
-3	-431	1	385
-5	1631	2	-306
-5	413	-1	-799
-5	694	-9	-947
-12	-284	7	-827
-15	-339	9	-429
-7	-105	5	143
-9	-4689	3	755
-9	-3986	-6	1047
-7	6499	2	927
3	-423	-4	391
-8	1653	7	-305
-7	384	-15	-778
-11	709	-7	-947
-12	-269	3	-829
-14	-345	1	-453
-3	-109	-15	146
-21	-4731	2	768
5	-4055	9	1080
0	6568	11	943
1	-451	-6	391
10	1671	5	-309
-3	390	16	-795
2	701	-3	-959
8	-282	18	-843
-3	-341	15	-451
-1	-97	1	145
-6	-4748	5	761
-1	-4031	12	1095
-4	6591	5	941
-1	-443	-7	403
-10	1659	7	-315
-7	395	11	-794
-11	703	-13	-967
-15	-289	1	-841
-13	-337	5	-444
-7	-95	1	162
-6	-4743	-5	763
-9	-4033	20	1099
-7	6550	-11	948
1	-420	-8	389
-7	1649	3	-313
-11	410	7	-799
-11	721	-7	-957
5	-299	9	-834
-5	-333	13	-439
-1	-94	-7	149
-5	-4644	1	769
6	-3940	3	1089
9	6432	-11	943
3	-429	-1	386
-6	1637	5	-317
3	372	21	-793
6	703	-13	-955
-3	-273	5	-833
-13	-333	11	-439
3	-102	13	151
5	-4677	-8	744
-15	-4012	-1	1072
3	6501	11	929
-11	-437	-24	386
4	1639	13	-315
-7	375	16	-783
-13	699	-9	-939
4	-273	-13	-833
-5	-345	3	-433
-7	-83	-9	143
6	-4611	-3	769
-1	-3907	-1	1079
0	6403	3	935
-5	-449	-1	393
-7	1632	-1	-319
3	379	-3	-786
-1	687	-16	-945
1	-263	-1	-815
2	-339	9	-411
1	-103	1	152
5	-4657	-3	755
-1	-3973	3	1055
-9	6495	5	916
3	-431	3	391
-1	1637	18	-309
-3	377	5	-785
-3	704	-7	-932
-7	-285	6	-836
-11	-335	9	-431
-11	-99	-3	141
-14	-4618	9	757
1	-3947	11	1080
-1	6433	10	943
-3	-425	-17	379
-3	1637	17	-313
-1	375	-15	-792
-7	699	-7	-937
-3	-279	-11	-819
-5	-339	15	-425
10	-109	-4	135
1	-4659	-8	747
-1	-4007	-13	1053
-2	6478	-5	925
-15	-438	-15	385
1	1661	9	-303
-3	372	-11	-789
-13	703	1	-951
8	-271	3	-843
-7	-337	18	-439
-1	-85	-6	139
6	-4581	5	775
-8	-3869	4	1071
-1	6347	-1	933
-7	-435	-19	381
-9	1610	9	-325
-5	377	9	-784
-9	689	-16	-935
3	-271	-4	-811
-5	-345	7	-430
-9	-99	-11	131
-15	-4537	-9	757
-1	-3845	-13	1039
-9	6287	-3	912
-1	-425	-1	377
-1	1599	17	-291
-5	395	-1	-775
-6	679	-3	-927
-9	-275	11	-816
-2	-343	3	-423
3	-91	3	137
-10	-4550	-7	741
-5	-3877	1	1037
5	6323	-1	911
13	-405	-3	371
-14	1609	-1	-301
-5	369	-1	-771
-3	685	-11	-915
3	-269	3	-817
-16	-345	3	-431
-3	-94	-6	142
-3	-4518	-11	749
-3	-3867	1	1051
2	6275	-5	906
5	-423	-12	375
-1	1587	3	-303
5	391	-5	-769
-9	671	-11	-923
10	-271	-11	-805
3	-333	5	-423
-9	-91	5	131
4	-4605	3	731
-5	-3891	6	1046
-2	6365	-5	895
-13	-425	-13	383
-7	1616	1	-293
10	387	-13	-760
-7	685	-5	-917
-1	-267	-6	-819
-6	-339	5	-450
-1	-91	-9	140
6	-4603	-1	739
-7	-3891	-1	1069
-3	6361	1	922
3	-425	-11	389
-1	1611	-2	-310
1	387	-1	-773
1	693	-9	-932
-5	-285	1	-813
-2	-339	5	-433
1	-94	-15	141
3	-4627	-15	737
1	-3931	15	1063
-5	6420	-2	911
1	-418	-1	379
-5	1633	3	-307
-11	381	3	-772
-3	699	-13	-933
7	-281	-1	-815
-3	-333	5	-435
3	-91	-1	150
-3	-4568	-5	756
-5	-3899	-1	1064
0	6345	1	929
-5	-445	-5	385
-8	1609	-11	-309
3	369	5	-777
-5	695	-13	-935
3	-273	-17	-803
1	-351	7	-427
3	-94	-7	135
-3	-4581	-1	738
-5	-3860	1	1048
-8	6353	1	905
5	-446	1	391
-2	1615	11	-307
6	369	15	-781
-13	695	-2	-929
-11	-261	5	-815
-8	-327	9	-424
-1	-103	1	150
3	-4583	-1	757
-1	-3891	3	1053
3	6371	5	900
11	-431	3	385
-5	1630	15	-304
-5	392	4	-775
-8	696	-9	-933
-7	-276	9	-806
-13	-323	5	-417
3	-86	-7	145
-10	-4538	-5	735
-3	-3848	-9	1052
-19	6293	-11	925
-9	-435	-12	395
-3	1609	21	-291
-1	373	1	-781
-4	691	1	-923
3	-287	12	-817
-3	-338	5	-429
8	-115	-6	133
-1	-4651	1	744
-1	-3987	4	1042
-9	6462	7	918
-1	-433	-17	382
-5	1647	15	-295
3	377	-7	-761
-9	713	-3	-919
4	-294	13	-829
-3	-337	21	-437
3	-81	-4	135
-4	-4597	-1	769
-8	-3885	-5	1073
2	6377	7	943
5	-445	-1	393
-7	1626	7	-307
-11	374	1	-787
-3	691	0	-925
3	-282	-14	-809
-3	-337	11	-417
3	-105	-1	140
-5	-4605	9	747
-12	-3889	-7	1061
-10	6403	-5	922
10	-441	-11	373
7	1622	8	-298
1	379	-7	-769
-14	696	-1	-929
3	-292	7	-824
-8	-335	11	-431
-1	-102	-19	141
-1	-4634	-5	755
8	-3922	5	1065
1	6414	7	929
1	-429	-3	369
-5	1637	15	-309
-3	379	-6	-774
-12	715	-7	-937
1	-287	-5	-817
-9	-335	7	-445
4	-104	-5	141
-15	-4739	-11	770
-3	-4049	-3	1055
-3	6578	15	927
-11	-459	-7	393
-8	1669	3	-303
-1	372	-1	-777
-21	707	-11	-947
10	-292	-17	-827
3	-341	3	-441
-3	-79	-15	131
-3	-4683	-1	791
-5	-3945	-4	1103
-9	6479	1	949
-3	-431	1	391
3	1644	11	-323
13	374	1	-798
-1	699	2	-953
7	-277	5	-831
-7	-329	7	-431
-5	-114	-15	142
1	-4751	-5	765
3	-3997	12	1065
-3	6589	3	932
8	-431	5	397
3	1675	13	-314
-9	401	-7	-791
-11	723	3	-948
-10	-295	4	-837
-10	-333	7	-457
1	-117	-1	143
11	-4773	-15	773
4	-4039	-15	1097
-3	6617	2	963
-11	-431	-1	399
-20	1685	21	-325
-5	371	9	-810
-12	709	-9	-971
-3	-301	-5	-837
-15	-339	5	-443
3	-91	-5	162
-3	-4756	-5	780
-15	-4033	-6	1096
0	6594	7	946
-5	-447	-4	405
4	1675	9	-315
-1	382	18	-793
-7	720	-9	-969
-7	-293	-4	-835
-21	-327	18	-437
-9	-94	-9	153
3	-4768	-3	761
-15	-3997	1	1099
2	6611	-11	943
-1	-449	-9	393
-3	1673	11	-323
-9	395	11	-804
-1	715	-17	-955
-3	-284	-4	-843
-2	-329	1	-443
-5	-109	9	143
2	-4777	-3	769
-3	-4007	3	1105
2	6629	-5	938
-5	-449	9	397
-3	1687	10	-332
-5	392	7	-803
-9	728	-13	-973
-1	-295	19	-830
-9	-331	11	-439
1	-109	-5	151
3	-4821	-5	775
4	-4081	6	1093
-7	6707	0	955
-5	-444	-1	388
-18	1697	-1	-313
-14	359	9	-805
-8	717	-3	-979
-7	-289	-1	-857
-12	-327	13	-455
-11	-107	-4	149
-1	-4747	-11	792
1	-4029	-3	1121
-6	6585	-9	969
-5	-454	1	401
-2	1687	5	-329
-3	385	20	-825
-9	717	-11	-975
8	-305	4	-837
-1	-327	23	-437
-13	-109	-7	149
2	-4786	7	781
-1	-4011	-1	1087
-15	6617	-3	939
-1	-456	10	397
2	1674	7	-313
11	377	9	-804
-13	729	-8	-961
1	-294	-5	-851
-6	-331	15	-433
-9	-121	-15	156
8	-4803	1	785
-10	-4061	-9	1101
-9	6667	1	954
-1	-433	-1	385
-7	1697	7	-319
-1	399	-6	-815
-5	729	-7	-958
-11	-310	-11	-851
-4	-323	-3	-441
-1	-104	-1	157
-1	-4759	1	789
-5	-4022	4	1098
1	6632	3	959
1	-446	-7	390
-7	1687	15	-325
-3	369	1	-818
0	723	1	-961
10	-297	-9	-845
-9	-330	23	-429
6	-93	-11	145
-5	-4797	7	800
-11	-4077	1	1079
-22	6641	5	945
-7	-451	-9	391
-10	1685	13	-325
-1	365	3	-813
-12	723	-5	-963
-1	-284	8	-853
-11	-334	8	-439
-3	-83	-21	141
-7	-4705	-9	789
5	-3943	1	1097
-11	6503	3	955
-3	-456	-17	393
3	1652	13	-331
6	399	8	-814
-9	701	-11	-957
5	-287	-4	-835
-19	-325	11	-423
5	-102	-5	147
-2	-4779	5	771
5	-4012	18	1081
5	6601	5	932
3	-433	-5	387
-13	1673	18	-311
-1	377	11	-795
-16	722	-9	-949
-3	-294	15	-845
-15	-347	3	-443
9	-94	-1	137
-3	-4743	-11	787
1	-3968	1	1094
-5	6549	3	967
-5	-431	3	389
-10	1677	19	-323
5	371	19	-810
-6	727	-17	-961
-3	-282	-15	-831
-9	-335	7	-433
3	-114	13	151
-1	-4805	-5	776
-13	-4067	13	1078
-12	6667	-1	943
1	-464	1	397
2	1683	11	-315
3	361	-5	-801
-9	715	-9	-969
4	-287	21	-851
-13	-337	15	-459
-1	-91	-19	143
3	-4733	-13	780
-5	-3971	11	1115
-5	6551	-7	947
3	-437	3	415
-2	1673	1	-331
8	372	-1	-813
-15	709	-15	-969
-13	-289	-13	-833
-1	-329	5	-434
-3	-112	-7	145
1	-4813	-1	769
-3	-4029	-1	1085
-5	6635	-7	928
-1	-447	-15	393
-7	1691	0	-322
-5	387	9	-795
-7	726	-9	-970
-1	-294	1	-853
0	-339	7	-455
5	-94	3	143
-3	-4807	-3	779
-1	-4039	-3	1101
-1	6655	0	943
-5	-435	-9	394
-1	1701	11	-329
-3	369	6	-803
-2	709	-13	-969
3	-293	5	-845
-1	-336	17	-445
-7	-99	17	166
11	-4793	-7	781
-11	-4071	1	1103
2	6637	3	953
-5	-459	1	405
-5	1693	13	-329
-5	365	12	-817
-7	730	-9	-977
-3	-291	5	-849
-3	-334	8	-447
-9	-109	6	159
5	-4884	-9	782
-7	-4097	-1	1103
6	6759	1	953
-9	-462	7	395
-5	1715	5	-331
-7	384	4	-815
-7	733	-2	-977
9	-297	-3	-855
-6	-331	13	-454
-3	-123	-5	145
-3	-4893	-7	799
5	-4109	-13	1133
-2	6755	-11	973
11	-453	5	391
-1	1713	-1	-325
-3	392	-4	-829
-7	735	-9	-983
-5	-292	-7	-847
-5	-333	17	-441
3	-107	-7	151
14	-4859	1	789
4	-4107	8	1104
-7	6740	19	973
-3	-446	-1	395
-2	1715	23	-311
8	387	7	-832
-6	739	3	-983
7	-305	10	-863
-16	-341	11	-445
11	-102	1	158
-9	-4737	-15	793
-11	-4013	6	1117
-9	6561	-5	979
-14	-453	-15	390
-5	1663	1	-329
-14	381	-19	-831
-19	711	-15	-981
-7	-287	-6	-851
-13	-341	3	-429
-13	-105	-14	157
-5	-4782	-3	780
-5	-4011	-7	1083
-3	6609	-7	935
1	-449	-3	397
-3	1684	13	-321
6	369	4	-800
1	727	-3	-949
1	-283	7	-851
15	-314	27	-440
1	-109	11	145
22	-4785	5	781
5	-4035	35	1093
-1	6619	-1	946
3	-429	1	393
7	1677	26	-320
9	392	15	-817
-10	722	-5	-971
-5	-302	3	-841
-14	-345	21	-441
-10	-112	5	149
-10	-4793	-1	781
-15	-4049	-1	1092
-23	6619	-5	957
-15	-437	-9	389
-17	1683	5	-323
-17	381	-15	-809
-18	727	-17	-977
-11	-297	-13	-847
-12	-349	-1	-451
-9	-87	-23	149
-1	-4817	1	788
-3	-4095	1	1103
-1	6679	-1	952
-5	-433	3	386
2	1685	9	-309
10	382	24	-811
1	722	-7	-965
-1	-287	11	-841
7	-331	11	-459
7	-81	6	157
2	-4817	11	792
-7	-4061	19	1099
-3	6671	17	957
-1	-441	3	399
0	1688	13	-325
6	377	6	-823
-15	713	0	-979
-3	-292	1	-847
-19	-329	7	-440
-11	-115	-6	144
-17	-4917	-17	777
-25	-4117	-17	1097
-17	6803	-5	948
-9	-441	-20	393
-17	1721	3	-332
-19	387	-13	-815
-12	747	-19	-985
-7	-289	-1	-861
-10	-345	-1	-451
-1	-97	-17	151
-7	-4887	-11	801
-3	-4131	-4	1132
-1	6769	9	979
9	-439	14	410
2	1723	15	-327
-3	384	1	-839
5	743	1	-989
-7	-294	12	-857
2	-339	11	-445
3	-99	6	163
-5	-4927	1	797
-13	-4192	24	1127
-2	6822	3	973
-15	-463	-9	407
-12	1735	-3	-337
-21	374	7	-829
-2	734	-23	-999
-3	-299	-3	-867
-11	-341	-3	-465
-7	-99	-14	151
-13	-4872	-19	797
-16	-4089	3	1131
-5	6747	-17	981
-5	-459	-15	413
-5	1706	-1	-335
-3	392	-3	-833
-3	742	-16	-991
-13	-297	5	-863
-4	-321	15	-440
-3	-120	1	158
6	-4921	3	787
3	-4149	16	1111
-9	6817	5	958
11	-447	15	397
-5	1731	11	-328
17	389	4	-829
-7	743	-5	-994
-5	-301	1	-879
-5	-339	17	-457
1	-103	1	157
-9	-4895	-11	799
-1	-4138	6	1132
-15	6773	-7	979
-1	-436	-1	406
-17	1721	9	-337
-5	384	1	-832
-20	745	-17	-997
-12	-301	10	-861
-17	-354	-3	-459
4	-101	-19	152
-7	-4901	-9	789
-11	-4182	-9	1123
-7	6805	-9	972
-10	-456	-1	401
-12	1727	-5	-327
-1	395	-7	-833
-15	743	-5	-993
6	-297	15	-875
5	-335	10	-457
9	-101	1	155
13	-4925	5	797
-1	-4177	3	1125
8	6845	1	979
1	-439	-3	403
-9	1735	9	-331
-3	397	4	-833
-3	742	-11	-981
-3	-293	-1	-869
-19	-341	15	-450
-5	-105	6	143
-10	-4887	-1	801
-7	-4103	1	1113
0	6749	5	975
-13	-456	-9	413
-1	1713	13	-335
-9	408	-9	-841
-19	725	-13	-997
-11	-299	-11	-873
-11	-347	-1	-445
-5	-107	-11	149
-19	-4926	-9	795
-11	-4201	8	1118
-13	6823	-10	981
-5	-441	-1	417
-13	1731	11	-325
-5	385	4	-824
-14	743	-7	-983
-7	-307	14	-867
-3	-355	13	-457
6	-91	-17	151
3	-4903	-9	816
11	-4187	1	1131
0	6807	9	977
-3	-451	-1	411
-1	1733	19	-329
9	400	20	-831
7	739	-3	-985
-3	-279	7	-863
-9	-337	19	-457
3	-107	4	147
-8	-4985	-7	810
-5	-4249	-7	1121
-8	6923	9	983
-1	-439	-1	399
2	1741	11	-325
8	402	6	-841
-9	740	0	-999
-3	-295	4	-888
-12	-347	17	-472
3	-101	-6	146
-2	-5015	-13	827
-1	-4241	-1	1159
-5	6928	5	993
1	-449	-3	401
-9	1741	15	-339
-1	395	7	-859
-5	743	-7	-1010
-1	-295	4	-869
-8	-339	7	-459
5	-120	5	165
13	-5082	-3	807
-7	-4341	-1	1145
7	7061	10	999
-9	-441	5	417
-9	1794	17	-339
7	391	-3	-853
-9	765	-3	-1011
7	-293	7	-893
-7	-358	7	-485
3	-105	-1	161
-3	-5109	0	829
1	-4395	-1	1181
-3	7099	-1	1010
3	-467	-9	421
4	1795	15	-353
-7	395	-11	-871
-16	763	-9	-1033
-1	-313	-3	-893
-3	-359	19	-479
-11	-105	-7	157
-5	-5137	-9	831
1	-4369	5	1189
0	7135	1	1017
-10	-472	3	419
-2	1789	15	-343
-1	407	-8	-873
-1	770	-5	-1029
3	-307	1	-902
-2	-349	15	-471
-9	-119	-4	159
3	-5229	3	833
3	-4453	7	1187
11	7251	5	1023
-3	-469	-8	421
-9	1824	19	-351
1	407	-1	-879
-8	791	-3	-1052
-1	-315	14	-917
-2	-373	7	-479
-1	-99	7	161
-1	-5109	-1	848
10	-4355	-3	1200
-7	7069	-15	1052
9	-453	-9	427
-3	1810	1	-357
1	395	3	-885
-11	765	-7	-1053
-3	-297	-5	-893
-14	-363	3	-461
3	-112	-15	164
-3	-5031	-8	841
1	-4309	4	1173
-11	6977	3	1021
5	-464	-9	421
-11	1777	13	-341
-1	405	3	-859
-9	763	-3	-1025
11	-305	1	-913
3	-357	19	-467
-5	-104	-11	163
-6	-5019	-11	827
-9	-4249	1	1153
-6	6949	1	1005
7	-467	-1	413
1	1767	-1	-341
3	399	13	-851
-11	753	-16	-1019
-13	-291	5	-897
-9	-349	11	-467
3	-115	-15	156
-7	-5109	-7	829
-3	-4339	1	1165
-9	7077	-3	1007
-5	-453	-13	417
5	1773	17	-346
5	417	15	-841
-3	757	-9	-1023
5	-305	-1	-909
-5	-369	5	-475
5	-103	10	157
-1	-4992	-1	839
4	-4259	13	1181
-3	6919	11	1031
1	-451	-4	419
-11	1763	11	-357
-1	407	-1	-853
-8	741	-11	-1027
-1	-299	10	-897
-5	-358	-3	-457
-7	-114	-8	167
-19	-5049	10	817
-3	-4331	-11	1149
-6	7007	5	996
-7	-459	-17	415
-5	1783	9	-321
1	405	7	-839
-19	757	3	-1021
-3	-293	6	-899
-7	-375	16	-473
-3	-97	5	151
1	-5025	-1	830
-7	-4261	-3	1157
-3	6967	1	1007
3	-459	5	425
3	1753	15	-347
4	408	11	-867
-7	753	2	-1021
7	-292	5	-871
-7	-359	11	-460
7	-105	4	153
-2	-4953	1	807
-7	-4207	3	1159
1	6847	3	993
-9	-443	4	417
-13	1743	15	-333
-9	419	-1	-853
-18	749	-17	-1010
-11	-285	15	-877
-6	-361	3	-461
1	-107	-7	153
1	-4954	-17	813
-5	-4251	4	1128
3	6877	-2	989
-1	-423	4	416
-5	1753	7	-327
-7	407	12	-823
-7	749	1	-997
-1	-277	1	-873
-3	-373	11	-465
4	-109	13	152
9	-4973	0	811
5	-4303	13	1161
3	6921	15	999
-3	-447	-3	417
-7	1763	11	-347
9	408	10	-849
-14	754	-1	-999
-3	-287	-3	-891
-17	-351	10	-465
-3	-93	-22	159
-4	-4995	-7	811
-8	-4287	-17	1143
-11	6937	3	991
-3	-439	-13	423
-23	1747	9	-337
1	403	-7	-847
-15	741	-18	-1003
-5	-277	-19	-885
-11	-361	7	-472
1	-91	-4	162
-5	-4921	-1	809
1	-4205	3	1143
3	6837	7	993
10	-435	-15	423
-3	1735	10	-323
13	423	14	-837
6	751	7	-1006
5	-294	22	-871
-1	-347	19	-465
9	-96	5	157
5	-4936	15	807
13	-4231	20	1135
3	6867	21	989
-3	-433	6	414
-17	1735	15	-327
1	387	1	-839
-17	755	-1	-997
-18	-297	10	-891
-13	-348	5	-463
1	-113	-23	150
-7	-4957	-11	808
-27	-4267	-4	1135
-28	6851	-9	1000
-21	-447	-12	407
-13	1731	5	-337
-16	385	1	-845
-7	743	-11	-1009
4	-285	-13	-887
1	-357	18	-451
3	-101	-5	149
-2	-4891	11	807
-1	-4187	3	1141
-1	6829	9	989
3	-439	10	423
12	1737	29	-337
1	403	21	-837
1	742	13	-1005
5	-274	1	-884
14	-357	21	-453
8	-101	1	148
-7	-4955	9	809
-1	-4187	-3	1129
7	6843	3	985
-1	-451	4	403
-5	1717	10	-330
-5	395	-1	-843
-20	737	-21	-1002
-19	-285	-11	-875
-11	-345	1	-457
-12	-84	-9	157
3	-4877	-13	807
-11	-4159	-11	1134
-9	6749	-5	987
3	-433	-7	400
-10	1713	1	-321
1	401	12	-839
-7	745	-15	-991
3	-285	14	-859
5	-345	11	-451
10	-101	11	157
9	-4872	15	805
11	-4192	14	1119
2	6779	7	981
19	-446	11	409
-2	1715	11	-317
-11	401	14	-825
3	734	-1	-993
3	-297	3	-865
-9	-357	16	-453
-15	-73	-9	143
-16	-4821	-1	795
-13	-4076	-11	1127
-8	6663	-7	969
-3	-445	-9	403
-16	1687	-3	-327
-11	395	-11	-819
-15	723	-10	-989
-9	-285	-13	-855
-14	-357	3	-434
3	-95	-12	151
0	-4811	-7	781
-3	-4071	3	1103
1	6667	-5	960
6	-441	-4	403
-7	1693	29	-323
13	413	27	-811
4	737	3	-978
9	-291	22	-851
-3	-341	5	-457
3	-81	-5	151
9	-4761	1	783
3	-4063	11	1116
-1	6605	5	971
-1	-425	6	394
-6	1683	1	-317
3	385	1	-803
-15	733	-3	-965
3	-292	7	-837
-5	-341	5	-447
8	-99	-1	156
-3	-4825	-8	775
-13	-4133	15	1103
-9	6685	-9	958
-23	-438	-1	409
-24	1709	-3	-327
-3	383	3	-811
-2	724	-11	-971
-17	-294	11	-853
3	-355	3	-463
11	-89	-1	149
4	-4822	-7	797
-1	-4118	1	1119
4	6701	-9	969
3	-445	1	403
-11	1697	11	-323
6	403	15	-813
5	721	-13	-989
-3	-279	1	-847
-14	-363	9	-447
-7	-85	-3	145
-11	-4759	-9	785
-7	-4051	3	1111
-15	6599	1	966
-1	-438	-11	405
-3	1672	15	-316
3	401	-7	-817
-7	727	-1	-970
-1	-283	1	-843
-13	-351	5	-443
7	-103	-7	149
-17	-4765	-1	773
-3	-4084	-13	1100
-5	6638	10	943
-13	-433	-17	399
-12	1695	3	-313
3	392	-9	-800
-8	727	-9	-967
-3	-283	-9	-851
0	-344	9	-455
6	-102	-19	148
-5	-4679	-5	782
-7	-4027	11	1104
-9	6514	-1	955
1	-447	-6	387
-6	1659	7	-317
-3	392	-13	-801
-10	711	-3	-959
-15	-279	-21	-841
-15	-339	3	-433
1	-94	-5	139
2	-4713	9	767
-9	-4005	-9	1075
-1	6547	-9	937
-7	-433	-15	389
-7	1659	13	-301
10	400	6	-787
-15	725	-19	-953
-5	-271	-3	-849
-9	-339	9	-453
-1	-89	-14	142
4	-4667	1	775
-7	-4007	-5	1087
3	6492	5	938
-1	-419	9	389
-3	1646	11	-305
-13	408	13	-803
-6	711	5	-947
-3	-297	-7	-834
-8	-345	11	-437
-1	-102	-13	133
-2	-4721	3	761
-11	-4046	-13	1064
-9	6545	-7	939
-3	-426	-4	399
-15	1661	13	-305
-7	384	-9	-791
-12	723	-7	-947
-3	-269	-11	-843
-3	-354	7	-453
-7	-99	1	142
-13	-4735	-3	776
-5	-4084	-5	1094
6	6583	-9	943
-7	-438	9	399
3	1675	17	-317
-1	405	5	-801
-9	717	-7	-959
6	-279	-1	-847
-9	-357	21	-447
1	-87	-3	141
-7	-4701	-3	775
-1	-3999	15	1095
4	6525	-5	949
-7	-421	-3	399
5	1658	15	-313
3	399	11	-805
-13	715	9	-953
3	-279	-7	-841
-9	-339	5	-451
-1	-103	-11	137
-13	-4687	-3	761
-5	-4001	1	1081
2	6517	5	938
1	-421	-3	395
-9	1653	18	-312
-5	405	-4	-795
-16	720	5	-953
-3	-289	1	-839
-15	-345	13	-443
7	-99	3	135
7	-4697	-7	755
6	-4019	1	1081
-5	6513	-2	939
1	-429	5	386
-8	1659	13	-299
-14	383	-7	-797
0	703	-7	-955
-9	-283	7	-843
-5	-343	9	-441
-3	-97	4	153
-7	-4715	-10	757
-11	-4055	-1	1074
-5	6560	3	946
-5	-436	-9	397
-1	1669	-5	-313
1	374	-1	-791
0	707	-3	-953
-1	-265	6	-847
-1	-343	25	-437
-1	-69	-11	153
5	-4637	1	767
-1	-3927	5	1099
-10	6415	-1	941
3	-435	7	395
-10	1625	7	-325
1	379	1	-796
-13	695	-7	-949
-7	-274	-1	-821
-1	-337	13	-436
-5	-95	-15	135
-8	-4663	-7	747
-5	-3961	3	1063
-1	6455	-7	914
-1	-413	-13	379
-5	1630	8	-305
-3	393	-1	-771
4	718	-11	-931
5	-289	21	-826
-15	-341	3	-439
-1	-94	-11	141
5	-4669	-5	763
-7	-4007	4	1082
-11	6495	0	939
-5	-413	11	398
-7	1653	17	-299
5	373	6	-783
5	707	-11	-947
1	-283	-1	-825
-7	-336	19	-451
3	-83	-4	140
-7	-4703	-7	755
3	-4064	-4	1059
-1	6549	-7	939
-14	-436	-9	387
-8	1653	5	-309
-3	377	3	-785
-12	707	-5	-953
-5	-275	-5	-839
-11	-339	7	-453
-3	-93	-13	139
-5	-4655	-9	778
-8	-3973	3	1081
-17	6483	5	951
-10	-419	-17	389
-17	1624	13	-309
-7	389	-4	-795
-9	711	0	-945
9	-265	-7	-837
-2	-335	7	-442
-1	-84	-5	135
-5	-4653	-1	743
-1	-3948	-1	1073
-2	6463	7	938
6	-426	-8	379
-3	1626	9	-310
-3	403	9	-785
3	716	-7	-948
-5	-287	6	-835
-4	-339	9	-435
-3	-103	-13	129
-12	-4676	-7	755
-3	-3993	5	1067
-7	6489	15	935
-13	-409	-7	382
-10	1639	9	-297
-9	374	-3	-786
-1	709	-13	-941
-9	-287	-9	-833
-12	-361	9	-437
-1	-87	-15	138
-5	-4601	-9	759
-5	-3961	3	1077
-7	6387	1	948
1	-441	-9	397
-2	1635	13	-311
3	384	10	-799
-5	697	-11	-945
1	-279	11	-831
-7	-341	0	-419
-5	-83	4	137
-11	-4687	7	758
1	-3997	6	1063
-11	6491	1	923
-7	-417	-3	385
-3	1632	13	-301
3	384	7	-778
-5	707	-5	-935
1	-284	3	-831
-6	-347	11	-450
-3	-96	-25	136
-2	-4675	-11	757
-1	-3966	-3	1085
-5	6469	-3	942
-9	-423	-6	397
-5	1626	7	-316
-5	405	-12	-791
-11	709	-5	-937
1	-284	5	-828
4	-351	9	-423
-1	-89	10	149
-11	-4710	-5	765
3	-4033	9	1077
1	6547	-5	935
1	-417	-17	398
-7	1657	11	-303
-3	389	6	-784
-5	717	-5	-951
-12	-271	3	-839
-7	-354	5	-457
10	-81	1	143
1	-4643	-5	779
3	-3991	11	1103
-3	6455	1	946
5	-437	-13	413
-13	1629	13	-327
-9	387	5	-787
-13	695	-15	-937
1	-295	-3	-825
-5	-359	7	-433
-5	-86	-15	155
-5	-4679	-7	751
-3	-4005	-6	1075
-5	6511	3	929
7	-426	-1	397
3	1644	11	-315
4	395	6	-776
-15	709	9	-939
9	-282	-1	-831
-3	-347	27	-441
-7	-87	4	148
-3	-4633	-9	765
5	-3912	1	1083
-1	6409	5	940
-5	-431	-19	389
-11	1627	3	-322
-5	403	-6	-783
-16	704	-13	-946
-5	-284	-1	-825
-5	-341	13	-431
-7	-89	-17	137
-11	-4560	-3	753
-5	-3911	8	1051
-15	6349	-1	927
-13	-418	-17	399
-3	1615	11	-293
5	381	-17	-765
-11	699	-11	-937
-7	-279	-7	-813
-5	-341	13	-427
8	-91	-6	144
1	-4553	13	735
-11	-3927	1	1057
2	6343	-5	919
9	-426	-9	391
-11	1615	-1	-299
5	383	3	-763
-14	695	-7	-927
-3	-277	-4	-810
-7	-347	8	-435
3	-73	-5	127
-4	-4551	-3	741
-7	-3889	-7	1059
-3	6341	-3	915
-1	-421	3	389
-10	1603	-3	-303
8	403	1	-761
-9	689	-19	-919
-3	-269	-6	-815
-12	-353	-3	-426
-5	-77	-4	132
6	-4547	-3	745
3	-3860	-1	1055
3	6303	-9	920
4	-395	-13	381
1	1589	8	-296
-5	385	1	-773
2	694	-7	-925
5	-275	7	-817
-11	-335	3	-433
3	-78	-5	133
7	-4594	-7	739
6	-3949	-4	1043
-7	6399	3	919
-1	-417	1	378
-16	1621	-5	-311
5	395	1	-770
-25	695	-19	-927
-7	-279	-7	-823
-12	-341	9	-441
6	-89	-17	128
-9	-4649	0	747
-13	-4020	-3	1072
-10	6474	-11	941
3	-429	-15	399
-2	1635	-1	-307
-3	395	5	-783
0	713	-11	-931
-5	-273	-7	-829
-17	-355	9	-437
5	-73	-3	139
-18	-4635	-3	760
-5	-3971	-1	1087
-4	6479	-3	939
-3	-421	-3	385
1	1634	9	-311
-3	395	11	-794
3	703	-8	-951
-3	-274	1	-835
1	-333	3	-439
-1	-96	-7	136
6	-4747	-7	751
-17	-4071	-9	1065
-5	6607	-7	932
-9	-415	-1	389
-1	1667	-7	-307
-13	407	1	-787
-19	713	-9	-959
-12	-282	3	-831
-17	-345	7	-455
-7	-91	7	141
3	-4817	-11	771
-3	-4147	-21	1098
-11	6708	-11	951
-3	-433	-4	402
-8	1701	15	-301
-3	377	-11	-813
-11	725	-19	-969
-1	-302	7	-843
-5	-354	9	-453
10	-102	8	139
3	-4781	-3	790
7	-4141	5	1109
-3	6683	-1	972
-1	-438	-9	403
-4	1687	5	-323
-3	383	1	-811
-17	731	3	-971
-1	-279	6	-853
-3	-365	15	-455
-3	-81	-5	143
-6	-4740	-1	792
-12	-4033	1	1099
-8	6575	1	961
-1	-436	-11	405
-17	1672	17	-315
4	411	15	-811
-11	713	-11	-975
-5	-289	-1	-851
-4	-339	5	-439
3	-86	-13	143
-1	-4771	-7	771
-11	-4084	7	1087
0	6613	1	960
-1	-441	-15	407
1	1675	2	-313
11	400	17	-789
1	733	-5	-975
3	-295	3	-849
-7	-353	1	-449
-1	-79	-9	133
-5	-4775	-5	775
4	-4115	-5	1099
1	6656	-3	955
7	-429	1	394
-10	1687	15	-305
-1	395	-9	-809
-11	719	-1	-963
3	-301	-1	-847
17	-357	9	-459
10	-78	-19	152
-1	-4727	11	785
-5	-4071	-7	1098
-3	6592	11	962
-3	-443	-7	401
-7	1677	11	-319
1	387	3	-803
-19	718	-11	-971
-1	-277	7	-851
-7	-359	13	-431
-5	-63	1	141
-10	-4731	7	786
-5	-4041	6	1091
-7	6583	11	957
3	-443	-11	397
5	1675	5	-315
6	410	1	-803
-9	715	-13	-949
-1	-271	-5	-859
-1	-349	15	-452
1	-94	-9	140
-9	-4743	1	767
1	-4055	3	1099
5	6580	-15	960
4	-444	-15	395
-7	1658	-3	-316
11	409	1	-809
-12	713	-5	-962
3	-289	-7	-853
-2	-341	7	-437
5	-89	-15	143
-10	-4733	-7	767
-7	-4083	3	1088
-5	6577	-7	955
-5	-410	-5	396
0	1665	9	-319
-1	405	1	-803
-9	707	-9	-961
-7	-283	3	-841
-9	-361	-3	-459
11	-76	5	135
-5	-4713	-16	776
3	-4089	-1	1102
2	6557	-1	959
-13	-445	1	403
-11	1653	3	-307
-3	399	3	-795
-5	707	-15	-963
1	-271	11	-847
-7	-361	3	-435
-1	-81	-17	135
-10	-4736	-9	757
-1	-4041	1	1085
-9	6575	-13	941
-12	-436	3	409
-2	1649	-3	-325
6	400	-6	-794
-5	715	-5	-955
-1	-274	1	-839
-6	-351	11	-461
-1	-95	-1	142
-7	-4749	1	769
-7	-4084	-3	1087
-1	6615	-3	948
1	-441	5	397
-7	1666	10	-316
-5	411	-3	-791
-15	715	-9	-975
-9	-283	-1	-847
-8	-341	9	-453
5	-84	-1	149
-12	-4763	-19	771
-3	-4099	-8	1099
-11	6656	-7	949
-1	-413	-9	402
-7	1683	9	-327
-5	395	11	-806
-10	707	-1	-969
-17	-297	3	-843
-3	-359	9	-455
-3	-71	-15	157
7	-4801	-1	777
-13	-4165	13	1103
-8	6685	-1	956
1	-429	6	411
10	1687	9	-327
3	411	3	-811
-12	722	-13	-981
4	-283	13	-849
-11	-355	13	-449
9	-83	-9	131
-4	-4770	-9	781
-8	-4064	-1	1117
-5	6633	-1	979
-5	-443	-1	403
2	1672	17	-327
-9	405	15	-810
-11	723	-8	-971
-3	-279	7	-837
-22	-341	5	-434
-10	-96	-6	156
-1	-4769	-3	773
1	-4056	-7	1097
-11	6641	-7	952
-5	-445	15	405
1	1675	0	-313
-9	408	11	-793
-13	724	-13	-975
-8	-279	6	-851
-4	-337	21	-447
3	-83	12	151
-7	-4733	-5	783
-3	-4047	5	1105
-13	6587	13	965
-5	-437	7	390
-14	1677	9	-309
1	385	3	-802
-10	715	-7	-957
-5	-295	3	-841
-21	-352	9	-421
-1	-78	-3	148
-5	-4629	-13	778
-3	-3985	1	1097
-12	6429	5	950
-15	-445	-17	403
-4	1639	21	-303
-1	400	16	-785
-5	701	-9	-955
-1	-273	1	-831
-21	-363	5	-431
-1	-87	-3	145
-7	-4657	-1	760
-7	-3981	-1	1054
0	6487	-3	935
-3	-433	-7	395
-17	1638	17	-301
10	405	3	-787
-15	705	2	-933
-7	-279	-3	-831
-14	-351	21	-439
-11	-87	-21	142
2	-4697	1	765
10	-4019	-3	1081
5	6523	7	946
4	-438	-7	391
-3	1655	-3	-308
3	413	-7	-789
-13	712	-15	-949
-9	-287	-7	-834
-11	-353	1	-437
-7	-91	7	135
-3	-4765	3	767
-3	-4109	-13	1079
-15	6650	3	961
-3	-423	-1	386
-10	1691	23	-319
-7	393	3	-791
-5	723	-1	-955
3	-285	-9	-847
-9	-353	15	-453
1	-63	-5	143
-11	-4756	7	774
1	-4109	-9	1105
-16	6625	5	965
-1	-446	-6	391
7	1681	7	-321
-3	392	10	-815
-12	711	-7	-959
4	-279	-7	-845
-3	-345	18	-441
3	-78	-7	133
-6	-4770	9	782
-11	-4051	-14	1093
4	6617	5	955
-3	-445	1	403
-3	1672	7	-325
-3	415	1	-804
-13	715	1	-965
5	-277	-4	-847
-8	-345	3	-454
-8	-76	-7	144
-5	-4751	-1	781
-5	-4029	-1	1105
5	6604	-3	950
4	-431	-4	397
-3	1677	7	-324
-11	409	-4	-805
-9	726	-13	-968
-9	-291	9	-845
-5	-353	7	-443
-7	-84	-3	137
-3	-4799	-11	771
-9	-4093	9	1097
-7	6671	-16	959
-13	-427	-11	413
-8	1693	7	-309
-1	410	4	-791
-15	721	-15	-975
-5	-291	-7	-845
-3	-349	3	-457
3	-95	-11	147
-7	-4731	-7	786
-3	-4053	5	1105
-16	6564	1	957
-8	-461	-1	403
-17	1687	-7	-325
-5	402	1	-799
-3	721	-3	-967
6	-269	9	-845
-11	-345	16	-441
-5	-89	-17	161
-7	-4806	-1	770
-15	-4074	-1	1085
-6	6653	5	937
-1	-463	7	391
-5	1691	7	-323
1	400	-1	-803
3	721	-5	-973
-7	-281	-4	-851
3	-333	5	-460
-9	-89	-13	149
-15	-4801	-15	783
-5	-4075	3	1105
-5	6657	-7	966
6	-435	-3	403
-1	1691	10	-324
-9	403	-4	-803
4	735	-13	-987
-9	-295	12	-853
2	-341	9	-447
-1	-94	-9	145
-5	-4775	-7	775
-7	-4073	11	1097
-1	6635	1	959
-5	-444	-12	408
-16	1699	5	-311
-9	387	6	-807
3	723	-15	-979
-3	-295	3	-841
-2	-340	13	-449
4	-107	-21	151
-9	-4752	3	774
-9	-4077	1	1108
-10	6619	-5	954
-5	-454	-1	403
-5	1691	9	-317
1	382	-7	-803
-9	721	-7	-967
-15	-284	-3	-851
-7	-335	15	-453
-9	-89	3	145
-13	-4725	-1	767
-1	-3999	11	1085
-7	6581	-1	955
-7	-451	3	397
-5	1665	17	-313
8	385	8	-800
-13	709	-5	-949
5	-287	14	-847
-5	-335	27	-444
-9	-99	3	135
-4	-4787	13	775
-3	-4059	-9	1083
-9	6611	1	944
-5	-461	-17	381
-5	1683	21	-304
-1	415	-6	-803
-15	724	3	-957
-13	-295	-9	-853
-7	-337	17	-435
-7	-99	-17	145
-10	-4805	-3	789
4	-4081	-6	1087
-9	6675	16	959
3	-441	-15	392
-3	1695	15	-313
1	399	3	-803
-12	733	1	-969
-3	-291	-7	-853
-13	-356	19	-445
1	-81	5	151
-9	-4823	2	790
-9	-4151	-9	1114
-16	6705	-1	972
-1	-451	3	399
5	1711	13	-315
-3	402	7	-809
0	719	11	-973
8	-289	15	-865
-13	-361	23	-457
5	-89	-1	139
0	-4903	-1	792
-7	-4159	5	1111
-5	6799	3	961
7	-469	-7	401
-10	1727	13	-321
6	408	11	-825
-11	727	-15	-969
-1	-287	11	-867
-3	-345	9	-466
-5	-105	-7	150
2	-4849	1	799
-5	-4074	14	1129
-9	6693	-5	979
-9	-467	1	407
-7	1705	23	-324
1	405	-1	-829
-11	726	-9	-985
3	-295	-3	-859
-13	-345	19	-437
-1	-95	-5	147
-2	-4940	-3	787
4	-4195	5	1097
-3	6879	5	969
-7	-451	-1	409
-3	1747	1	-311
3	409	1	-799
-14	747	1	-987
-3	-299	14	-879
-16	-361	23	-465
-3	-99	-23	152
-7	-4905	1	819
-3	-4161	-1	1159
-11	6805	-7	989
1	-469	-12	415
4	1739	13	-339
-7	397	10	-831
-9	742	-7	-1007
-5	-305	8	-859
-11	-351	7	-447
7	-93	-4	159
4	-4927	3	787
-3	-4151	-1	1125
10	6839	-5	977
-5	-483	3	407
-1	1732	7	-327
-3	403	13	-821
-15	745	-1	-997
-5	-279	13	-865
-11	-349	-3	-471
-3	-107	-7	156
-2	-4973	-3	799
-1	-4173	7	1139
-2	6873	-9	968
-5	-465	3	399
3	1753	11	-327
1	407	-6	-841
7	747	-3	-996
3	-305	11	-869
-1	-353	7	-461
12	-107	7	147
-9	-5006	-9	805
-1	-4245	11	1146
3	6955	-3	983
1	-471	1	419
-3	1784	5	-341
7	391	17	-829
6	747	-7	-1023
-1	-305	12	-887
0	-347	13	-479
4	-111	6	159
-5	-5093	-7	819
-1	-4315	-5	1157
0	7061	5	997
1	-491	1	411
-7	1789	9	-339
-11	402	20	-857
-5	768	-5	-1023
-5	-310	3	-891
-7	-369	10	-479
-7	-91	-1	157
-14	-5067	-1	828
-5	-4254	-12	1169
-5	7021	-7	1021
-11	-508	-11	415
2	1781	15	-349
-15	397	-1	-857
-11	761	-19	-1025
-15	-312	3	-906
-6	-357	7	-463
-3	-127	-9	156
-13	-5153	-3	821
1	-4352	20	1149
-1	7135	-3	995
10	-475	-6	423
-5	1822	7	-333
-9	417	11	-863
-7	785	-7	-1032
-1	-309	11	-909
-13	-355	13	-485
9	-111	-21	151
5	-5143	3	846
-15	-4333	15	1181
-5	7131	10	1035
-15	-477	-3	413
-5	1826	9	-341
-3	413	6	-865
-9	783	-7	-1041
-7	-309	7	-909
-5	-354	11	-467
6	-109	8	169
-11	-5084	-8	831
-3	-4321	-4	1181
-7	7061	-5	1026
-8	-491	-3	421
3	1797	17	-343
3	415	3	-863
-7	766	5	-1033
4	-311	8	-909
-1	-353	19	-465
-3	-91	9	165
-2	-5029	1	835
-9	-4213	-13	1167
2	6953	5	1009
1	-497	-1	413
-12	1781	7	-339
6	400	-6	-867
-7	752	-10	-1027
-3	-294	3	-902
-10	-357	21	-475
-1	-104	-4	157
0	-5079	9	823
1	-4245	-5	1151
5	7008	-3	1003
-7	-475	8	419
-7	1787	0	-319
-7	410	-9	-861
-8	765	-5	-1013
-8	-312	12	-899
6	-371	17	-471
-3	-89	7	153
-3	-4965	-5	835
-1	-4190	-9	1163
1	6887	18	1013
3	-462	-1	422
-2	1769	1	-337
5	405	7	-851
0	733	-11	-1009
-1	-294	-3	-885
-2	-361	5	-465
6	-96	3	157
-9	-4981	8	807
-9	-4215	-7	1147
-14	6881	7	992
-7	-485	-15	419
-5	1761	11	-323
7	383	7	-833
-11	746	3	-1001
11	-300	6	-881
-17	-371	24	-475
-1	-111	-19	147
-3	-5087	-1	807
-15	-4283	-1	1145
-1	7057	17	987
-3	-479	1	411
9	1795	13	-343
-11	405	3	-839
-9	764	-13	-1009
7	-297	11	-896
2	-351	21	-479
-3	-101	12	151
-15	-4953	5	829
-5	-4159	7	1177
-7	6846	-11	1025
-11	-467	-5	421
-1	1749	10	-345
-9	413	-6	-855
-20	743	5	-1033
-3	-302	9	-875
-13	-361	5	-449
-11	-104	-7	159
-13	-5028	-5	803
-11	-4237	-4	1129
-15	6945	-8	975
-9	-462	-1	406
-2	1763	7	-327
1	407	4	-827
6	755	-15	-1011
3	-305	12	-889
13	-351	13	-477
10	-101	3	156
-3	-4931	-5	816
-3	-4193	19	1163
-1	6839	5	1015
3	-472	4	421
-16	1747	17	-339
5	405	12	-841
2	739	-3	-999
-5	-305	7	-867
-15	-345	-2	-455
-9	-99	1	155
-12	-5009	-1	795
-29	-4215	-1	1119
-5	6913	-3	979
-24	-487	-1	423
-12	1753	-11	-337
-11	401	-9	-835
-15	753	-18	-1013
-9	-299	-13	-876
-24	-355	-1	-480
-21	-102	-15	155
-19	-4935	-9	817
1	-4143	-9	1161
-5	6827	-3	997
-11	-462	-6	421
-17	1737	15	-335
-1	419	9	-837
-2	749	-1	-1002
7	-291	11	-867
5	-359	7	-449
-1	-121	7	159
3	-4980	13	805
1	-4226	7	1131
5	6929	16	983
1	-447	7	403
9	1779	25	-329
5	395	6	-837
-10	763	5	-1009
9	-309	14	-893
-17	-354	1	-467
-11	-101	-9	148
3	-5025	-13	813
-7	-4283	1	1143
-8	6969	-19	1000
-19	-477	-12	403
-19	1773	1	-333
-29	374	-3	-843
-11	759	-21	-1007
-22	-289	-9	-895
-19	-353	3	-463
-11	-107	-7	151
-9	-4959	-11	812
-10	-4195	1	1157
-6	6897	3	1005
1	-464	-5	417
-5	1753	11	-343
4	401	3	-855
1	758	19	-1003
5	-283	19	-882
4	-351	25	-447
16	-105	19	154
6	-4989	9	813
13	-4187	29	1149
13	6894	13	997
4	-447	9	413
1	1759	21	-330
7	405	13	-845
-4	753	-1	-1008
-25	-312	-9	-879
0	-371	7	-455
-12	-113	-25	157
-7	-4944	-11	813
-9	-4187	-1	1133
-11	6851	-1	997
-3	-449	-25	417
-25	1749	7	-321
-1	400	-9	-843
-29	745	-29	-995
-5	-284	-17	-875
-13	-363	11	-459
3	-94	-5	150
-13	-4899	10	807
7	-4171	1	1135
-9	6801	7	1000
7	-483	-1	409
1	1733	5	-329
14	395	20	-827
1	727	13	-995
10	-271	20	-871
-1	-355	23	-451
-7	-107	-7	151
-9	-4949	7	808
-8	-4187	17	1127
-3	6847	7	973
-5	-479	-9	399
-9	1722	-3	-319
-3	387	4	-827
-15	727	-21	-987
-3	-292	1	-869
-26	-359	7	-467
-18	-115	-14	158
-10	-4961	-3	811
-15	-4175	-9	1143
-2	6878	-9	981
-7	-467	-3	403
-13	1749	7	-327
-7	413	3	-825
-14	751	-7	-1004
1	-285	9	-869
0	-369	7	-461
5	-94	-13	147
17	-4889	7	801
-1	-4135	-1	1153
-1	6785	13	1005
5	-436	4	410
11	1727	21	-345
-5	391	1	-839
-4	733	7	-997
-5	-305	16	-865
2	-363	5	-451
-3	-114	8	162
-1	-4915	-16	791
-19	-4187	9	1133
-2	6805	-1	970
-7	-467	-3	413
-3	1735	5	-331
-9	392	-7	-819
-15	736	-7	-997
1	-289	-5	-857
-5	-365	3	-467
1	-97	-13	159
-10	-4931	-1	797
-15	-4181	17	1135
-10	6835	-1	975
-13	-454	-9	415
-13	1739	3	-329
11	408	11	-839
-1	745	-2	-1003
-7	-299	14	-867
-9	-349	-1	-466
1	-112	-9	169
-1	-4833	-9	793
-1	-4089	16	1139
-9	6691	-5	981
-7	-464	9	419
1	1705	-5	-338
-5	387	19	-835
-12	730	-11	-992
-3	-297	1	-863
-11	-355	11	-449
-5	-103	-13	159
-21	-4923	-7	775
-9	-4182	-8	1113
-1	6817	-7	949
-3	-446	1	406
4	1741	-1	-315
-10	391	1	-818
-4	739	-5	-981
1	-301	10	-873
-12	-349	11	-469
-3	-99	-1	157
-1	-4858	-5	811
-1	-4137	11	1141
5	6749	-3	992
-12	-465	-11	403
-7	1717	9	-335
-7	401	-3	-829
-11	736	-7	-985
4	-285	13	-865
-13	-349	5	-437
-3	-103	-19	149
-9	-4837	-7	785
-9	-4075	1	1113
-17	6709	3	959
1	-472	-9	407
-10	1710	3	-329
6	389	-13	-823
-5	735	-7	-983
-3	-289	-4	-859
-17	-341	11	-447
-3	-107	-15	135
-3	-4783	-9	795
-11	-4053	1	1117
-5	6632	-5	966
3	-467	-1	391
-13	1697	1	-321
-7	403	15	-807
-22	731	1	-975
9	-279	-6	-849
-6	-347	3	-451
3	-107	-9	143
-3	-4809	-7	773
-5	-4081	-11	1096
-1	6673	-5	957
1	-433	-15	396
-5	1705	13	-303
-11	379	-1	-808
-13	729	-7	-975
-9	-287	-3	-853
-5	-352	7	-461
-7	-107	-8	156
-7	-4814	-3	789
-13	-4125	-12	1101
-3	6685	-5	973
1	-469	-15	395
-5	1701	7	-331
5	374	-9	-823
-11	728	-11	-979
6	-289	13	-849
-7	-349	10	-441
3	-91	-9	151
-4	-4777	-7	794
1	-4028	1	1109
-9	6619	5	963
-1	-451	3	397
7	1685	7	-325
6	395	-6	-816
-5	725	-7	-971
-9	-273	1	-851
-14	-347	7	-450
3	-105	-14	141
4	-4839	-5	777
-1	-4089	-5	1101
-10	6713	3	950
-5	-441	1	389
5	1705	11	-311
-11	387	3	-827
-3	737	-11	-977
-3	-277	-7	-853
0	-347	7	-455
-3	-96	-11	153
-5	-4801	-3	781
-1	-4075	5	1116
3	6679	2	971
-1	-447	-1	401
-3	1703	5	-329
5	384	13	-830
-2	739	-5	-987
-1	-292	1	-853
-5	-339	11	-445
10	-83	-4	145
-5	-4842	3	790
-5	-4127	7	1108
-2	6715	3	963
1	-447	-4	391
8	1729	17	-325
5	384	-1	-815
2	740	-5	-981
6	-279	9	-861
-5	-351	3	-455
-5	-91	-1	159
-8	-4791	-11	792
-11	-4020	-6	1117
-2	6637	3	973
-5	-462	1	407
-2	1692	9	-337
6	385	-5	-825
-11	733	-10	-975
-3	-271	-9	-851
-17	-341	7	-440
-7	-111	-1	145
-2	-4803	3	777
-5	-4046	-7	1107
0	6661	-7	950
-11	-453	-13	397
-3	1697	9	-319
3	390	-6	-805
-22	735	-13	-975
-5	-291	1	-831
4	-363	5	-449
7	-111	12	153
-5	-4855	-11	777
11	-4087	6	1119
-9	6734	-8	949
13	-455	11	397
8	1721	-5	-333
-5	389	-9	-810
-1	735	-5	-979
-3	-301	-5	-857
-5	-337	7	-447
6	-101	-3	150
3	-4826	-3	786
-9	-4092	14	1117
0	6687	-1	963
-1	-485	-17	403
2	1721	5	-335
5	367	7	-825
-25	738	-11	-981
-7	-302	-15	-853
-3	-335	7	-449
-1	-102	6	153
-10	-4827	-5	778
-3	-4025	19	1107
-13	6691	9	957
-3	-469	-15	395
-1	1704	11	-331
11	373	-6	-810
-7	723	-3	-973
3	-297	6	-847
-14	-345	-3	-441
-1	-104	-11	152
0	-4783	-1	799
-5	-3991	1	1105
7	6618	9	962
-5	-457	-3	391
9	1701	11	-334
-9	385	1	-813
-4	733	-9	-972
-3	-297	19	-849
2	-337	7	-447
5	-107	-19	143
-1	-4765	-15	785
6	-3989	-11	1103
-11	6587	-1	945
-13	-457	-15	378
-13	1705	5	-313
-13	365	1	-803
-12	723	-15	-969
-3	-301	-7	-843
-3	-344	3	-445
4	-89	-13	154
-7	-4729	0	775
-5	-3999	-1	1088
-5	6546	13	954
-3	-451	-17	391
-5	1689	7	-307
1	367	5	-813
-13	715	-5	-951
8	-300	1	-837
-11	-337	2	-437
13	-105	-4	155
3	-4733	-1	784
-1	-3963	5	1075
2	6551	-7	937
5	-446	-1	385
-10	1674	13	-319
4	367	3	-808
-1	725	-5	-957
-5	-299	-9	-839
-3	-339	5	-429
-11	-112	-14	152
-13	-4759	-15	785
-15	-3981	-9	1085
-2	6571	7	948
-1	-451	-3	389
-15	1679	1	-305
-11	374	-7	-799
-4	737	-1	-955
-5	-279	-5	-845
-10	-339	15	-433
3	-111	-11	153
-5	-4727	-11	773
1	-3957	5	1095
-5	6531	11	949
-9	-441	1	397
-6	1677	9	-313
-1	365	-1	-800
-11	729	-3	-953
3	-294	-9	-835
-21	-336	13	-419
3	-104	-9	148
-13	-4661	-7	778
-1	-3896	-1	1091
-7	6414	5	941
-5	-445	-5	390
-10	1639	17	-307
-1	359	-3	-793
-11	707	-9	-953
-3	-284	4	-817
-1	-341	15	-429
1	-109	-14	149
-19	-4756	-13	759
-3	-3959	4	1058
-12	6573	3	919
1	-461	-3	383
-2	1672	-1	-315
6	381	5	-778
-13	723	1	-935
-11	-292	6	-839
-7	-327	3	-445
3	-111	1	142
-11	-4763	-3	779
-12	-3967	-1	1089
-11	6584	5	950
6	-436	1	385
-9	1681	3	-322
1	366	5	-809
-9	716	-13	-959
-5	-291	11	-843
-6	-325	-7	-443
-3	-115	-5	155
2	-4829	-15	765
-3	-4002	7	1089
-15	6642	-3	939
-13	-451	1	398
-19	1695	3	-323
-3	343	1	-795
-8	737	-9	-969
-3	-297	7	-835
-10	-334	-3	-451
-3	-107	-13	160
-7	-4782	-3	782
-5	-3979	7	1108
-9	6587	7	953
3	-467	-4	397
9	1697	13	-331
-3	356	16	-807
-5	725	-19	-973
-3	-297	18	-835
-5	-339	13	-443
-13	-114	-1	161
-6	-4831	3	780
-5	-3981	22	1097
2	6659	1	935
1	-465	7	397
-3	1698	13	-329
-9	351	1	-797
-13	741	2	-969
-11	-297	-3	-833
-15	-327	-1	-443
-5	-109	-1	166
2	-4633	-7	787
-7	-3822	-1	1119
-3	6399	-3	950
-9	-464	-7	385
3	1657	3	-332
-7	369	1	-807
-15	712	-5	-951
-7	-305	4	-822
-1	-323	7	-413
3	-111	-3	167
-10	-4650	1	759
-5	-3855	11	1052
-7	6398	-3	911
-1	-449	-5	384
-14	1649	1	-303
-8	351	4	-776
-12	723	-7	-943
-5	-301	-3	-815
-12	-335	5	-429
-5	-114	-5	147
-5	-4717	-2	761
-5	-3937	-3	1070
-5	6531	-1	930
-8	-465	-14	374
4	1673	1	-323
-3	347	5	-793
-1	730	1	-951
-9	-295	-5	-823
9	-334	13	-433
5	-107	-1	153
-9	-4669	-5	776
-7	-3827	1	1083
6	6439	9	945
5	-481	-9	377
1	1658	9	-329
3	353	11	-795
1	715	-10	-933
-1	-297	-9	-817
-12	-317	7	-422
-3	-121	-3	154
-11	-4653	3	761
-1	-3832	1	1059
-1	6407	7	924
1	-457	-1	375
-7	1642	15	-303
-5	343	1	-781
-19	715	-9	-935
-3	-303	-1	-817
1	-321	5	-433
-3	-137	-3	151
-1	-4733	-3	757
6	-3922	-7	1072
1	6517	3	931
5	-459	-11	371
-3	1689	7	-311
-1	345	11	-791
-6	727	-7	-933
-5	-315	22	-821
0	-321	13	-427
1	-109	3	145
-11	-4643	2	763
5	-3861	1	1075
2	6418	9	943
-13	-489	-7	377
-6	1643	17	-317
-9	338	12	-801
0	703	-13	-951
-9	-302	-1	-814
-5	-329	3	-415
-1	-107	1	135
-8	-4713	-7	766
-1	-3879	-12	1055
-7	6491	3	911
-5	-479	-7	375
-9	1673	7	-311
3	357	8	-781
-5	721	-11	-943
-11	-305	3	-827
-7	-329	-1	-446
1	-125	-1	143
-3	-4749	1	771
-5	-3899	12	1077
-7	6522	3	934
8	-469	-3	375
3	1677	10	-320
1	369	3	-799
0	727	-1	-945
1	-310	-7	-824
8	-323	15	-425
1	-112	5	143
-2	-4777	-7	777
-3	-3950	3	1081
-1	6609	-1	937
-1	-465	-9	390
-3	1701	-1	-325
-10	347	4	-801
-18	739	-5	-967
-7	-307	5	-841
-16	-326	13	-445
1	-113	-13	154
-3	-4754	-5	771
-3	-3938	1	1107
-8	6536	-1	938
-5	-497	-14	384
-7	1687	3	-331
-10	357	12	-807
-9	725	-11	-959
4	-307	13	-831
-5	-326	10	-431
-5	-127	-5	159
-7	-4845	3	762
-5	-3976	3	1089
-11	6679	-1	929
-12	-497	7	393
5	1716	9	-331
-3	348	6	-800
-5	743	-21	-969
-13	-303	-4	-835
-2	-331	9	-445
-5	-115	-11	152
-8	-4885	-7	785
-13	-3981	5	1111
-9	6719	-3	960
-7	-492	-3	391
-11	1717	18	-334
3	359	-3	-811
5	749	-15	-987
-1	-319	1	-847
1	-329	7	-445
1	-127	-15	175
3	-4917	-7	789
6	-4033	20	1119
1	6752	7	959
-1	-467	11	401
-6	1745	5	-323
-5	355	9	-819
-19	749	-7	-979
3	-309	16	-847
-2	-336	7	-451
4	-120	-5	155
-7	-4858	7	807
-5	-3984	1	1117
-7	6695	-5	973
-7	-515	-11	397
-17	1731	-5	-343
7	359	-1	-835
-9	751	-3	-981
3	-312	-6	-851
-9	-332	13	-443
1	-104	-4	155
-4	-4794	5	789
-3	-3881	3	1111
-1	6577	11	957
-1	-508	-9	405
10	1711	1	-317
3	361	1	-807
-9	742	-5	-991
3	-305	9	-853
7	-325	5	-444
-3	-132	-19	159
-8	-4753	3	783
-11	-3866	12	1083
-14	6518	3	944
-5	-492	5	385
-7	1687	5	-299
-9	377	1	-805
-11	741	-13	-958
-1	-315	-3	-833
0	-315	9	-425
-13	-119	-1	143
-5	-4751	-5	769
3	-3881	-3	1070
-7	6533	13	937
-13	-481	-14	376
-4	1693	13	-305
-5	356	-6	-793
-16	739	-5	-957
1	-315	7	-833
-5	-335	13	-433
-1	-105	1	155
-7	-4767	-3	780
-1	-3931	-7	1090
-2	6562	9	948
1	-497	9	384
6	1701	15	-325
1	353	7	-797
3	733	5	-963
6	-299	7	-839
-5	-325	17	-431
11	-99	-3	151
-2	-4762	3	778
-5	-3883	-17	1087
1	6535	3	947
-9	-481	-13	381
-21	1690	3	-321
-3	357	7	-803
-11	729	-15	-967
-13	-295	-19	-831
-5	-325	3	-423
-9	-127	-12	141
-11	-4827	-5	775
5	-3971	-9	1087
-5	6659	3	944
11	-480	-3	391
-1	1713	11	-315
1	364	1	-803
-10	739	3	-957
-12	-317	11	-834
-9	-323	11	-439
5	-121	-19	159
-5	-4905	-9	793
10	-4003	1	1109
-11	6744	-1	967
3	-485	-3	378
-10	1743	7	-339
-3	369	5	-819
-3	749	-9	-969
1	-323	1	-843
-11	-330	7	-433
1	-109	-11	159
1	-4882	-15	783
-15	-4039	-3	1109
-6	6721	7	974
3	-511	-9	411
-13	1745	-1	-339
-10	361	10	-829
-7	746	-7	-977
-1	-305	-11	-855
1	-337	7	-439
-3	-113	1	159
5	-4916	-5	795
-13	-3994	-9	1117
-11	6755	-7	957
-12	-495	3	407
0	1745	1	-327
8	361	3	-825
-11	750	-5	-981
-21	-307	1	-859
-14	-329	7	-455
-12	-122	-6	139
2	-4865	-1	793
-9	-3955	7	1107
-1	6697	-1	960
6	-500	-3	391
-17	1729	15	-326
-17	382	-3	-821
-10	741	-17	-991
-14	-318	-1	-853
-10	-337	11	-447
5	-125	-11	151
-5	-4945	5	793
-5	-4056	21	1107
-7	6805	2	959
3	-485	-1	398
-6	1755	3	-321
1	365	4	-826
-8	757	-5	-983
7	-317	-3	-859
-9	-326	19	-455
3	-121	-7	162
1	-4937	2	805
-3	-4091	6	1135
-6	6811	-3	981
-1	-518	-9	391
-1	1765	5	-339
-13	374	5	-835
2	756	-15	-995
-9	-319	13	-863
-7	-339	11	-461
-3	-117	-12	163
2	-4941	-11	806
-12	-4020	-12	1131
-18	6799	3	969
-14	-495	-5	405
-5	1749	1	-337
-11	364	3	-827
1	749	-13	-989
-11	-313	19	-869
-5	-327	9	-448
-11	-120	-1	161
-5	-4953	3	809
1	-4025	14	1125
-3	6787	3	968
-7	-487	4	397
-1	1747	2	-346
-9	371	11	-825
-16	763	-7	-996
1	-313	-1	-861
-5	-337	9	-457
1	-121	-17	161
-9	-4811	-11	801
-5	-3941	-1	1121
-3	6617	2	983
-3	-485	-1	397
-8	1715	13	-337
7	366	1	-832
-5	745	-5	-979
5	-309	3	-845
-5	-336	19	-431
13	-102	-3	156
1	-4773	-5	786
3	-3945	-1	1097
9	6567	-5	957
-1	-487	4	387
-2	1695	15	-307
-1	375	1	-809
5	735	-15	-971
-5	-297	18	-841
-3	-334	10	-443
15	-99	1	143
7	-4747	15	773
-1	-3884	3	1083
6	6525	-7	933
-3	-503	1	389
-1	1678	11	-307
-3	359	-4	-803
-15	717	7	-947
-5	-305	-9	-843
-7	-329	13	-434
1	-120	1	150
-3	-4795	-1	767
1	-3935	3	1077
-15	6600	3	934
8	-471	-11	393
-11	1699	0	-307
-3	377	-15	-791
-16	724	-5	-953
-7	-310	7	-834
-11	-323	11	-451
9	-111	14	141
-9	-4811	-9	787
6	-3973	-1	1094
-3	6627	-15	955
13	-471	3	382
-6	1707	7	-317
3	377	3	-812
3	741	1	-961
-3	-307	10	-843
-13	-327	13	-445
8	-117	15	149
-5	-4804	-13	784
-3	-4023	11	1097
-7	6645	-1	951
-9	-474	-17	389
-4	1715	9	-327
-1	369	3	-829
-5	736	-5	-957
-3	-297	-1	-849
-7	-328	13	-443
5	-99	-19	147
-14	-4848	-3	775
-7	-3984	7	1105
-9	6671	-7	953
5	-485	-7	399
5	1713	5	-331
11	356	1	-819
3	733	-5	-971
-11	-307	-4	-853
-3	-323	9	-460
5	-122	1	139
-5	-4889	1	765
-10	-3991	7	1105
-2	6733	13	958
-9	-477	-1	393
-9	1727	5	-332
-11	379	7	-803
-22	741	-17	-984
-1	-312	-1	-859
-8	-325	13	-443
-7	-117	-3	153
-7	-4865	-5	797
-1	-4028	-8	1111
-7	6722	5	975
-9	-477	-12	401
6	1737	9	-327
-3	365	9	-819
-13	735	-3	-989
1	-312	3	-853
-17	-341	13	-455
3	-122	13	156
-1	-4937	-5	789
-15	-4113	6	1115
-11	6824	-1	955
-7	-507	9	391
-8	1771	15	-325
-7	361	-5	-823
-16	738	-5	-987
3	-325	1	-865
-3	-334	2	-459
-3	-117	1	145
-11	-4977	7	804
-8	-4107	5	1141
-10	6869	-11	981
-9	-499	1	411
-3	1757	15	-337
-7	379	13	-841
-7	753	-13	-993
-7	-307	-3	-877
-6	-327	9	-445
-8	-109	-17	157
6	-4897	1	805
-12	-4031	7	1127
-1	6743	-3	979
-1	-495	13	405
-13	1743	7	-336
-3	395	-5	-835
-11	749	-9	-994
-3	-312	6	-857
-3	-335	15	-437
-1	-117	-11	145
-5	-4889	-3	797
-7	-4035	-13	1119
-11	6738	8	963
-7	-475	-1	394
-9	1739	15	-325
-9	371	-13	-821
-5	747	-7	-987
7	-307	-7	-857
-14	-321	11	-443
8	-107	3	164
-11	-4802	3	791
-9	-4013	-9	1119
1	6641	-5	975
-5	-495	-14	395
-7	1711	15	-323
-1	374	-5	-821
-15	739	-9	-983
6	-299	15	-863
5	-345	15	-433
-3	-99	-9	155
-8	-4813	-1	784
-3	-3991	1	1099
4	6667	-9	949
7	-477	3	383
5	1706	19	-319
4	372	-1	-825
-7	747	-7	-983
5	-303	-9	-855
-2	-343	5	-447
-17	-104	-6	158
-5	-4841	-1	779
-17	-3997	3	1101
-5	6689	1	960
1	-479	4	395
-5	1713	7	-326
-1	397	-3	-799
-11	741	-1	-973
-7	-312	1	-861
-10	-331	11	-451
-1	-139	-7	145
9	-4954	-9	785
6	-4143	7	1105
3	6851	-7	955
-3	-461	1	404
-10	1773	13	-321
-7	373	1	-819
-19	741	-9	-987
3	-317	18	-875
-15	-341	17	-467
-3	-119	1	151
-7	-4985	-10	799
-13	-4161	13	1147
0	6880	-3	995
-15	-499	-1	413
-14	1759	1	-337
-5	397	-5	-839
-9	747	-25	-1005
3	-305	3	-877
-3	-339	7	-469
-11	-107	-12	159
-3	-5017	-3	812
1	-4159	-4	1139
-9	6935	-3	977
1	-503	10	417
-3	1773	5	-335
6	400	-4	-841
-9	765	-13	-1007
-9	-303	1	-878
-3	-335	7	-473
-10	-123	-14	160
-5	-5131	-5	807
1	-4275	5	1155
-5	7083	-3	997
6	-493	1	409
1	1795	3	-348
-5	399	6	-839
-11	783	-9	-1031
-5	-327	3	-895
-10	-331	19	-463
1	-130	3	165
0	-5113	-3	837
-3	-4261	-4	1179
-5	7061	-8	1015
-1	-489	-15	412
-9	1822	7	-347
-8	375	1	-863
-5	775	-7	-1033
1	-315	-11	-891
-2	-358	17	-467
11	-114	4	170
-9	-5148	-3	839
5	-4328	-3	1171
-1	7133	11	1001
-7	-521	-17	413
1	1833	3	-343
-5	401	10	-849
-10	791	-9	-1047
-1	-317	11	-909
1	-347	10	-473
-3	-107	1	171
-3	-5188	-7	841
-3	-4290	7	1183
-7	7149	1	1025
-3	-505	-9	429
-9	1835	21	-347
10	395	-6	-883
-7	783	-2	-1037
-9	-319	11	-907
2	-339	9	-465
-13	-143	-22	164
2	-5273	-5	837
-5	-4377	10	1187
5	7274	3	1023
3	-526	-5	427
-21	1858	13	-355
-11	413	-9	-872
-13	801	-11	-1040
5	-325	-3	-917
-13	-357	17	-483
-1	-111	1	167
-10	-5071	-5	862
3	-4213	13	1199
-3	7016	11	1049
-3	-490	-1	427
-17	1810	15	-339
1	420	6	-881
-10	779	-5	-1031
-5	-310	1	-899
-3	-356	21	-453
1	-105	-9	168
-5	-5089	-7	825
-11	-4254	-6	1143
-6	7025	17	1005
-9	-513	-1	419
-12	1805	11	-337
-3	411	-17	-857
-17	771	3	-1019
-3	-318	1	-911
-9	-367	23	-477
-1	-117	-5	159
-8	-5091	9	842
-5	-4213	-1	1173
4	7027	5	1019
-1	-503	-1	423
-10	1795	-3	-339
8	405	-4	-859
-3	772	-5	-1013
-5	-317	-4	-895
-11	-339	13	-466
1	-115	1	149
-7	-5031	-5	829
-1	-4155	-7	1173
-11	6924	-1	1015
4	-487	5	421
-9	1771	7	-330
-5	423	15	-847
-19	767	-11	-1017
-10	-318	3	-891
-4	-355	-1	-461
-11	-102	-17	163
-10	-4975	-7	825
-3	-4149	5	1151
-7	6871	7	1005
-3	-469	-9	410
-9	1769	11	-325
-5	407	-7	-838
-11	753	3	-1013
7	-305	-1	-869
0	-358	9	-463
-11	-99	8	163
9	-4999	8	799
-3	-4205	12	1139
8	6898	-1	994
-7	-479	-1	425
-8	1769	9	-333
-3	405	-3	-831
-23	755	-7	-1009
-9	-311	6	-881
-3	-355	11	-469
-9	-95	1	153
-16	-5083	-5	799
3	-4241	-1	1151
-11	7019	-7	1005
-11	-492	3	423
-3	1787	-1	-331
4	426	6	-849
-9	757	-16	-1021
3	-315	-3	-900
-13	-345	7	-477
-9	-109	-17	148
0	-5011	-3	829
-14	-4205	7	1175
-13	6940	-9	1019
-7	-485	-8	429
-9	1781	16	-336
-5	415	7	-837
-11	757	-1	-1015
-3	-307	12	-879
-12	-369	5	-459
-5	-117	-11	177
-13	-5090	-1	809
4	-4264	-15	1146
-1	7041	8	995
-3	-477	-3	419
-3	1816	7	-333
-10	392	4	-841
-16	771	-15	-1021
-18	-319	-1	-881
-5	-365	11	-471
-9	-121	6	152
3	-5067	-9	837
-13	-4287	1	1183
-1	7023	1	1014
-10	-500	-7	433
-2	1797	5	-349
-3	397	1	-851
-11	761	-11	-1037
3	-315	-3	-887
-5	-357	9	-473
-9	-111	11	155
1	-5063	3	826
-9	-4223	6	1169
5	7015	-3	1015
3	-485	7	425
-5	1783	1	-345
-3	391	4	-859
-7	765	-5	-1025
-13	-307	14	-904
-1	-341	9	-468
-13	-127	1	164
-1	-5051	3	825
-10	-4202	7	1169
-2	6977	5	991
1	-469	-13	419
-11	1777	2	-350
-9	410	-7	-853
-6	769	-13	-1029
-9	-319	1	-887
1	-349	5	-469
-3	-117	-15	161
-16	-4965	-1	813
-13	-4153	-7	1151
-9	6855	2	1003
-9	-465	3	413
-4	1759	1	-329
-7	399	7	-849
-10	739	-1	-1003
-11	-313	5	-881
-9	-360	11	-459
-5	-120	-13	152
-5	-5001	8	814
-3	-4231	1	1127
-2	6913	5	981
-8	-495	-15	413
2	1761	17	-325
-3	409	-9	-833
0	769	-7	-1007
-5	-294	3	-885
-1	-365	7	-449
-7	-93	-19	139
7	-4913	-5	818
-14	-4099	-9	1151
-4	6799	11	1003
-3	-490	7	405
0	1745	13	-337
1	385	1	-849
-1	741	-1	-989
9	-305	-3	-883
-14	-351	9	-450
3	-137	-11	153
-3	-4963	-7	801
-5	-4159	7	1113
9	6875	1	975
10	-462	-11	405
-7	1755	11	-325
1	401	-1	-819
-10	755	-7	-994
-3	-305	1	-883
-8	-343	7	-459
5	-101	1	145
-13	-4817	-1	817
-7	-4025	4	1140
-13	6670	-5	993
5	-462	-9	406
-11	1717	19	-325
5	389	9	-832
-10	729	-7	-985
-3	-291	-11	-855
-21	-365	-3	-445
-1	-109	-6	155
-17	-4927	3	784
-3	-4172	9	1092
-12	6805	5	966
-1	-472	-6	403
-11	1723	9	-307
-1	384	16	-809
-13	744	3	-995
-3	-292	-1	-869
-1	-357	15	-465
5	-99	-3	147
-10	-4835	-5	808
1	-4033	1	1139
-8	6661	3	987
-10	-465	7	407
-9	1708	-1	-331
8	395	-4	-812
-9	737	-9	-981
7	-287	9	-855
-7	-341	13	-439
3	-109	-6	147
-9	-4751	-11	771
-7	-3979	3	1111
5	6572	1	948
-9	-454	-11	409
1	1681	11	-315
9	413	6	-799
-9	731	-11	-965
-8	-294	1	-843
-3	-363	3	-447
-7	-115	1	151
1	-4801	11	773
6	-3997	-4	1096
-9	6611	-11	947
-9	-453	-9	394
-6	1693	7	-307
-3	377	11	-794
-1	729	-7	-969
1	-305	7	-845
-1	-341	7	-459
-3	-117	-11	150
-5	-4775	-16	769
-5	-4035	-4	1109
-13	6607	-3	959
1	-464	-6	403
-10	1703	9	-333
-3	372	-1	-797
7	729	-7	-965
6	-297	8	-843
-3	-353	2	-445
-5	-107	-12	149
-11	-4827	-9	773
-5	-4039	1	1095
-3	6679	-1	949
9	-462	-3	397
7	1708	1	-319
4	371	13	-793
-9	739	-3	-969
-3	-297	-1	-853
-3	-327	9	-462
3	-109	-9	139
-5	-4771	-5	785
-3	-3959	1	1115
2	6591	-1	956
-13	-483	-4	395
-3	1689	-3	-326
-3	384	1	-813
-12	728	-17	-968
-9	-297	-9	-845
-13	-333	1	-447
-3	-111	-3	143
0	-4847	-11	781
-9	-4069	-5	1094
-7	6708	-2	943
-3	-459	-12	394
-6	1723	9	-315
-11	369	-6	-799
-4	739	-7	-977
-13	-302	3	-859
-16	-324	13	-455
10	-93	-7	147
3	-4733	-3	800
-15	-3981	1	1109
-3	6550	-1	959
-12	-483	-9	403
-2	1685	7	-337
5	377	7	-815
-14	731	-21	-967
6	-293	6	-839
3	-337	13	-425
-5	-112	-12	145
-9	-4844	5	767
-5	-4039	6	1067
-11	6693	5	937
-7	-469	-1	395
-5	1713	1	-309
6	389	-4	-793
-9	744	2	-963
1	-295	-4	-859
-12	-331	-3	-457
-5	-105	-17	140
-5	-4749	-9	777
-1	-3976	3	1117
-11	6574	1	948
-3	-456	-13	385
-9	1685	8	-319
3	377	-4	-821
-18	733	-3	-964
-8	-310	17	-849
-4	-337	-1	-431
9	-114	-9	145
-2	-4749	-5	765
-9	-3976	-8	1075
1	6573	0	953
-1	-459	-9	380
-19	1693	9	-317
-7	375	6	-803
-13	727	-9	-961
-7	-293	-13	-851
-12	-332	11	-447
4	-117	-21	141
-11	-4789	-15	774
-3	-4035	-3	1078
-2	6623	7	947
-9	-462	-9	385
-2	1695	5	-315
3	365	3	-815
-15	732	-1	-967
6	-282	-5	-851
-7	-343	17	-445
3	-95	-9	151
-5	-4756	-1	779
-9	-3975	6	1105
14	6567	3	953
-1	-453	-9	393
-3	1685	9	-329
-3	377	9	-811
-13	719	-3	-967
-3	-287	9	-841
-14	-345	19	-442
1	-101	-13	142
-2	-4779	-7	769
-7	-3999	7	1083
-16	6587	3	934
-9	-443	1	383
-15	1683	13	-326
-3	389	-1	-803
-7	733	-11	-973
5	-303	6	-847
-10	-339	5	-447
3	-123	3	147
2	-4807	-7	781
-1	-4045	-5	1093
-3	6659	2	943
-7	-431	1	401
-5	1703	-1	-327
3	363	-6	-803
-2	727	-7	-967
9	-294	-11	-849
1	-345	15	-453
-1	-107	-1	156
-3	-4802	7	786
-3	-4043	14	1108
-1	6651	-1	955
-10	-447	-1	387
-13	1713	7	-327
-3	374	-9	-817
-11	725	-13	-985
13	-307	17	-841
-5	-345	7	-453
-9	-109	4	151
-2	-4788	-9	777
-14	-3977	-9	1113
0	6599	7	943
5	-472	-1	395
-9	1691	7	-337
1	369	-3	-808
-9	721	-5	-975
-11	-287	-5	-841
-4	-327	7	-433
1	-99	6	147
2	-4757	-7	773
3	-3983	10	1095
-7	6574	-5	936
-1	-462	4	395
-11	1675	9	-319
-1	383	3	-809
2	717	-7	-965
7	-295	5	-841
-5	-333	15	-451
-12	-105	5	159
-2	-4763	-7	765
-3	-3995	13	1090
-15	6577	-9	947
-9	-451	-3	399
-12	1685	-9	-339
-3	369	4	-791
-16	735	-9	-961
-9	-302	-5	-841
-10	-350	11	-449
-7	-95	-5	152
-9	-4679	-7	771
5	-3963	17	1089
-9	6477	3	940
13	-473	-1	399
-9	1657	11	-313
-3	366	-1	-799
-10	715	-5	-963
10	-276	27	-823
3	-339	0	-437
-9	-99	-7	153
1	-4693	3	755
-5	-3947	9	1075
-4	6507	-1	927
1	-441	12	389
5	1667	13	-307
-3	369	-6	-804
-15	713	7	-941
-5	-297	6	-843
-6	-333	5	-439
-7	-112	-1	143
6	-4805	-3	765
-10	-4020	-1	1079
-1	6633	-1	934
8	-462	1	377
-7	1695	2	-307
-5	375	-1	-795
-7	737	-5	-952
1	-301	-1	-841
-5	-325	11	-445
-7	-107	-11	145
-5	-4793	3	787
6	-4035	15	1088
-7	6642	8	957
-9	-437	-12	384
-7	1705	11	-325
-5	374	-17	-809
4	723	-5	-957
-3	-294	-1	-849
5	-339	11	-441
3	-109	-11	141
-13	-4751	-15	780
-3	-4038	-4	1086
-3	6595	5	955
-15	-464	-6	381
-5	1683	1	-321
-3	369	-1	-807
-10	716	-3	-957
-3	-309	9	-851
-11	-339	16	-433
-7	-101	-12	135
-5	-4764	1	786
-3	-3974	1	1085
-10	6591	7	951
1	-459	-9	389
-14	1671	19	-323
-1	389	4	-811
-9	715	1	-953
7	-293	9	-851
-14	-333	19	-435
-3	-89	-6	143
4	-4701	7	767
1	-3953	16	1087
-12	6505	-3	946
10	-456	4	383
1	1654	13	-310
3	377	-7	-803
-1	716	-9	-951
-5	-287	-3	-833
-11	-339	17	-423
-7	-99	-11	143
-7	-4697	7	767
-1	-3947	-6	1075
-11	6484	8	933
-13	-444	-1	394
-7	1659	7	-317
-1	374	-12	-792
-7	711	-5	-947
-9	-292	7	-833
-13	-347	-1	-443
10	-91	-11	148
-7	-4767	-8	756
-5	-4043	3	1079
1	6584	-5	931
-8	-455	-7	391
6	1679	5	-321
-1	372	-5	-799
-19	715	-11	-955
-5	-271	-5	-833
-1	-347	13	-431
11	-109	-19	141
-7	-4823	-1	778
-1	-4061	6	1091
-2	6699	-7	953
3	-459	-11	401
3	1707	5	-319
-1	366	7	-811
-7	719	-11	-965
-1	-289	7	-845
-6	-345	25	-452
-5	-86	-5	156
-4	-4757	-1	779
3	-3975	14	1127
5	6577	3	958
-3	-443	1	395
-3	1666	3	-336
-17	389	4	-815
-3	720	-13	-974
-11	-294	1	-832
-9	-343	1	-443
-10	-107	-11	159
-12	-4775	-9	769
-5	-4039	-7	1090
-3	6613	-7	945
-3	-435	-7	394
-4	1689	7	-313
-5	383	9	-793
-3	727	-7	-969
5	-301	1	-837
2	-344	13	-447
11	-78	-3	156
7	-4770	-11	777
5	-4069	19	1105
-3	6617	3	963
-11	-456	-9	407
4	1695	19	-333
-10	384	5	-799
2	730	-13	-973
-3	-287	19	-847
-7	-341	8	-433
-9	-91	1	159
-6	-4727	-15	788
-1	-3976	-11	1093
-4	6557	-1	943
-11	-455	1	405
-3	1675	1	-319
1	351	-6	-804
-23	709	-18	-969
-21	-287	-13	-835
-20	-343	-5	-437
-10	-107	-17	143
-6	-4773	-7	769
-7	-4033	-1	1079
-3	6623	-11	942
-19	-431	-9	391
-7	1675	-7	-310
-5	383	-1	-797
3	725	-19	-963
-9	-289	11	-845
7	-337	13	-445
7	-122	3	139
10	-4831	-1	781
6	-4097	6	1098
11	6720	18	961
-1	-429	1	399
0	1715	21	-315
5	377	17	-814
-13	733	-7	-969
7	-297	12	-853
-7	-323	11	-455
6	-115	-17	141
-7	-4797	7	796
-7	-4089	7	1113
-5	6645	-5	968
-11	-449	-12	403
-10	1701	9	-325
-5	356	-1	-825
-17	718	-11	-975
-19	-295	-4	-859
-15	-339	-7	-445
-23	-81	-17	143
-18	-4765	-17	793
-23	-4025	-17	1091
-15	6607	-19	967
-1	-461	-13	387
-7	1674	1	-323
-1	373	4	-813
-19	723	-9	-969
-11	-281	1	-845
-6	-333	7	-442
3	-103	-17	140
-6	-4821	1	781
-1	-4066	5	1097
-2	6677	1	948
6	-443	-9	387
7	1699	9	-305
-3	389	4	-797
-9	741	7	-973
13	-289	17	-855
-2	-349	25	-441
7	-96	10	147
-12	-4853	9	801
6	-4110	9	1115
-1	6732	3	975
-1	-433	3	400
-16	1707	15	-325
3	387	4	-814
-14	717	-3	-965
5	-305	-3	-859
-27	-341	7	-443
-9	-109	-7	154
-17	-4782	-15	799
-13	-4053	-12	1117
-7	6597	-3	962
-11	-465	-19	393
-13	1693	7	-331
-11	384	-7	-829
-23	717	-15	-977
-3	-287	-4	-847
-5	-334	10	-441
-5	-85	-9	159
-1	-4765	-1	781
-8	-3992	1	1099
2	6599	9	945
-3	-461	-5	391
-3	1672	15	-329
3	387	7	-790
-13	733	-1	-957
-3	-285	7	-845
-7	-345	23	-435
-3	-86	-1	146
-1	-4781	-1	781
-3	-4039	5	1103
3	6618	5	950
6	-438	11	397
-11	1685	11	-324
-3	387	-3	-813
-10	710	-19	-975
-13	-300	-1	-845
-9	-349	13	-455
-5	-89	-1	169
-7	-4712	-7	785
-13	-3971	15	1106
-5	6505	-1	965
-7	-443	-7	394
-10	1661	-3	-315
-3	377	-7	-808
-17	717	-17	-967
-7	-285	-11	-835
-1	-354	3	-439
11	-89	-3	156
-1	-4645	8	775
3	-3941	9	1081
7	6450	5	940
3	-446	-11	390
-2	1653	13	-305
5	387	7	-783
0	701	5	-947
13	-289	5	-829
3	-345	21	-447
5	-81	-5	153
-9	-4627	-3	758
-3	-3881	1	1069
-7	6391	-7	921
1	-454	-1	385
-7	1632	5	-311
4	375	5	-784
-21	705	-2	-935
-13	-293	-9	-815
-5	-335	7	-428
-5	-107	-17	151
-4	-4633	-5	747
-13	-3885	1	1057
-17	6403	-13	910
11	-435	-15	395
3	1629	2	-310
-5	389	11	-775
-10	699	-9	-933
-1	-287	-6	-827
-7	-327	19	-435
-3	-112	-3	133
0	-4648	-7	749
15	-3925	-1	1068
13	6451	-7	929
9	-431	-6	376
-4	1659	25	-301
13	363	9	-773
-3	721	-11	-943
1	-279	10	-821
1	-329	7	-445
8	-109	-5	136
-7	-4711	-3	756
-11	-4027	6	1074
-11	6550	5	926
1	-451	9	386
-12	1671	9	-315
-3	379	-1	-795
-11	721	-9	-949
1	-277	-1	-841
-7	-334	2	-457
-9	-99	-7	141
-9	-4735	-5	765
-13	-4002	1	1087
-3	6583	5	935
-3	-449	-3	391
-5	1670	9	-323
6	382	-6	-805
-9	723	-8	-955
-5	-285	1	-835
-7	-331	11	-444
-5	-123	-7	134
3	-4795	7	765
-3	-4073	7	1079
7	6663	-3	938
-1	-451	-1	383
-1	1693	18	-307
7	395	1	-803
1	733	-3	-962
1	-302	1	-861
-10	-329	13	-447
-3	-107	-13	137
-9	-4799	-3	781
-13	-4069	3	1100
-1	6669	-7	973
-1	-449	-3	389
-6	1699	9	-317
7	373	1	-820
-1	733	-5	-973
-5	-302	12	-851
-1	-339	23	-451
13	-112	-6	147
-13	-4808	1	781
-7	-4097	-7	1095
-15	6671	5	962
-15	-459	-17	401
-4	1699	11	-329
1	383	7	-815
-12	724	3	-965
8	-313	3	-867
-9	-345	21	-439
-1	-99	-19	149
-9	-4886	-1	793
-13	-4105	7	1099
-2	6757	1	969
-3	-467	1	387
-12	1721	11	-329
4	390	-1	-814
-5	733	-13	-973
-9	-305	4	-869
0	-335	19	-448
-5	-113	-9	139
4	-4861	5	791
10	-4105	5	1113
-9	6711	-3	968
1	-453	-1	393
5	1701	11	-326
-3	395	-1	-827
-9	739	9	-981
3	-284	14	-861
-10	-353	21	-445
-7	-97	-1	149
-7	-4817	-3	789
-9	-4079	15	1098
-7	6667	5	971
-13	-441	-5	403
-17	1699	11	-323
-7	379	1	-818
-19	721	-3	-975
-5	-292	-13	-857
-12	-362	5	-449
-1	-89	-4	143
-9	-4711	-8	796
-15	-4001	-9	1113
-3	6516	-5	959
-21	-471	-17	401
-8	1677	-5	-323
-14	379	-1	-809
-7	711	-15	-967
-5	-277	1	-841
5	-351	7	-443
5	-81	1	155
6	-4741	-1	776
12	-3968	5	1075
13	6555	15	943
5	-444	-1	397
12	1672	27	-313
11	393	11	-786
5	719	-11	-953
3	-279	24	-837
8	-345	23	-435
-9	-93	9	135
-6	-4797	1	769
-9	-4035	-3	1079
-15	6612	-7	940
1	-441	-1	389
-5	1664	1	-326
-11	395	6	-789
-24	731	-21	-967
-23	-297	-9	-849
-15	-347	-7	-445
-16	-112	-17	145
-23	-4809	-19	781
-19	-4074	-11	1110
-15	6669	-21	955
-15	-443	1	393
-13	1701	3	-325
-3	383	-1	-801
-4	719	-5	-969
3	-292	5	-841
5	-347	17	-451
4	-85	3	148
11	-4789	-10	786
7	-4058	9	1115
5	6637	5	967
13	-453	1	401
3	1687	9	-325
12	384	16	-809
-7	731	-3	-973
8	-289	17	-847
17	-335	8	-451
3	-101	1	147
-17	-4786	-1	774
-13	-4012	-6	1103
-16	6607	-7	949
-13	-471	-1	399
-19	1683	-1	-325
-15	375	1	-802
-25	711	-23	-961
-15	-299	-13	-853
-7	-341	-15	-441
-17	-102	-17	148
0	-4739	-15	767
-7	-4005	-1	1099
-5	6570	-5	946
-7	-459	-6	393
-7	1675	13	-312
13	377	6	-801
-1	732	7	-962
13	-282	11	-839
5	-323	17	-435
3	-99	3	153
5	-4725	7	775
3	-3975	18	1081
-1	6555	11	943
-3	-438	6	379
-11	1679	15	-317
3	375	7	-789
-12	715	-3	-951
-5	-301	-1	-847
5	-337	9	-443
-13	-102	-9	152
-13	-4723	-5	776
-13	-3999	-12	1078
-11	6532	-17	945
-15	-477	-23	388
-11	1671	3	-315
-14	369	-13	-793
-21	717	-9	-961
-9	-292	-19	-843
-17	-341	-1	-441
-3	-93	-11	151
-19	-4671	5	777
-1	-3899	14	1079
-5	6449	-1	945
10	-449	-9	385
-1	1638	21	-315
13	390	9	-795
3	717	8	-939
-3	-281	15	-825
-12	-339	15	-425
3	-104	4	148
-10	-4675	-1	753
-3	-3901	14	1073
-14	6468	21	930
4	-441	-15	387
-9	1642	10	-300
-11	379	5	-787
-15	715	-5	-935
-1	-294	-4	-832
-5	-345	3	-439
-10	-99	-17	131
-9	-4654	-1	767
3	-3915	1	1066
-15	6429	-13	931
-3	-451	-7	385
-3	1643	9	-305
-3	390	1	-788
-13	715	-7	-945
-7	-291	-9	-827
-3	-345	13	-425
4	-71	-4	146
-5	-4645	8	761
-3	-3938	13	1069
3	6436	11	934
3	-444	-13	389
-5	1645	21	-307
16	365	7	-777
-7	703	-9	-935
8	-289	-8	-829
-7	-335	17	-427
-7	-89	-1	147
-2	-4681	7	767
-9	-3927	6	1071
-8	6481	-7	935
-1	-454	-3	393
-3	1653	5	-315
8	371	-5	-781
-17	699	-1	-947
-11	-279	-15	-825
-9	-331	15	-426
-14	-87	1	143
5	-4653	-11	767
-9	-3881	7	1073
3	6413	-3	936
-1	-439	-9	403
-7	1637	-1	-310
-5	391	14	-785
-17	695	-11	-935
3	-283	12	-819
7	-343	23	-423
12	-105	-9	151
2	-4689	5	749
-5	-3953	6	1066
-1	6495	13	925
3	-446	-1	392
-8	1653	9	-299
-9	377	-9	-781
2	719	-9	-941
-5	-287	7	-819
-13	-342	1	-445
6	-91	-1	142
-3	-4675	-13	760
-11	-3967	9	1082
-14	6471	-5	939
-1	-474	-5	395
-12	1663	3	-309
-9	374	14	-779
-16	713	-9	-943
-3	-274	3	-817
-13	-337	11	-425
-1	-95	-3	151
5	-4757	-9	757
-9	-3986	1	1079
-13	6589	1	929
1	-459	-3	397
7	1673	5	-311
-1	371	13	-787
-7	721	-9	-949
-9	-279	5	-839
-3	-331	9	-444
-9	-121	4	129
-8	-4751	5	771
-7	-3973	7	1095
1	6574	1	946
4	-455	-4	401
-5	1673	15	-322
-3	382	7	-797
-4	711	-11	-966
-3	-305	1	-845
-11	-331	1	-435
-7	-125	-13	159
-9	-4861	-3	769
-7	-4079	8	1074
-13	6731	11	949
-9	-455	-9	392
5	1729	11	-313
-5	383	9	-797
-12	753	-3	-959
3	-305	3	-857
7	-327	11	-455
-3	-105	-9	149
1	-4848	7	799
-5	-4107	-1	1125
-16	6725	-7	974
-8	-487	-1	399
-9	1715	5	-339
-1	391	3	-823
-17	731	-9	-979
-5	-319	4	-841
-7	-339	2	-441
-1	-107	-9	145
-3	-4787	-7	802
-11	-4017	-1	1117
-6	6637	9	971
-5	-471	7	405
-13	1690	11	-315
-1	379	-5	-816
-7	721	3	-975
-3	-297	9	-851
-5	-345	7	-436
-3	-120	-15	154
2	-4861	9	781
1	-4031	5	1101
2	6705	-3	960
-5	-474	8	391
-13	1711	13	-324
1	395	-7	-815
-7	743	5	-967
-13	-302	17	-861
-4	-337	15	-447
-1	-114	5	143
-11	-4799	5	799
-9	-4015	6	1123
-11	6638	-3	975
-5	-451	-5	391
-17	1709	9	-315
-1	383	-6	-823
-16	731	-7	-973
-5	-302	10	-847
-15	-338	7	-433
1	-99	-15	149
-11	-4792	-7	786
-5	-4048	-11	1097
-9	6643	-3	954
-3	-480	-9	401
4	1699	19	-315
1	400	16	-799
-9	728	7	-963
6	-297	-5	-841
1	-343	18	-449
13	-99	-9	149
-11	-4819	5	792
-15	-4023	15	1101
6	6667	-1	961
-3	-472	12	389
-5	1707	17	-319
3	387	-13	-804
-15	727	-7	-973
-1	-305	-7	-855
-8	-341	15	-442
-3	-109	-15	148
-13	-4931	7	777
-5	-4120	-3	1107
-12	6801	7	958
6	-469	-15	395
-5	1735	8	-321
-3	391	1	-815
-10	739	1	-983
-3	-307	-5	-867
-1	-351	5	-461
-3	-89	-11	145
-12	-4831	-1	801
-1	-4057	1	1139
-1	6692	-5	987
-9	-457	-3	402
-8	1721	7	-331
3	387	11	-824
-8	725	-5	-989
-9	-297	-3	-837
-5	-347	5	-447
8	-111	5	160
-11	-4868	1	794
-13	-4115	1	1113
0	6737	-7	947
-5	-491	-1	401
-9	1725	5	-309
-7	384	14	-803
-15	740	-11	-981
4	-300	-1	-851
-5	-355	3	-453
-11	-91	-9	153
-8	-4880	-5	789
-9	-4065	11	1115
-3	6743	-11	961
5	-473	-1	415
-2	1722	1	-323
4	408	6	-817
1	733	-5	-991
-9	-299	-1	-853
-3	-341	1	-452
-1	-102	1	167
-11	-4775	-9	797
-7	-3992	-9	1121
1	6597	5	966
-7	-480	-15	407
-11	1693	-1	-314
-5	409	-3	-817
-2	728	-19	-975
-3	-312	3	-849
-16	-353	11	-449
-10	-104	-15	145
-10	-4795	-7	771
-11	-4004	-7	1084
-9	6627	-5	953
-7	-469	-11	398
-9	1705	15	-311
-1	395	9	-781
6	727	-5	-967
1	-295	10	-853
-12	-365	11	-441
6	-102	7	148
-7	-4754	0	777
3	-4015	1	1111
-1	6591	5	959
1	-477	-6	399
-2	1711	13	-319
-1	379	7	-801
-9	724	-7	-971
4	-305	-1	-847
-1	-345	11	-449
-5	-107	1	155
-12	-4799	-13	762
-19	-4010	5	1087
-8	6647	-5	951
-3	-472	3	411
-11	1697	21	-315
1	397	-1	-809
-13	741	-11	-951
5	-289	6	-859
-6	-345	9	-451
-5	-89	-6	136
-8	-4711	-7	785
-5	-3923	1	1107
-3	6512	-1	971
-9	-475	-6	397
-13	1664	8	-301
-5	397	-4	-803
-9	718	-19	-954
1	-294	9	-837
-8	-345	13	-433
5	-114	-11	143
2	-4727	-3	771
4	-3975	17	1086
1	6549	-1	941
-3	-454	-7	406
2	1691	9	-299
7	377	3	-795
-11	729	-21	-955
-7	-294	-1	-837
-9	-336	1	-445
6	-99	-13	137
-13	-4767	-5	768
-11	-3997	-1	1081
-10	6588	-5	950
-5	-483	-11	403
-14	1693	13	-309
5	383	3	-807
-3	728	-9	-951
1	-307	8	-849
7	-353	7	-451
1	-96	1	149
-4	-4720	5	770
-3	-3943	7	1093
-11	6529	-3	951
7	-483	-17	389
-3	1668	11	-313
3	395	-6	-792
-7	723	-5	-965
-11	-289	-4	-843
-2	-335	-1	-436
9	-107	-17	141
2	-4771	-3	765
3	-3975	5	1077
-9	6590	5	944
11	-456	-3	381
-15	1695	18	-310
1	392	6	-799
-10	732	-9	-965
-3	-303	1	-839
1	-343	9	-449
-1	-99	-3	137
3	-4757	1	779
4	-3979	-8	1102
-1	6567	3	951
-1	-464	-4	395
-7	1695	11	-315
-1	374	-4	-800
-5	735	-9	-947
-9	-307	5	-835
0	-333	19	-453
-3	-103	-5	147
-13	-4772	-3	766
-1	-4030	3	1087
1	6623	7	944
-1	-472	-12	393
-1	1703	1	-315
-7	384	1	-801
2	729	-11	-959
11	-300	1	-849
-5	-341	7	-459
5	-91	-1	153
-7	-4764	-3	761
-1	-3959	3	1095
-6	6583	-5	951
-3	-485	-23	399
-9	1684	9	-311
10	381	15	-809
-11	725	-5	-965
-7	-291	7	-845
-11	-335	7	-440
-1	-121	1	139
-7	-4799	1	777
1	-3992	14	1083
-1	6612	-5	942
8	-461	-11	395
-5	1697	1	-310
1	395	-5	-791
-7	737	-13	-957
-8	-300	9	-843
-10	-341	15	-443
-3	-102	1	149
-5	-4725	5	779
-3	-3943	1	1105
-9	6555	-1	943
-11	-459	-9	401
-16	1697	7	-319
-3	359	-9	-799
-9	731	-13	-971
-11	-300	-9	-825
-5	-345	5	-435
11	-109	-3	139
1	-4773	-9	757
-11	-3997	1	1072
-2	6600	-5	943
-5	-485	-5	401
4	1709	-3	-315
1	375	5	-815
-3	724	-5	-957
-11	-307	15	-841
1	-339	21	-447
-3	-107	-12	147
-11	-4717	-3	780
-19	-3927	-6	1093
-2	6525	7	955
3	-469	-11	389
-11	1676	-3	-311
-5	373	1	-801
-15	723	-13	-951
-5	-305	11	-835
-3	-331	19	-438
7	-86	1	138
-19	-4649	-1	767
-13	-3843	-5	1079
-7	6405	-11	934
1	-477	-17	385
-1	1643	9	-311
11	377	4	-793
-7	724	-11	-942
-1	-310	-1	-824
6	-327	15	-425
5	-104	-17	151
-15	-4639	1	747
-1	-3853	1	1060
-7	6406	1	921
7	-461	5	382
-1	1651	15	-297
-3	367	3	-771
-14	721	3	-935
-1	-307	16	-821
-10	-328	1	-437
4	-107	6	138
-9	-4610	-5	742
-5	-3855	-5	1056
-11	6365	7	930
1	-471	-9	379
-2	1631	11	-307
3	366	-3	-775
-14	715	-11	-925
11	-305	1	-819
-5	-339	13	-425
5	-96	-13	125
-8	-4621	-5	739
-5	-3809	-6	1052
4	6385	9	913
5	-474	-7	375
-10	1647	15	-305
10	373	9	-778
-3	719	7	-933
7	-283	11	-817
-1	-329	5	-419
-1	-114	1	152
-5	-4595	-3	751
3	-3807	-9	1063
-1	6337	1	930
3	-459	-15	373
-3	1639	11	-314
-5	373	-1	-779
-11	702	-13	-927
-1	-295	9	-808
-2	-331	9	-431
-1	-105	-9	127
-5	-4652	-5	751
4	-3847	-4	1051
-5	6409	-3	905
-1	-449	-11	374
-4	1655	-9	-313
1	353	17	-773
-5	713	-1	-943
3	-295	-1	-821
1	-338	1	-439
6	-107	6	138
-3	-4627	-9	745
-11	-3875	4	1056
0	6391	-7	920
-5	-473	-13	389
-13	1657	5	-311
5	369	1	-785
-17	715	-5	-927
-3	-295	5	-819
-1	-328	15	-435
9	-97	1	147
2	-4549	-5	739
-5	-3737	12	1056
-11	6277	-3	911
-3	-497	3	383
-3	1622	15	-303
-1	364	-13	-786
-9	693	-8	-929
1	-289	3	-821
1	-315	5	-426
-3	-102	-4	137
2	-4473	-9	731
-3	-3668	-1	1037
-2	6154	-7	898
8	-455	-9	365
1	1598	7	-302
-3	373	-12	-767
-11	699	-13	-911
-7	-294	6	-795
-6	-317	5	-425
7	-99	-7	147
-9	-4443	1	721
-1	-3657	6	1009
3	6133	0	875
1	-451	-9	377
-9	1601	7	-287
-9	348	-6	-757
-5	691	-7	-913
-10	-292	10	-785
-2	-329	7	-427
4	-114	13	152
3	-4479	0	717
-1	-3719	-7	1016
6	6183	3	882
3	-477	-11	371
3	1593	11	-297
-1	349	5	-747
2	687	-3	-889
-1	-284	3	-786
-7	-318	23	-433
5	-93	1	129
-10	-4442	9	723
1	-3647	1	1020
-2	6123	9	891
1	-459	-11	361
-5	1590	5	-291
-1	338	-3	-753
-5	689	-13	-901
-17	-297	-11	-793
-1	-321	9	-416
-12	-113	-9	121
-9	-4511	-13	721
1	-3701	-13	1011
-16	6213	-7	874
-9	-459	-11	359
-9	1606	11	-289
-1	355	-12	-755
-10	696	-1	-907
11	-311	-1	-795
2	-319	15	-415
-10	-102	-9	119
-7	-4510	-5	727
13	-3699	13	1021
5	6202	5	897
7	-451	15	369
5	1615	13	-305
15	337	9	-761
2	697	-11	-905
7	-297	16	-793
-3	-309	17	-415
10	-96	-4	129
5	-4562	1	721
-1	-3776	-6	1015
-2	6281	17	891
-11	-493	-9	368
-11	1631	13	-295
-5	345	-5	-769
-17	695	-13	-909
-17	-303	-5	-796
-19	-323	9	-431
-1	-115	-17	137
-11	-4535	-5	752
-15	-3711	-6	1046
-14	6255	5	915
-7	-471	-9	369
-2	1617	-3	-305
-1	353	-1	-764
-13	699	-3	-919
1	-295	-3	-793
-5	-312	15	-412
11	-109	3	138
-1	-4573	5	735
3	-3719	20	1037
10	6275	1	896
3	-463	8	373
-1	1622	17	-293
3	355	-4	-767
3	708	5	-914
3	-300	24	-805
-5	-325	7	-427
1	-119	-7	141
1	-4614	11	727
4	-3759	13	1045
-7	6329	-3	903
-15	-469	-3	357
-6	1635	11	-293
-7	349	-13	-757
-19	699	-19	-915
-16	-321	-13	-817
-12	-321	3	-431
-9	-113	-8	144
-15	-4546	-15	739
-11	-3709	1	1058
-13	6243	-3	901
-1	-498	-9	380
-12	1635	11	-301
1	354	-7	-769
-2	711	-7	-917
4	-289	4	-792
11	-312	15	-421
11	-107	-5	137
7	-4611	-5	731
-7	-3737	6	1026
12	6321	-9	893
-1	-495	12	377
-3	1647	9	-299
-5	346	6	-756
-7	707	-18	-917
-7	-307	9	-795
-5	-305	1	-425
-5	-137	-7	135
-12	-4603	-7	747
-9	-3719	-1	1049
0	6287	-1	902
4	-491	-9	377
-11	1628	8	-314
-5	338	-1	-767
-16	714	-15	-928
-1	-315	-1	-795
2	-297	1	-425
1	-113	-1	139
2	-4591	-1	739
-5	-3741	15	1043
-13	6323	-16	905
-1	-485	-4	374
-2	1657	21	-309
3	351	1	-772
0	727	-5	-915
9	-315	7	-785
2	-301	15	-425
1	-105	-1	137
-5	-4497	-19	750
-3	-3683	6	1051
-3	6193	7	907
8	-493	3	374
-11	1615	5	-303
1	347	14	-769
-15	693	-11	-915
4	-315	-5	-797
-11	-327	13	-407
-7	-109	-12	145
-8	-4589	-3	727
-5	-3683	-1	1017
-11	6291	-11	891
-1	-490	1	369
3	1628	1	-295
-3	337	-13	-744
-15	711	-8	-909
1	-305	7	-801
-10	-305	5	-421
-9	-120	-9	142
14	-4551	-1	745
1	-3667	10	1041
-1	6255	3	900
-3	-477	-5	365
5	1629	16	-310
-1	341	11	-771
-12	699	-1	-913
1	-311	6	-799
-10	-301	13	-417
-5	-123	-23	141
2	-4557	-9	739
-3	-3689	-4	1027
5	6271	-3	905
-11	-485	-6	367
-12	1635	7	-301
-10	323	1	-765
-6	711	-15	-911
-5	-315	-3	-801
-2	-320	11	-421
-7	-125	-4	144
-5	-4643	-2	743
-1	-3770	-5	1033
-11	6373	-5	908
-11	-483	-9	367
-4	1663	7	-307
-5	327	3	-767
-10	713	-9	-915
1	-307	-3	-814
1	-316	7	-419
-5	-115	-17	147
-6	-4677	7	735
-1	-3758	1	1053
-9	6413	-3	909
-1	-493	3	369
-9	1667	7	-309
-11	336	8	-788
1	715	-18	-929
-11	-307	-3	-815
5	-293	3	-424
-7	-127	-1	132
2	-4665	1	759
-3	-3741	12	1059
-7	6399	-5	918
1	-477	-8	373
3	1659	8	-313
-1	357	-9	-781
0	717	-9	-943
-5	-299	1	-819
-2	-319	7	-429
7	-122	7	139
3	-4727	-11	761
3	-3805	1	1063
1	6470	-3	927
9	-477	-15	369
-8	1681	9	-311
3	333	6	-781
-6	731	-7	-945
-3	-311	12	-811
-13	-320	1	-429
6	-130	-17	139
-17	-4754	2	773
-13	-3855	6	1081
-16	6521	-9	930
-13	-518	1	384
-2	1705	9	-319
-5	341	1	-801
-1	725	-19	-951
3	-313	-15	-825
-7	-315	9	-429
-3	-109	-15	145
-9	-4711	-1	770
-1	-3763	-1	1079
-4	6435	3	935
1	-499	10	377
-14	1683	13	-317
1	330	1	-794
-11	717	-15	-941
1	-307	9	-805
-7	-312	-3	-423
9	-132	-5	153
-3	-4689	-7	757
-5	-3737	-1	1067
0	6405	-11	916
-1	-492	-1	379
1	1671	-1	-311
-3	359	13	-773
-14	733	-19	-947
-11	-317	-1	-809
-10	-313	-7	-427
-3	-125	-5	149
1	-4715	3	763
-13	-3789	15	1065
-1	6463	-11	919
-7	-487	1	376
-14	1695	3	-313
-8	348	-7	-785
-21	725	-15	-935
-5	-323	12	-819
-1	-323	11	-425
-11	-101	4	160
1	-4675	-5	763
-5	-3799	1	1066
-8	6410	5	927
-8	-509	-6	382
-11	1679	11	-321
-3	359	12	-783
-2	718	-3	-949
11	-294	19	-810
-11	-311	-3	-429
-3	-115	-15	155
-16	-4687	5	756
3	-3757	-11	1057
1	6427	5	913
-3	-500	-1	379
-3	1680	5	-301
-1	341	8	-779
-5	723	-5	-935
1	-302	-1	-821
-1	-305	5	-440
7	-125	1	149
-1	-4663	1	757
-5	-3760	-5	1069
-21	6393	-3	924
1	-485	-15	375
-9	1667	3	-308
5	348	9	-799
-11	712	-15	-930
-17	-325	-3	-811
2	-299	11	-427
1	-123	-9	147
-16	-4681	3	755
-1	-3771	-8	1060
-11	6402	-11	925
-7	-477	-21	371
-9	1671	5	-289
1	336	6	-783
-14	725	-17	-931
-7	-315	-11	-819
2	-315	9	-421
-3	-125	-23	147
-3	-4597	-8	763
-9	-3745	-11	1067
-10	6329	3	917
3	-489	-7	380
1	1655	5	-311
1	345	18	-789
-10	707	-9	-925
-1	-302	-4	-809
-3	-319	13	-413
-11	-117	1	151
-6	-4621	3	761
-1	-3714	12	1054
4	6341	1	903
-1	-499	-7	377
-7	1645	15	-305
-1	345	-3	-779
-7	703	-10	-919
-15	-297	-6	-815
-14	-312	7	-421
-15	-127	-17	142
-17	-4701	-15	765
-11	-3819	-21	1053
-17	6425	-11	898
-11	-485	-7	371
-23	1649	-7	-299
-21	345	-19	-777
-11	713	-9	-921
-7	-312	-9	-819
-4	-307	15	-427
7	-123	-7	151
-3	-4636	-9	767
-5	-3761	-13	1074
-7	6358	-11	929
13	-477	-1	372
8	1651	-1	-305
1	341	7	-783
-6	707	9	-929
3	-293	12	-815
7	-309	27	-415
15	-109	11	161
3	-4625	15	752
-9	-3770	5	1052
-1	6369	13	910
-1	-498	12	371
-13	1651	21	-305
-7	345	-3	-769
-2	705	-11	-923
-20	-289	7	-802
-19	-323	3	-415
-5	-109	-11	139
-21	-4504	-13	762
-13	-3645	-21	1069
-14	6167	-13	919
-14	-495	-5	393
-13	1603	-15	-319
-11	349	-13	-775
-19	693	-27	-925
-5	-275	-1	-785
-9	-307	7	-401
-1	-125	-6	153
7	-4579	-1	741
-12	-3697	24	1017
5	6281	-3	874
8	-464	-1	383
-7	1626	10	-283
-3	355	4	-753
-7	709	9	-916
-3	-294	14	-791
-7	-323	13	-421
-5	-122	-1	145
-3	-4509	9	747
-13	-3663	1	1049
-21	6196	1	899
-11	-459	-6	367
-18	1615	5	-293
-10	346	-6	-770
-18	697	-15	-911
-11	-310	-3	-795
-7	-313	1	-415
-20	-99	-11	141
-13	-4544	0	735
-17	-3749	7	1029
-5	6267	-5	891
-8	-487	-7	369
-5	1637	9	-299
-3	343	-1	-755
-3	701	-7	-903
10	-300	5	-808
-5	-325	21	-409
1	-91	3	145
-9	-4432	9	740
7	-3596	7	1039
1	6113	3	907
-1	-462	-3	377
-5	1586	21	-303
6	361	13	-752
-1	687	7	-901
-7	-287	4	-791
-1	-309	23	-411
-5	-119	-11	131
-12	-4437	9	707
-17	-3621	-1	995
-1	6103	-11	872
-1	-473	-5	365
-15	1583	2	-289
-17	351	-1	-751
-24	688	-9	-890
-3	-302	-1	-793
-6	-309	3	-409
-3	-117	-1	137
-14	-4471	-3	725
-5	-3669	-4	1001
-11	6165	11	885
5	-461	-1	384
-11	1593	11	-295
-3	357	11	-742
6	687	-15	-891
-1	-292	10	-773
1	-307	15	-417
1	-99	5	129
1	-4451	10	719
-5	-3665	17	1004
5	6135	3	882
-1	-462	-13	369
-1	1599	15	-303
3	345	12	-749
-12	683	5	-901
4	-271	6	-783
-7	-315	13	-411
3	-99	3	143
0	-4543	1	732
-5	-3709	-1	1010
-9	6259	7	879
-7	-474	-9	365
-15	1608	5	-291
3	369	3	-744
-7	693	2	-905
-3	-289	-1	-787
-7	-298	15	-431
-7	-114	-15	130
-16	-4555	-5	737
-3	-3753	16	1033
-2	6275	9	904
-9	-474	1	377
-11	1621	16	-295
-5	361	5	-775
-12	698	-11	-915
3	-292	9	-797
2	-307	7	-417
-1	-102	-13	145
3	-4654	5	741
-1	-3849	5	1045
-7	6423	5	899
-5	-462	1	378
0	1657	-3	-295
-1	348	-7	-763
-10	711	-15	-925
-3	-307	-1	-821
-15	-320	7	-441
4	-111	-6	145
-9	-4614	-5	759
-13	-3827	7	1075
3	6371	5	934
-7	-479	-3	390
-4	1653	7	-301
-3	359	10	-779
-21	705	-9	-935
6	-294	-1	-802
5	-307	9	-417
5	-119	1	135
0	-4683	-9	748
-9	-3848	-5	1051
-10	6467	1	913
-10	-481	-11	383
2	1654	1	-299
11	359	13	-776
-17	715	-11	-931
3	-297	19	-821
-11	-317	13	-436
1	-105	-17	154
0	-4663	3	755
-1	-3857	5	1073
-9	6429	5	924
6	-483	15	381
-3	1655	3	-309
11	365	-5	-783
-4	706	-9	-933
-14	-305	-1	-820
-4	-321	9	-423
1	-121	10	147
-1	-4671	-5	767
6	-3871	4	1060
-17	6469	0	927
-3	-469	7	381
-12	1667	7	-303
1	356	11	-792
-6	703	-15	-945
-3	-315	7	-815
-9	-330	9	-433
1	-109	-7	149
5	-4709	9	770
-1	-3943	1	1073
-4	6501	-1	933
11	-482	-13	390
-3	1683	17	-317
7	379	-3	-783
-19	724	-5	-947
-5	-307	8	-827
-9	-337	3	-419
-5	-96	-1	149
0	-4647	-1	771
-8	-3845	-11	1077
-2	6423	5	935
-9	-492	5	389
-3	1657	13	-305
6	369	-11	-794
-3	703	-8	-951
1	-287	-3	-821
-6	-331	7	-421
-10	-109	-3	154
-6	-4685	-3	759
-1	-3853	7	1061
-5	6448	-5	924
6	-469	-7	385
1	1656	7	-305
-1	372	7	-771
-12	710	-5	-922
-8	-292	-11	-810
0	-345	3	-439
1	-103	-17	137
-7	-4537	1	765
4	-3750	1	1065
-7	6255	-3	937
-9	-447	-14	374
-10	1619	13	-307
-5	373	-1	-778
-12	695	-1	-923
-1	-293	7	-799
-16	-329	5	-419
-3	-95	-3	138
-9	-4522	-5	736
-13	-3773	-4	1031
-3	6239	1	917
-8	-462	-23	382
-7	1595	-7	-287
3	367	-1	-755
-9	691	5	-911
15	-295	13	-810
-17	-331	19	-413
-3	-85	-5	133
-11	-4448	-3	737
1	-3675	11	1036
-6	6127	-1	903
3	-441	1	381
-13	1582	7	-285
8	381	9	-754
-11	683	-7	-903
5	-281	-7	-781
-12	-337	7	-417
-3	-109	-3	138
-7	-4509	5	721
-1	-3723	5	1015
-10	6233	-11	886
11	-431	-6	375
-13	1589	-7	-290
-3	377	-9	-747
-22	680	-9	-901
-5	-283	-15	-795
-2	-321	13	-427
-7	-101	-13	127
-17	-4507	-17	723
4	-3768	-6	1037
-13	6249	-5	909
3	-433	-9	374
-6	1611	-1	-291
-5	377	4	-752
1	685	-7	-905
1	-287	-1	-793
5	-328	15	-423
8	-95	-5	129
3	-4588	-2	728
3	-3847	5	1045
-11	6351	-9	907
1	-451	-5	387
-2	1645	19	-307
1	369	14	-749
-9	687	-15	-923
4	-289	4	-790
-5	-323	13	-421
-1	-95	-1	139
-11	-4677	-11	740
-7	-3889	7	1063
3	6455	-9	915
-1	-453	7	373
-7	1651	5	-315
-5	364	-3	-766
-13	705	-8	-939
-9	-291	12	-813
7	-319	-1	-437
-7	-109	-9	135
5	-4647	-5	753
-3	-3878	10	1081
-3	6451	1	930
6	-451	-7	391
-1	1646	3	-326
5	372	-3	-777
5	715	-9	-943
-1	-297	-1	-821
-4	-335	3	-431
3	-114	-1	155
9	-4733	-5	745
4	-3961	-5	1068
-3	6555	9	919
-15	-451	-4	395
-5	1687	-1	-315
-1	369	-5	-780
-4	703	-11	-949
7	-297	-1	-835
-13	-320	3	-447
-1	-107	6	150
-11	-4693	0	775
-5	-3969	-3	1096
-7	6525	-11	940
-11	-474	-13	391
-4	1679	17	-323
-11	361	-9	-803
-9	718	-9	-967
10	-285	-5	-825
5	-325	13	-425
5	-109	13	145
-7	-4757	-3	763
5	-3965	1	1077
0	6583	-3	933
5	-483	-7	389
-3	1686	13	-305
6	372	-3	-787
-15	721	-15	-945
-1	-294	9	-845
-8	-331	9	-447
5	-117	-3	148
11	-4739	-9	777
-5	-3953	3	1085
9	6540	5	948
3	-463	-6	381
1	1670	18	-324
-3	393	-15	-799
-11	719	-9	-952
-1	-291	-4	-837
1	-333	19	-433
-1	-114	-5	151
-17	-4793	3	761
-1	-4025	15	1092
1	6644	1	949
-5	-473	-6	398
-2	1717	7	-303
1	364	-15	-797
-9	719	-5	-959
5	-292	1	-841
1	-343	13	-443
-1	-97	-9	149
-1	-4775	-5	794
1	-4025	13	1113
-8	6605	-5	966
3	-472	-11	385
-4	1699	13	-313
1	407	-1	-811
-2	727	-11	-959
10	-297	-6	-851
-3	-334	8	-449
3	-105	1	155
-6	-4774	7	777
3	-3955	-15	1093
-11	6587	7	961
3	-487	5	401
-5	1686	13	-317
8	381	4	-808
-3	725	-1	-959
-7	-291	-15	-847
-9	-337	15	-433
3	-121	-15	143
5	-4815	-1	781
-1	-3993	1	1087
-11	6661	5	940
8	-467	-5	389
-9	1697	10	-311
5	403	4	-807
-14	735	5	-954
-7	-303	1	-843
-5	-345	13	-451
-1	-114	3	143
-5	-4783	-1	789
-5	-3981	4	1102
-5	6607	-3	969
-5	-451	1	392
-10	1697	23	-319
-8	393	-3	-806
-5	727	-9	-969
-3	-305	16	-841
-9	-347	7	-443
-1	-109	-1	153
-1	-4749	-5	778
-7	-3997	-5	1099
-19	6561	-1	951
-8	-472	-9	405
-17	1679	-5	-317
-10	371	-9	-795
-10	707	-29	-955
-9	-303	-11	-847
-21	-341	11	-443
-11	-95	-5	147
-5	-4808	-19	775
-10	-3992	-5	1097
-12	6645	-13	949
-9	-455	-9	409
3	1705	17	-319
13	387	-1	-806
5	725	-13	-957
-9	-292	7	-849
0	-323	15	-444
11	-123	-3	154
11	-4891	1	785
5	-4043	10	1105
3	6757	9	952
4	-456	-1	399
-1	1725	19	-321
-3	395	1	-799
-20	741	-9	-985
-1	-311	-6	-853
-16	-345	9	-453
-11	-121	-5	149
-9	-4827	-3	791
3	-4035	-5	1127
-17	6676	-19	977
-9	-467	-15	411
-12	1729	7	-331
-13	366	-13	-821
-14	721	-19	-975
-10	-315	-7	-843
-15	-345	3	-441
-1	-123	-6	157
-3	-4864	-18	786
-9	-4081	-5	1111
-14	6741	-9	962
1	-505	-12	403
-2	1735	5	-315
3	402	18	-811
-7	738	3	-971
15	-294	18	-853
9	-326	11	-451
9	-99	7	151
-1	-4835	-1	799
-3	-4017	24	1125
5	6703	3	965
-5	-485	7	407
-2	1733	15	-335
6	389	-5	-814
-7	735	0	-971
-5	-295	9	-845
-11	-327	9	-448
1	-109	-19	160
-6	-4755	-7	781
-9	-3925	-1	1107
-19	6558	-11	956
-5	-491	-20	393
-7	1689	1	-311
1	405	-4	-819
-7	731	-23	-971
-9	-300	-12	-843
-7	-347	3	-435
1	-111	-15	159
7	-4682	-1	775
6	-3873	9	1090
1	6473	5	949
3	-469	-1	395
2	1681	11	-311
1	384	9	-795
-6	707	-7	-953
3	-282	3	-829
-9	-341	13	-431
6	-112	3	139
-9	-4693	-3	768
3	-3933	-1	1057
-10	6468	5	924
-13	-485	-3	386
2	1677	13	-313
-3	384	-1	-789
-9	715	-21	-945
1	-295	-4	-837
-9	-355	1	-453
-1	-102	3	137
-11	-4677	-21	770
-12	-3889	3	1069
-5	6487	-1	935
-3	-480	1	403
2	1671	1	-311
-3	403	-4	-789
-3	715	-7	-939
5	-279	1	-819
-9	-337	3	-442
-7	-109	-3	135
5	-4669	-3	753
3	-3858	-1	1081
2	6431	5	940
11	-465	-1	385
7	1657	8	-313
-3	387	1	-789
-1	707	-3	-932
1	-287	9	-826
-3	-343	11	-433
12	-104	-15	143
1	-4661	-11	745
8	-3893	-1	1062
1	6461	3	925
-13	-447	1	390
-7	1683	1	-311
-1	367	-6	-789
-17	711	-17	-937
-7	-292	-11	-823
-5	-337	-5	-445
1	-121	-17	135
-3	-4721	-9	751
-11	-3977	-11	1077
-2	6541	-11	933
3	-475	-12	391
0	1683	5	-313
1	374	-5	-787
9	726	-11	-943
10	-291	-4	-833
7	-327	7	-451
-5	-97	-4	137
5	-4734	-1	761
-10	-3935	13	1087
6	6549	3	943
-3	-480	-1	399
-3	1681	13	-311
6	379	15	-797
-3	717	-3	-949
-3	-289	-11	-843
-8	-347	5	-450
-14	-115	-11	135
-6	-4779	-7	765
-16	-3961	-1	1093
-12	6592	-5	948
4	-469	5	397
-15	1693	17	-313
-5	389	-4	-789
-10	720	-17	-959
-1	-300	1	-845
-7	-341	1	-445
-3	-109	-3	143
-9	-4743	5	765
1	-3956	-1	1091
-3	6569	7	959
-7	-459	-17	393
0	1691	5	-325
-1	374	17	-794
-5	733	-3	-959
-1	-293	10	-833
5	-327	5	-459
11	-117	-3	151
1	-4775	1	780
-5	-4021	5	1093
-5	6609	1	940
1	-492	-15	395
-13	1707	7	-305
-11	365	-9	-795
-9	732	5	-959
4	-315	1	-847
1	-328	13	-445
-1	-119	-19	151
-2	-4750	-9	770
5	-3933	1	1093
-2	6563	-7	945
-3	-489	-1	399
5	1692	9	-309
6	399	-5	-801
-9	719	-13	-971
5	-291	-1	-835
-4	-317	13	-431
9	-115	-7	140
2	-4775	5	771
-5	-3963	-1	1087
3	6591	9	948
-3	-483	8	383
-9	1699	3	-310
3	397	-15	-801
1	718	-9	-953
8	-328	-6	-841
-5	-327	19	-445
-1	-109	-7	143
-3	-4671	-5	779
-5	-3889	-6	1091
-7	6456	-5	939
-5	-473	-7	380
-10	1675	3	-307
-11	379	-7	-812
2	703	-9	-953
-12	-307	-3	-829
7	-339	7	-437
6	-117	-6	142
-3	-4729	-3	755
-1	-3992	6	1071
-6	6556	3	930
1	-481	-4	381
-12	1701	1	-303
-1	383	1	-785
5	720	1	-943
11	-292	4	-837
-17	-343	5	-447
9	-102	-5	129
5	-4701	-11	765
-10	-3901	6	1089
5	6497	7	951
1	-481	-11	387
-3	1675	15	-317
-5	395	-5	-798
-9	713	-13	-951
-9	-292	6	-825
-14	-339	9	-439
1	-121	-4	148
-6	-4679	-3	759
-10	-3863	-9	1065
-10	6463	9	934
8	-474	5	395
-11	1671	-2	-298
3	391	9	-793
-11	725	-7	-948
-1	-300	11	-827
-2	-337	15	-447
3	-115	-5	133
-10	-4680	-15	761
-3	-3877	1	1076
-5	6454	2	935
3	-449	5	379
-5	1669	9	-305
-5	381	-4	-775
-4	709	-11	-957
1	-292	1	-827
-14	-332	13	-435
8	-112	1	133
3	-4657	-11	747
-13	-3897	5	1067
-12	6433	3	933
9	-459	-7	387
-5	1653	3	-307
3	373	-5	-783
3	715	-11	-949
4	-295	3	-825
-15	-337	11	-433
1	-83	-4	135
1	-4639	7	743
-5	-3853	5	1065
4	6407	3	919
3	-467	-17	385
-12	1647	17	-307
3	395	6	-768
-17	707	-5	-925
-13	-297	5	-819
-7	-337	11	-431
-10	-102	-5	133
-2	-4625	-7	751
-1	-3857	3	1059
-9	6395	3	906
4	-463	-3	387
5	1645	2	-312
-1	392	1	-785
-2	710	-15	-929
-1	-293	6	-814
-12	-341	3	-429
-3	-114	3	141
5	-4719	-1	743
-9	-3947	3	1059
-13	6543	-3	927
-9	-441	-12	391
-8	1689	15	-307
-5	365	-9	-784
-11	739	-11	-937
-5	-297	5	-833
-3	-332	1	-447
-3	-113	-1	147
-9	-4727	7	780
-5	-3975	-1	1093
-7	6553	9	952
-1	-481	-13	379
-3	1693	7	-311
-1	365	-5	-807
-10	717	-9	-963
-1	-285	6	-837
-7	-339	15	-449
1	-107	-12	139
-5	-4720	3	763
-3	-3933	1	1079
4	6525	-1	951
-1	-471	1	389
2	1682	9	-311
-1	379	7	-806
-5	715	-3	-949
-9	-289	-4	-841
-18	-333	19	-440
5	-107	-5	139
0	-4711	-9	769
3	-3933	7	1077
-9	6539	7	940
3	-474	-11	383
-13	1673	3	-310
-3	395	-5	-799
-14	710	-11	-938
-3	-300	1	-839
-13	-321	21	-425
-5	-112	-19	133
-7	-4707	1	773
3	-3953	4	1068
-13	6543	-7	933
1	-449	-13	382
1	1693	7	-303
-1	364	-17	-795
-17	715	-9	-951
-3	-301	7	-833
-10	-330	7	-437
11	-89	-17	148
-9	-4661	-5	773
-13	-3902	13	1082
2	6440	-1	953
-3	-477	-17	383
-4	1667	1	-303
3	374	3	-801
-9	716	-19	-949
-1	-279	-13	-823
-11	-335	26	-421
-5	-107	-3	143
-7	-4645	-1	772
-8	-3839	-1	1067
-5	6389	9	929
-1	-461	5	389
-23	1645	5	-307
13	375	18	-764
-13	707	-13	-927
-3	-279	11	-815
-12	-335	9	-427
-5	-103	-13	140
-5	-4689	-9	755
-3	-3876	-5	1057
-2	6455	5	918
-1	-441	1	373
-3	1648	17	-306
-11	379	5	-771
-3	713	-3	-932
-17	-299	9	-825
-6	-319	17	-441
-7	-97	-15	149
7	-4587	-9	767
10	-3830	9	1069
-9	6325	9	933
-1	-451	1	397
0	1641	7	-303
-11	372	17	-776
4	701	-9	-937
1	-292	7	-811
-10	-322	9	-433
-1	-129	6	154
7	-4693	2	756
5	-3956	-1	1061
-9	6499	-5	922
-5	-451	9	399
-2	1665	9	-301
-10	347	-5	-769
-7	713	-11	-939
13	-289	21	-823
-11	-328	1	-443
-3	-93	-1	141
-9	-4541	-5	762
-5	-3753	5	1089
-3	6275	-1	935
-3	-449	1	391
-3	1609	13	-321
8	361	4	-787
-13	685	-11	-927
1	-275	-4	-795
0	-333	7	-415
-8	-121	1	147
12	-4603	-1	735
-5	-3835	16	1031
-9	6347	-3	890
8	-439	-1	371
-11	1634	-3	-283
3	379	-1	-751
-15	696	-13	-926
-7	-297	-4	-808
-7	-327	11	-423
5	-121	-5	149
-9	-4587	-5	749
1	-3830	1	1060
-7	6345	2	925
-15	-444	-7	389
-12	1631	7	-305
-3	356	1	-767
-7	715	-9	-921
-5	-300	14	-809
-2	-316	11	-425
-11	-105	-6	149
-5	-4571	-5	737
-1	-3857	1	1049
-6	6311	-5	922
-16	-463	-1	372
-14	1637	-3	-297
3	359	-1	-755
-16	707	-15	-923
-7	-279	1	-821
-5	-331	7	-427
-5	-104	-9	145
-11	-4599	-1	760
-10	-3832	4	1050
-3	6371	-5	905
-12	-465	7	385
-2	1641	7	-297
10	374	-9	-762
1	697	-7	-917
-9	-279	1	-813
-5	-310	15	-435
-5	-109	-7	139
-4	-4603	3	749
-1	-3822	-5	1063
-9	6367	7	924
1	-467	-11	371
5	1632	26	-293
-17	367	14	-773
-11	715	-1	-922
5	-302	7	-810
-17	-315	13	-431
-10	-107	-7	137
-9	-4601	-5	757
-7	-3835	5	1052
-1	6361	3	921
-9	-449	-13	385
-14	1637	13	-305
-5	359	5	-774
-10	711	-9	-919
-13	-287	3	-813
-10	-323	7	-421
4	-114	-18	149
-11	-4561	-13	755
-5	-3830	-1	1053
-7	6321	7	930
-11	-469	-9	373
-7	1623	9	-299
3	357	7	-771
-13	701	5	-931
11	-271	-5	-819
-7	-331	15	-421
-5	-87	-11	129
-3	-4557	-1	756
-3	-3783	-1	1043
-3	6303	15	913
-5	-451	-9	369
-9	1629	17	-287
10	373	-3	-785
-1	695	-5	-931
-9	-276	-12	-799
-5	-315	19	-440
5	-123	-9	140
-13	-4601	-7	739
-5	-3819	16	1039
-9	6365	-3	910
-5	-438	-13	377
1	1630	5	-297
9	379	5	-765
-11	697	1	-917
-10	-299	-9	-813
-4	-315	17	-429
7	-93	5	149
7	-4527	-3	751
11	-3777	-3	1056
1	6281	-5	921
5	-441	-21	385
-11	1617	9	-299
-5	361	1	-767
2	701	-5	-929
1	-284	3	-809
-9	-321	13	-413
10	-104	-4	147
-1	-4635	-5	738
-13	-3894	-3	1040
-11	6423	9	905
-5	-455	-7	372
-10	1635	5	-303
-3	372	7	-759
-5	705	-1	-933
-3	-293	6	-827
-17	-328	7	-453
-11	-91	1	131
-10	-4581	-1	746
-9	-3806	6	1067
-4	6339	-3	927
1	-444	3	379
-3	1633	-13	-317
-9	366	1	-774
-7	691	-13	-935
-9	-285	1	-805
-4	-317	5	-421
-5	-113	-6	139
6	-4555	-9	745
3	-3791	-1	1043
-5	6293	9	910
-3	-447	17	385
-5	1621	13	-298
1	363	11	-767
1	703	-11	-921
5	-285	11	-801
-2	-327	9	-433
7	-87	1	151
-9	-4558	-3	745
4	-3791	-1	1037
-13	6303	-3	901
3	-441	-7	381
8	1615	7	-307
-7	361	1	-755
-19	703	-1	-915
1	-297	-9	-801
3	-331	5	-417
-9	-113	-7	147
-5	-4651	-1	727
-3	-3925	-3	1048
-6	6445	5	895
-13	-471	6	387
-12	1663	-1	-305
-1	356	3	-767
3	715	-9	-931
1	-283	8	-819
1	-324	3	-441
3	-91	5	139
2	-4595	-1	748
11	-3801	19	1065
-6	6347	1	943
-5	-449	16	391
-7	1628	11	-311
13	361	11	-790
-3	693	-3	-929
-3	-289	-1	-809
2	-319	-1	-426
-9	-113	-4	142
0	-4667	-9	759
-7	-3904	7	1047
-5	6442	-9	914
-3	-455	-17	375
-11	1651	9	-304
-1	369	-4	-777
2	719	-1	-930
-10	-302	1	-821
-12	-321	3	-429
5	-117	-9	153
1	-4664	-3	763
4	-3896	13	1071
-5	6448	3	935
1	-449	-9	383
-7	1669	11	-303
-9	364	7	-795
-7	711	1	-935
-3	-289	5	-817
-19	-315	15	-427
1	-99	-5	156
-11	-4596	0	764
-11	-3861	21	1057
-5	6357	5	936
-9	-465	-1	386
-10	1631	15	-301
1	361	-9	-793
-2	713	5	-925
-1	-289	9	-817
-11	-332	13	-413
-9	-99	-9	151
-2	-4571	7	750
-1	-3809	4	1045
-10	6333	9	913
-1	-469	3	369
-9	1630	9	-297
1	381	-1	-763
-11	697	9	-917
5	-285	-14	-807
-16	-319	25	-407
-1	-105	-1	144
12	-4613	1	749
-5	-3841	7	1041
-7	6365	5	910
6	-444	-9	379
-3	1634	7	-285
1	372	1	-769
-12	711	-5	-919
-1	-299	6	-810
-12	-333	15	-431
1	-99	-7	141
-10	-4582	9	765
-9	-3835	-1	1052
-7	6325	9	923
5	-444	-11	376
-9	1623	17	-295
-5	371	-1	-769
-10	703	1	-921
3	-293	12	-805
-16	-336	7	-423
-3	-95	-5	139
-11	-4558	3	741
-3	-3845	-9	1051
-1	6317	-1	918
-3	-454	1	380
-8	1611	13	-299
-3	369	-1	-769
2	693	-15	-919
-3	-287	-4	-806
-9	-333	11	-423
-1	-83	-3	133
-6	-4565	-1	739
-9	-3799	9	1050
-1	6307	1	911
-7	-441	-11	381
-9	1615	11	-291
11	369	1	-758
-1	685	-19	-923
-11	-269	-9	-805
0	-331	7	-420
-9	-93	-13	145
-9	-4583	-23	739
-12	-3822	12	1053
-7	6345	-13	904
4	-433	-4	391
-7	1623	3	-295
-9	379	5	-773
6	696	-13	-935
-5	-295	4	-807
2	-327	9	-429
5	-93	7	143
-3	-4557	-3	743
-11	-3793	-1	1061
-15	6313	11	917
-5	-423	-9	378
2	1629	15	-297
1	387	1	-757
-15	705	-1	-921
7	-287	3	-803
-2	-326	13	-423
4	-91	-3	157
-3	-4557	-11	746
-5	-3853	7	1051
-2	6323	-9	910
-1	-461	5	383
-10	1635	3	-313
-5	359	-3	-767
-2	695	-9	-931
-7	-287	-4	-808
-7	-339	10	-429
1	-84	-1	147
-1	-4491	9	733
-11	-3725	9	1061
2	6199	1	913
1	-449	3	385
1	1599	1	-307
6	383	7	-762
-1	687	-5	-911
-9	-271	11	-791
-6	-321	15	-418
-5	-102	1	139
1	-4543	-5	729
10	-3771	-1	1021
-7	6275	3	902
-11	-446	6	373
-9	1615	11	-287
1	367	-5	-749
-3	704	-1	-916
-7	-301	4	-812
-11	-323	13	-437
-7	-103	-1	141
-9	-4483	-3	737
1	-3743	-5	1047
-9	6227	-3	911
-9	-431	7	374
-3	1603	11	-299
-1	372	-3	-765
-5	699	-1	-899
1	-287	-5	-781
-1	-326	11	-415
4	-99	-8	141
-5	-4535	13	715
-11	-3833	1	1025
-1	6301	17	895
-8	-451	12	374
-11	1635	-7	-301
5	366	-1	-755
-9	695	-3	-905
-3	-294	11	-801
-9	-333	16	-425
-3	-96	-7	139
-4	-4505	-5	740
-10	-3745	5	1042
1	6223	3	921
-7	-453	-11	381
-2	1600	17	-313
-3	381	-3	-764
-7	695	-2	-917
-5	-279	-3	-799
-13	-319	3	-411
-8	-104	-1	121
3	-4571	-1	731
-5	-3819	-11	1031
0	6361	11	908
-1	-435	-13	379
3	1629	11	-285
-13	387	-7	-759
-2	717	-7	-913
-3	-297	15	-814
2	-317	15	-421
7	-107	-11	127
-3	-4584	-3	753
6	-3843	5	1045
-7	6361	5	931
5	-431	-5	374
0	1633	11	-313
3	357	1	-773
-21	693	-5	-923
-5	-289	16	-811
-14	-322	25	-425
6	-112	-19	148
-17	-4574	5	752
-3	-3837	-1	1038
-10	6333	-3	922
-3	-457	-7	383
2	1625	7	-297
3	356	1	-781
-9	701	-7	-919
1	-282	1	-806
-5	-332	13	-425
-5	-91	-5	127
-2	-4623	5	742
1	-3849	-1	1056
-15	6369	3	911
-3	-441	-11	375
-3	1627	13	-297
8	373	-3	-771
-19	707	2	-923
-7	-282	-7	-807
-6	-308	17	-434
-3	-104	-7	134
-3	-4643	-3	749
7	-3855	1	1061
1	6393	19	918
-9	-443	-13	379
-3	1638	16	-324
-1	381	-4	-775
-7	703	-1	-937
-9	-291	5	-812
-8	-335	1	-437
-5	-101	-1	141
-3	-4685	5	751
4	-3905	-3	1053
7	6455	-1	925
-3	-444	-1	375
7	1659	11	-307
5	348	-1	-778
-10	713	-13	-937
-3	-284	12	-825
-15	-324	7	-437
6	-96	-11	154
-5	-4637	-3	752
-15	-3891	7	1080
-5	6415	-1	923
-1	-471	-13	383
-6	1657	9	-303
-3	369	-1	-791
-12	705	-1	-943
-7	-289	5	-804
3	-339	1	-421
-3	-95	4	145
5	-4635	-1	750
1	-3853	9	1061
5	6379	-5	913
-1	-463	10	375
-5	1639	7	-321
3	377	6	-774
-17	705	-1	-937
-3	-289	1	-811
-16	-331	7	-431
3	-113	-9	146
-5	-4637	-9	753
-3	-3837	5	1057
0	6367	-9	908
-9	-459	-1	375
-3	1627	11	-312
-1	365	7	-781
-13	706	-3	-935
-3	-300	1	-814
2	-321	3	-429
-7	-94	-7	145
-9	-4520	-3	753
-1	-3729	-3	1057
1	6239	-5	915
5	-447	1	376
8	1621	3	-309
3	361	17	-768
-2	705	-1	-927
12	-284	7	-811
13	-313	21	-407
8	-97	20	150
-1	-4533	-1	736
15	-3794	14	1034
-4	6263	11	894
-5	-467	7	374
0	1623	17	-299
9	353	14	-759
-13	699	-19	-911
-9	-284	-1	-803
-3	-321	-2	-419
-13	-104	-12	147
-7	-4557	-11	735
-14	-3745	-11	1038
-12	6251	-13	913
-5	-462	1	381
-17	1608	-5	-301
-1	348	-1	-762
-15	681	-21	-907
-3	-293	-1	-797
-4	-329	-1	-415
-7	-127	-9	152
3	-4661	-9	737
1	-3879	7	1035
3	6456	-7	892
3	-471	4	377
5	1662	21	-293
21	387	15	-771
11	725	3	-920
16	-297	6	-819
18	-309	21	-431
7	-105	7	137
7	-4653	13	771
19	-3853	22	1068
1	6434	3	941
3	-449	-4	390
-6	1673	15	-303
-14	348	-4	-788
-21	707	-7	-931
-7	-315	-7	-829
-12	-311	13	-417
-13	-133	-4	147
-17	-4735	-2	762
-13	-3927	-13	1062
-8	6523	1	932
-21	-487	-21	388
-20	1691	-3	-297
-18	356	-15	-785
-17	715	-3	-943
4	-305	-5	-817
-5	-332	2	-429
3	-93	-6	145
0	-4669	-3	777
-9	-3796	4	1081
2	6445	17	951
13	-473	7	397
12	1667	13	-311
19	391	5	-800
-5	715	3	-943
-1	-293	24	-821
-9	-310	23	-417
3	-122	9	153
-4	-4741	11	763
-1	-3884	16	1047
-19	6523	5	924
1	-495	-5	381
-13	1679	0	-310
-9	357	-11	-787
-15	721	-17	-946
-19	-323	-9	-828
-27	-325	9	-427
-12	-114	-13	159
-2	-4761	-9	777
-17	-3883	-19	1085
-13	6545	-3	943
-13	-485	-9	372
-1	1705	3	-315
-5	348	-6	-785
4	721	-9	-957
7	-312	-1	-829
3	-311	13	-435
17	-130	13	152
3	-4834	11	778
1	-3967	17	1092
-1	6661	7	943
-1	-500	1	387
9	1733	25	-305
1	355	33	-793
-2	747	7	-967
-3	-315	21	-835
-5	-330	15	-441
-7	-111	6	153
-10	-4845	5	782
-8	-3909	-5	1105
-11	6609	3	945
-19	-503	-9	383
-23	1723	5	-331
-17	354	1	-811
-13	721	-13	-969
-17	-323	-5	-837
-24	-303	-1	-439
-8	-130	-9	153
-15	-4763	-1	781
-15	-3830	-7	1103
-9	6511	-9	946
6	-487	13	401
-5	1697	10	-324
15	361	5	-793
-11	739	3	-969
-5	-311	-1	-830
-3	-309	17	-429
5	-120	10	149
9	-4741	1	771
1	-3825	22	1083
-5	6511	-1	923
-3	-487	-3	379
-13	1697	15	-317
-5	341	4	-792
-14	731	-13	-959
-5	-319	-7	-823
-16	-317	13	-431
8	-117	-13	157
-11	-4757	-5	757
-9	-3855	-14	1083
-19	6506	-7	930
-9	-511	-1	384
-10	1699	-1	-323
-7	337	-9	-799
0	739	-7	-957
11	-307	-5	-823
-3	-303	7	-425
1	-130	-9	145
-2	-4832	-5	767
-11	-3857	11	1085
6	6591	9	931
3	-515	7	379
3	1721	7	-321
6	341	11	-803
-1	748	-3	-963
9	-312	9	-845
-8	-303	7	-455
1	-139	-4	149
-15	-4861	1	783
-9	-3858	7	1091
-2	6639	11	938
-3	-503	-5	373
-11	1725	9	-325
-1	349	9	-813
-10	751	-7	-970
-3	-329	1	-845
-15	-303	11	-435
-3	-145	-3	151
2	-4889	-7	793
3	-3932	11	1089
-9	6703	-7	949
1	-505	-14	375
-5	1761	7	-317
-7	336	4	-821
-7	755	-1	-981
-5	-328	14	-843
5	-313	13	-441
1	-123	-6	155
-7	-4951	3	795
-3	-3997	-1	1114
10	6793	-1	955
-9	-536	6	386
-8	1765	17	-341
3	338	-1	-817
-2	763	-11	-987
-1	-330	-1	-859
-5	-310	3	-439
5	-148	-12	161
-14	-4973	-1	801
-11	-3943	1	1125
0	6771	-3	969
-9	-525	-1	389
-2	1767	11	-339
-1	339	-5	-837
-7	764	-15	-989
-3	-325	9	-861
-5	-309	9	-429
-1	-165	-1	166
-4	-5103	5	801
-10	-4055	-1	1129
-7	6949	5	954
-1	-539	13	387
-5	1807	15	-319
1	353	5	-829
-10	781	-5	-1002
9	-351	5	-873
2	-317	19	-449
-7	-137	-13	157
-9	-5072	3	833
4	-4051	4	1159
-13	6933	-7	997
-13	-529	-13	403
-4	1830	5	-345
-14	337	3	-855
1	771	-9	-1017
-12	-345	12	-871
0	-309	1	-459
-5	-150	-15	174
-11	-5071	3	819
-11	-4015	6	1145
1	6924	-5	983
-1	-549	-12	397
-13	1827	-1	-351
-5	347	-5	-841
-2	785	-7	-1015
-1	-333	-5	-875
9	-326	23	-459
-5	-137	1	157
2	-5047	7	816
-9	-3957	1	1143
-1	6877	-1	989
-3	-545	16	395
3	1793	13	-357
-1	354	-3	-851
1	774	-13	-1011
5	-343	3	-865
-2	-317	15	-447
3	-156	-6	169
-2	-5111	3	805
-12	-4009	5	1135
0	6954	3	971
3	-543	1	397
1	1821	13	-355
-1	356	11	-845
-14	795	-5	-1013
-5	-337	6	-869
-11	-321	17	-457
1	-141	10	161
-9	-4979	-1	825
4	-3927	13	1155
-5	6779	-11	987
-1	-539	12	399
1	1781	23	-353
5	351	9	-851
-3	761	3	-1005
1	-336	1	-865
-7	-328	13	-439
10	-149	-15	178
-9	-5011	-3	810
-13	-3981	1	1125
0	6825	13	962
-3	-554	-5	388
-19	1791	5	-337
-3	345	-7	-839
0	774	-3	-1001
6	-356	8	-855
-5	-330	19	-447
5	-145	-7	165
0	-4999	1	811
-1	-3919	11	1131
-10	6811	3	981
-3	-557	1	395
-12	1781	21	-337
4	351	7	-835
-11	764	-9	-993
-3	-336	-1	-861
-11	-317	9	-448
-7	-166	5	157
1	-4985	1	799
5	-3921	-1	1113
3	6791	1	962
3	-543	-1	389
5	1781	21	-340
5	348	1	-841
-15	769	-11	-1001
5	-341	1	-863
-5	-323	17	-463
3	-139	16	167
-9	-4981	3	811
4	-3923	-8	1127
-7	6773	5	983
-1	-529	-4	389
-2	1788	9	-323
-9	333	1	-833
-9	763	-9	-993
-9	-355	1	-859
-3	-320	1	-445
10	-135	-3	160
-5	-5015	10	807
-3	-3977	1	1115
-6	6854	7	966
-1	-554	-17	385
-5	1819	5	-339
3	343	12	-837
-21	776	-5	-993
1	-339	9	-879
-7	-310	11	-461
-5	-143	-12	157
-11	-5079	-11	805
-15	-3979	-9	1135
-12	6935	1	967
-3	-571	-9	395
-7	1809	9	-341
10	351	-8	-855
-5	781	-8	-1005
-3	-331	9	-872
-1	-302	11	-452
-1	-156	-9	162
-9	-5045	9	817
-10	-3938	14	1149
-9	6839	7	983
-1	-547	4	395
1	1789	9	-344
-11	366	-4	-849
-4	779	-11	-994
5	-353	19	-859
-3	-309	15	-457
-3	-150	-11	173
-3	-5060	-1	813
4	-3987	1	1139
7	6909	7	979
5	-535	-1	397
-16	1827	9	-337
-1	343	-1	-845
-21	795	-11	-1005
-9	-348	-1	-869
-7	-328	-3	-469
-1	-161	-11	156
-13	-5070	-1	821
-11	-4022	-7	1139
-8	6893	-3	985
-5	-564	4	409
3	1827	5	-343
-11	348	-3	-847
-16	779	-7	-1015
6	-345	17	-875
5	-328	7	-453
3	-148	-9	163
-3	-4989	-7	811
-7	-3901	5	1145
9	6805	-7	979
-7	-552	12	401
-3	1791	3	-341
-3	354	1	-839
3	770	-5	-1001
-3	-345	6	-851
-5	-310	11	-445
-8	-163	-6	165
-2	-5003	3	817
-11	-3891	-17	1133
-9	6784	3	958
6	-544	-4	397
1	1785	10	-341
-1	351	11	-829
-22	783	-1	-986
-8	-339	9	-857
-13	-309	5	-451
-3	-143	3	165
-9	-4931	-5	809
-11	-3884	3	1136
-1	6704	5	967
-17	-531	-9	397
-10	1775	11	-335
-14	341	7	-818
-2	759	-3	-989
9	-331	14	-847
-1	-307	3	-449
-11	-161	-15	163
-7	-4965	-2	795
-13	-3943	17	1110
-2	6757	1	951
-5	-549	-12	399
1	1771	-5	-331
-9	325	7	-825
-13	762	-11	-993
-5	-333	-1	-851
-9	-307	7	-443
-7	-129	-13	171
-4	-4931	-1	806
-15	-3876	-15	1119
-5	6695	-3	959
-15	-534	-5	397
-9	1757	9	-341
-1	341	-1	-835
-11	753	-1	-983
-5	-325	1	-847
-3	-303	15	-441
-9	-159	-9	158
-10	-4979	-1	795
-5	-3891	5	1105
-2	6773	7	956
-7	-541	6	381
-11	1771	7	-330
-7	347	-9	-819
-11	769	-9	-991
-1	-357	-7	-861
1	-315	11	-447
-7	-120	-9	147
-11	-4835	1	807
1	-3822	-8	1118
-13	6609	-3	967
-5	-510	-19	390
-17	1743	7	-337
-1	331	-9	-828
-14	751	-5	-975
-5	-318	-7	-841
-5	-313	7	-439
4	-145	-9	155
-9	-4911	-1	781
-5	-3941	1	1085
-7	6723	5	949
7	-543	6	376
-7	1767	15	-315
-1	327	-9	-801
-16	757	-15	-979
-3	-315	-5	-849
-13	-311	13	-439
-1	-129	-13	145
-2	-4896	-3	798
-1	-3865	4	1119
3	6663	3	967
-3	-537	-1	381
-9	1751	13	-327
4	351	1	-827
-3	748	-2	-981
-7	-330	-3	-835
-11	-321	7	-436
-1	-145	-12	165
-4	-4907	-3	791
-7	-3897	10	1095
3	6681	-7	952
-3	-518	-9	393
-11	1733	13	-321
9	345	-9	-809
-11	755	-7	-973
3	-333	3	-849
-10	-325	3	-443
-10	-139	-7	153
-7	-4919	1	787
11	-3905	-6	1099
-5	6716	2	963
1	-515	-9	390
-5	1763	-1	-317
1	325	-9	-818
-10	755	-7	-971
-3	-333	-1	-853
-16	-326	1	-451
-11	-137	-1	153
-15	-4899	-7	789
1	-3927	5	1121
-1	6697	3	954
-14	-528	-14	403
-2	1757	9	-327
-7	341	-7	-817
-5	753	-17	-985
-7	-315	6	-849
-5	-319	-3	-441
1	-131	-1	155
0	-4881	-1	792
-1	-3865	13	1113
-1	6663	-3	947
3	-527	3	391
9	1743	11	-339
6	363	11	-816
-1	754	-10	-989
3	-333	3	-841
-9	-311	15	-445
-5	-150	-5	160
-2	-4801	-7	783
-1	-3786	3	1101
3	6553	7	936
3	-531	1	389
-7	1709	-10	-329
-9	349	3	-795
-16	737	-5	-960
-1	-330	-4	-833
-5	-321	7	-439
-7	-140	-1	173
-5	-4871	-5	767
-5	-3889	11	1080
-7	6637	3	921
-11	-511	-9	376
-14	1735	15	-315
-5	341	3	-801
-4	759	-7	-967
10	-333	3	-841
-11	-301	15	-447
6	-141	-11	149
-1	-4861	-11	777
-5	-3933	1	1098
-4	6661	5	951
-1	-534	9	385
-17	1737	11	-335
-3	343	10	-815
-1	740	-5	-973
1	-315	20	-845
3	-318	1	-449
-5	-133	-1	157
-11	-4865	-13	779
-1	-3915	11	1103
-3	6677	7	955
-1	-511	-9	385
-11	1735	11	-335
8	335	1	-823
-7	743	5	-971
-3	-317	3	-845
-13	-315	-3	-445
-1	-153	-1	156
-3	-4889	-3	787
1	-3913	10	1097
0	6663	-3	964
6	-513	-9	389
-7	1735	0	-316
-9	346	-9	-813
-3	751	-5	-973
1	-318	4	-843
1	-317	9	-443
-5	-143	7	149
-7	-4883	11	793
3	-3935	17	1105
-11	6677	10	957
1	-499	7	376
-13	1741	3	-335
-1	333	-4	-820
-13	757	-1	-969
-3	-337	12	-849
-10	-309	13	-441
-5	-135	-7	150
1	-4975	1	795
-9	-4053	5	1111
-7	6841	3	959
3	-536	-14	383
2	1791	9	-329
1	335	7	-817
-3	764	-15	-985
8	-338	9	-857
-15	-318	11	-457
-1	-129	-1	145
-2	-4871	-1	822
-3	-3930	13	1127
9	6695	3	989
3	-528	-1	391
-5	1745	19	-339
-3	346	3	-843
-1	746	13	-987
-5	-307	12	-855
-8	-307	19	-421
-9	-155	-4	158
-4	-4915	-1	791
-5	-3955	7	1101
-9	6747	-1	950
-13	-503	-5	391
-5	1743	23	-324
3	369	-9	-813
-14	751	5	-988
-8	-321	6	-859
-2	-315	17	-445
7	-135	-3	157
-21	-4859	5	809
-11	-3914	6	1112
-9	6643	-5	967
3	-487	-15	383
-4	1731	11	-335
3	346	9	-824
-13	749	-5	-985
-10	-315	7	-843
-7	-326	9	-425
-1	-133	-1	166
-11	-4856	15	796
-11	-3985	7	1104
-21	6673	-1	950
-5	-498	-5	381
-2	1739	11	-315
-3	329	-7	-817
-13	741	-9	-977
4	-331	-3	-849
-9	-325	8	-445
-17	-121	-9	165
-11	-4810	-9	796
-7	-3855	-1	1111
-2	6561	5	953
-12	-485	-17	395
-3	1700	11	-331
4	356	5	-808
-13	737	-16	-967
5	-301	9	-827
3	-325	3	-434
-3	-127	-9	160
-10	-4833	13	781
-7	-3909	7	1087
-1	6601	5	934
-5	-499	-6	393
-9	1713	-3	-326
-3	354	9	-791
-12	741	-1	-972
-9	-320	14	-833
4	-333	3	-441
1	-117	7	149
1	-4799	-3	771
-9	-3893	3	1095
-9	6581	-8	955
-11	-477	9	389
-3	1701	3	-327
-5	341	-1	-810
-3	735	-9	-979
-1	-301	7	-833
-5	-320	15	-431
-1	-114	-5	150
3	-4737	-11	783
-13	-3897	-11	1097
-1	6515	1	936
-8	-480	-5	389
3	1693	9	-331
-1	329	3	-793
2	726	-5	-963
6	-307	-4	-827
-5	-321	-2	-433
5	-129	1	161
-10	-4768	-1	775
-10	-3868	-9	1073
-10	6541	9	931
-12	-475	-3	379
3	1697	7	-327
-5	323	-3	-789
-7	737	-15	-945
-9	-299	11	-819
-16	-323	-3	-446
-1	-133	-12	151
-7	-4749	1	769
-3	-3861	-15	1097
-9	6502	-1	936
3	-485	1	389
-7	1679	1	-330
1	345	-6	-799
-12	741	-19	-949
-7	-323	-3	-824
-10	-327	3	-423
-1	-125	-1	155
5	-4785	7	775
-13	-3922	15	1073
-5	6569	10	935
-3	-473	6	382
-1	1699	9	-305
-9	341	-1	-796
-10	731	1	-959
1	-310	-1	-831
5	-321	21	-445
3	-109	-3	165
-7	-4689	-8	795
-13	-3850	-9	1095
-4	6453	1	953
-5	-491	-7	393
-5	1663	9	-319
-7	343	-1	-809
-3	730	-13	-947
6	-305	-1	-809
3	-328	19	-427
1	-120	-11	147
-3	-4683	3	765
3	-3809	1	1067
-5	6433	7	917
11	-485	3	381
-9	1659	1	-311
10	351	1	-784
-7	729	5	-937
3	-294	11	-825
-5	-319	9	-421
-8	-137	-13	151
-6	-4749	3	775
3	-3859	-5	1073
10	6509	13	918
-5	-467	13	365
-11	1679	13	-309
-3	341	-9	-785
-7	730	-5	-938
-5	-301	6	-823
-18	-323	3	-431
-3	-111	-7	157
-12	-4623	-11	777
-1	-3794	-17	1086
-9	6353	-10	937
-9	-451	-3	392
0	1653	-1	-313
-1	348	11	-789
-6	715	-11	-945
-7	-300	1	-811
-17	-325	15	-423
-7	-131	4	152
3	-4713	5	751
-3	-3899	1	1051
-5	6489	7	915
-7	-482	-1	377
-2	1685	11	-303
5	343	7	-777
-3	721	-15	-931
-3	-297	-5	-825
-9	-321	13	-433
5	-119	-1	137
-6	-4737	-1	772
-11	-3877	-1	1087
-3	6507	1	937
-12	-485	7	387
2	1678	9	-329
-1	359	4	-803
5	709	-8	-943
-3	-305	-1	-821
-3	-319	9	-422
5	-145	-7	151
-2	-4789	-3	765
1	-3927	7	1093
3	6564	-11	928
3	-481	-7	381
5	1689	2	-324
-3	356	6	-793
-20	728	7	-947
-11	-297	1	-827
-1	-323	9	-445
-3	-120	-5	153
-12	-4771	3	781
6	-3907	11	1096
-7	6549	11	951
-3	-469	-9	394
-8	1703	15	-325
-8	341	-6	-789
-6	731	-7	-971
-7	-318	10	-821
-5	-315	9	-435
-7	-141	-6	168
-5	-4846	-8	763
-1	-4033	1	1092
0	6677	1	940
-8	-499	-6	390
-4	1721	1	-319
5	366	7	-799
-7	733	-3	-973
-1	-294	-1	-837
-1	-321	17	-449
-9	-101	-7	151
1	-4750	-3	796
-1	-3863	1	1111
-5	6517	5	967
-5	-477	3	383
-5	1671	7	-329
10	355	-8	-814
-3	729	-3	-961
-3	-297	-1	-823
-9	-323	17	-426
-3	-113	-9	151
-1	-4825	5	771
-7	-3938	-5	1081
-15	6628	7	932
-3	-473	1	375
-15	1705	7	-308
-9	351	-3	-795
-9	747	-1	-965
-1	-330	-9	-845
-21	-313	9	-445
-7	-135	-17	157
-9	-4837	-3	787
-1	-3959	3	1097
-5	6643	-3	949
-3	-469	-5	379
-15	1719	15	-329
-1	345	4	-811
-5	743	-5	-969
5	-305	7	-827
-12	-320	7	-433
6	-121	-7	157
-7	-4770	1	784
-13	-3943	-17	1104
-6	6560	-9	948
-1	-479	-4	393
-10	1709	-1	-323
-5	338	-5	-817
2	734	-13	-967
4	-303	-21	-851
-9	-331	-3	-433
1	-112	1	159
-3	-4719	-7	779
-5	-3842	-7	1083
-5	6511	-1	933
-1	-485	3	393
0	1669	7	-321
4	354	7	-801
-5	729	-16	-955
5	-295	11	-845
-16	-309	15	-424
12	-109	-7	156
4	-4673	-1	767
-3	-3817	-7	1079
-7	6427	1	930
1	-474	8	377
3	1666	13	-319
7	361	6	-795
-12	733	-5	-952
-1	-303	6	-825
-6	-325	21	-425
-1	-112	-5	159
0	-4658	-3	761
6	-3796	-4	1068
-9	6391	-5	919
-9	-462	1	373
-6	1653	-1	-315
7	341	17	-787
-9	721	-9	-937
5	-300	-3	-823
1	-315	11	-431
-1	-112	-9	144
3	-4607	7	756
-1	-3789	-1	1061
-7	6321	1	920
5	-483	-7	372
-6	1633	3	-309
-1	356	12	-779
-5	707	-9	-945
8	-307	6	-802
-5	-328	13	-419
-1	-99	-9	141
3	-4629	-7	739
1	-3753	19	1050
2	6357	-1	901
5	-481	-1	391
-12	1642	7	-315
-7	343	1	-763
-1	719	-15	-925
-5	-299	-3	-791
-7	-315	5	-434
-11	-127	-6	154
1	-4673	-15	757
3	-3787	10	1053
-3	6401	-3	910
3	-464	-4	369
7	1662	-1	-313
-3	359	12	-775
-6	721	-1	-935
-1	-309	9	-802
-5	-307	9	-427
5	-112	-11	157
-1	-4584	1	751
6	-3722	18	1064
-9	6293	2	919
7	-467	9	377
-7	1645	9	-299
-1	341	3	-776
-17	701	1	-933
-3	-300	1	-803
-1	-324	15	-421
-1	-122	-8	154
-7	-4545	1	735
3	-3723	1	1054
-17	6243	-3	905
-5	-477	7	371
-10	1627	11	-307
-1	325	12	-755
-5	707	-11	-921
3	-300	3	-794
-11	-307	11	-423
-3	-121	-12	153
0	-4515	7	738
-8	-3657	12	1039
-8	6193	5	903
5	-487	-13	373
3	1610	21	-295
-1	343	15	-769
-3	699	-5	-901
13	-299	5	-793
-9	-305	11	-407
-17	-145	1	148
-6	-4565	7	725
-9	-3675	12	1023
-3	6257	5	882
-5	-487	-13	373
-11	1611	11	-300
-3	341	-13	-757
-14	695	-11	-905
-13	-301	3	-798
-14	-313	7	-417
-3	-115	-13	133
5	-4461	3	743
-1	-3608	4	1035
-7	6131	2	903
1	-459	6	375
-12	1599	5	-297
5	323	-7	-770
-5	697	-5	-909
1	-309	1	-775
3	-313	5	-401
4	-125	-6	140
-5	-4481	-1	719
-5	-3675	1	1008
-11	6168	9	879
-7	-481	-7	360
-3	1607	25	-283
1	333	7	-747
-5	705	-1	-893
-9	-307	-7	-784
-7	-307	2	-415
1	-89	-7	137
-10	-4387	-5	739
-8	-3535	-6	1014
0	6033	-1	893
3	-462	-5	369
-7	1575	5	-301
-7	343	-5	-752
-13	675	-13	-879
-5	-284	5	-767
-18	-303	-1	-391
-3	-121	-17	148
0	-4455	3	713
-9	-3591	7	993
-13	6104	-5	854
-1	-475	3	355
1	1587	11	-275
-3	339	1	-741
-22	704	-3	-882
9	-294	6	-778
5	-323	13	-413
5	-105	3	143
0	-4447	11	717
4	-3591	-1	1017
-15	6085	-7	877
-17	-451	-9	355
-3	1593	3	-289
-5	330	1	-733
-11	683	-7	-889
3	-292	7	-773
1	-315	-1	-405
4	-111	-3	142
3	-4383	0	734
-11	-3569	-3	1016
-10	5998	3	881
-5	-474	-13	361
-21	1567	9	-293
-7	335	16	-751
-3	671	-11	-887
6	-289	-3	-769
-9	-322	7	-401
-11	-113	-13	143
5	-4416	-7	708
-9	-3529	3	987
4	6047	-5	855
-11	-483	-1	367
-5	1564	3	-295
13	313	-1	-726
-3	681	-10	-873
-3	-297	1	-761
-12	-297	19	-403
-11	-114	-17	136
1	-4407	-3	707
-11	-3527	3	1005
0	6037	-15	866
-5	-461	9	344
5	1564	13	-291
3	327	6	-719
-9	686	-7	-882
11	-300	3	-766
-3	-295	7	-401
-9	-122	-17	143
3	-4413	-3	711
-3	-3575	-6	1003
1	6067	2	861
-9	-453	-3	363
-14	1581	-7	-287
1	315	1	-731
-13	673	-7	-887
-14	-299	1	-771
-2	-299	-5	-409
6	-114	-4	148
-11	-4415	1	722
1	-3583	9	1016
2	6046	-9	865
-7	-491	-1	360
-1	1575	-1	-301
-13	293	-3	-735
5	675	-3	-889
1	-302	-3	-755
-5	-308	3	-403
1	-117	-1	129
-5	-4428	-5	709
-8	-3561	1	1001
14	6085	9	865
3	-472	-3	355
-12	1584	9	-287
-9	325	-1	-742
1	685	-19	-881
-3	-289	1	-771
5	-283	7	-415
-8	-135	-3	144
-7	-4467	-1	721
7	-3577	-3	1007
-13	6125	5	870
4	-475	-4	357
-13	1590	18	-295
-1	315	-7	-729
-6	686	5	-882
-3	-317	1	-778
-8	-297	11	-413
-3	-141	-1	135
-14	-4475	-11	729
-9	-3608	-7	1013
-5	6115	7	883
-3	-485	-9	355
-18	1597	11	-293
-1	320	1	-751
2	683	1	-887
-3	-301	-1	-769
-2	-305	13	-389
-7	-120	-5	133
-13	-4467	9	721
5	-3637	4	1008
6	6135	7	874
3	-490	-6	345
-1	1597	19	-297
7	323	12	-753
-3	683	-15	-895
13	-297	5	-789
-7	-303	16	-399
-1	-102	-12	149
-5	-4430	5	728
1	-3552	-5	1010
-4	6067	9	877
-7	-475	-13	357
-13	1585	-1	-295
4	323	5	-763
-9	679	-7	-899
-9	-303	1	-779
-9	-304	11	-407
7	-139	-17	127
-10	-4445	-13	723
-3	-3569	-1	999
1	6078	9	872
6	-477	-15	353
-11	1579	3	-284
-13	331	3	-749
-7	688	-7	-879
3	-295	-5	-784
-2	-293	17	-407
-3	-96	-1	141
-1	-4371	9	735
-3	-3516	-5	1019
-9	5995	5	867
-1	-457	-3	351
-16	1570	19	-295
7	327	-5	-734
-6	675	-7	-883
1	-289	10	-761
-9	-307	11	-393
-3	-125	11	135
-3	-4407	15	720
-9	-3549	-3	989
-3	6024	3	867
-7	-481	1	356
-4	1581	15	-287
-11	321	7	-723
-16	687	-13	-877
-1	-305	-13	-768
-11	-306	19	-399
-3	-111	-5	143
-9	-4387	11	714
-7	-3495	5	1003
-5	5989	1	871
9	-469	-1	359
-3	1546	25	-291
19	327	11	-732
-15	681	-5	-885
1	-291	22	-763
-16	-288	5	-393
9	-123	-5	135
-7	-4423	7	693
-3	-3521	14	995
-12	6032	9	854
-11	-467	-6	365
-7	1562	1	-300
-9	323	1	-721
2	676	-19	-878
-1	-305	1	-762
-13	-303	9	-415
-3	-107	-1	149
-9	-4361	-11	713
10	-3481	1	1003
-1	5959	-10	859
-5	-456	1	379
-4	1560	15	-293
-3	323	-1	-727
-5	675	-7	-875
-10	-301	18	-745
-7	-307	11	-393
1	-131	-11	153
3	-4407	-3	691
-5	-3549	9	988
-2	6032	-5	855
-7	-487	7	362
-6	1575	5	-279
-11	319	-7	-707
-21	679	-17	-883
4	-297	15	-757
-17	-304	11	-409
-3	-125	11	129
-11	-4463	-11	714
-5	-3591	1	998
-4	6093	1	865
-3	-499	5	351
-13	1592	5	-295
1	325	11	-733
-7	685	-15	-883
-11	-305	19	-755
-20	-285	3	-403
3	-132	1	142
-9	-4501	7	719
5	-3607	7	1017
-5	6167	-11	876
6	-489	-1	357
-3	1608	9	-299
-5	333	13	-747
-8	689	1	-890
-9	-301	11	-781
-5	-291	3	-407
-3	-143	-9	137
5	-4575	5	727
4	-3705	13	1025
-11	6275	10	885
-1	-487	-1	357
-10	1637	7	-305
-5	317	-9	-749
-4	713	-3	-907
-13	-315	-5	-801
-9	-293	-5	-423
-17	-125	-13	153
-1	-4637	-7	743
-11	-3763	-3	1053
-7	6361	-9	910
-5	-501	-11	363
-3	1657	3	-303
-1	319	3	-771
-9	723	-7	-909
4	-302	-1	-799
-11	-306	0	-411
5	-127	-12	145
2	-4709	-3	735
-5	-3763	1	1050
4	6441	1	915
7	-515	5	381
-9	1673	3	-311
-1	325	13	-789
-9	721	-3	-929
-5	-313	-1	-827
-15	-296	11	-432
-1	-145	-3	151
-21	-4801	5	765
-7	-3822	-11	1077
-3	6564	-11	930
-5	-500	-3	367
-7	1709	15	-313
-13	339	-3	-789
-18	739	1	-945
-9	-338	-4	-824
-13	-301	13	-433
-3	-150	-11	149
-12	-4885	-15	785
11	-3933	-3	1095
7	6711	-5	943
-11	-499	-15	380
-11	1741	9	-319
-8	331	-1	-818
-1	741	-9	-963
3	-323	12	-837
-7	-299	15	-437
10	-114	-7	159
-5	-4917	-7	805
-1	-3976	-3	1112
1	6731	5	957
1	-516	-9	381
-10	1751	5	-339
-9	338	3	-819
0	748	-11	-973
6	-323	5	-851
-9	-324	9	-437
-13	-127	-19	161
-1	-4873	3	801
-3	-3886	-5	1107
-2	6667	-15	963
-12	-521	-9	399
-7	1732	-1	-339
4	353	-11	-819
1	753	-15	-977
-1	-318	-7	-851
3	-305	-1	-426
5	-133	-1	156
-4	-4929	-3	787
-1	-3903	16	1109
-9	6731	1	962
13	-500	-3	389
-1	1739	7	-324
3	359	6	-813
-16	763	-5	-981
-3	-341	-7	-841
-7	-319	11	-435
-7	-135	-11	165
-15	-4885	-11	797
-3	-3881	-6	1123
-5	6672	1	959
-1	-516	-7	390
-4	1745	5	-335
-10	345	-1	-813
-15	739	-15	-979
-13	-317	-1	-843
-3	-322	7	-435
-9	-145	-19	165
-13	-4899	-13	786
-1	-3951	-6	1111
-3	6691	-5	944
-1	-517	1	388
1	1757	7	-325
-1	329	-11	-809
-5	747	-9	-975
6	-327	8	-843
-9	-321	3	-443
7	-125	-13	161
6	-4929	1	793
-1	-3896	6	1115
7	6731	-3	941
12	-511	-5	385
-2	1761	21	-331
6	347	15	-811
-1	756	2	-983
5	-328	21	-849
-8	-314	5	-454
-3	-145	19	161
-1	-4993	3	791
1	-3981	10	1119
-9	6809	-3	950
-7	-528	6	387
-5	1771	7	-350
-13	356	-9	-825
-9	767	-11	-1001
-1	-338	1	-859
-8	-323	-3	-453
-5	-138	-17	173
-15	-4907	-7	809
-15	-3917	-5	1135
-9	6693	-16	977
-9	-523	-5	390
-24	1763	7	-335
-9	338	-11	-832
-3	755	-23	-983
-1	-346	-1	-843
-7	-315	7	-437
6	-135	4	166
1	-4921	-1	789
11	-3940	4	1098
6	6737	9	950
9	-539	4	391
10	1783	15	-331
10	351	16	-819
7	757	3	-987
10	-323	32	-849
19	-328	29	-451
3	-137	11	159
10	-5039	15	806
1	-3995	12	1109
-4	6887	11	951
-12	-555	16	393
0	1779	7	-333
-3	346	19	-837
-15	762	-18	-993
-5	-346	-15	-868
-20	-317	9	-454
-17	-145	-15	153
-16	-5027	-7	811
-19	-3989	-11	1141
-9	6850	-11	983
-3	-541	-19	389
1	1785	-1	-326
-1	343	-11	-849
-11	763	-7	-999
-1	-345	3	-869
3	-309	1	-441
17	-153	-9	159
-5	-5064	13	815
13	-4033	3	1132
5	6938	1	979
5	-519	-4	411
-3	1819	33	-333
5	353	7	-841
2	783	-5	-991
7	-353	1	-873
-5	-321	21	-461
6	-139	-7	166
-11	-5084	15	825
5	-4083	5	1149
-17	6947	5	986
-19	-569	-9	403
-16	1805	1	-351
-11	347	-3	-847
-23	779	-11	-1007
-17	-339	-1	-873
-15	-326	9	-451
-3	-138	-19	163
-14	-5087	-15	836
-3	-4025	-19	1147
-16	6925	-1	993
-1	-551	5	403
3	1803	11	-345
4	353	1	-841
-5	792	-3	-1003
3	-323	9	-868
6	-305	23	-456
3	-127	-1	155
-1	-4893	17	815
12	-3835	10	1153
7	6694	19	989
8	-543	15	391
1	1743	27	-334
-1	369	-1	-855
-1	755	7	-987
-7	-323	-6	-855
-17	-321	19	-437
-3	-145	-17	171
-3	-4919	-9	791
-7	-3884	3	1092
-7	6675	5	957
-3	-521	-17	387
-11	1753	7	-313
-16	343	-11	-812
6	763	-17	-983
-7	-321	-1	-849
-2	-318	5	-445
3	-107	4	168
-11	-4845	-7	803
-13	-3875	6	1117
-4	6609	-1	962
1	-541	1	391
7	1745	15	-329
5	345	3	-817
0	748	13	-973
8	-325	18	-835
3	-314	26	-425
9	-113	3	163
0	-4856	-7	775
1	-3817	11	1093
0	6613	3	935
1	-535	7	387
-13	1730	13	-321
-9	339	8	-799
-7	745	-5	-967
-13	-328	5	-843
-13	-317	5	-440
-1	-145	-14	160
-12	-4909	-7	779
-1	-3847	-3	1103
1	6671	-1	938
3	-531	5	377
-11	1743	5	-340
-1	343	3	-807
-8	745	-7	-967
-7	-327	-4	-851
3	-317	9	-443
5	-140	7	161
-5	-4871	-9	797
3	-3860	-3	1105
-7	6641	15	955
9	-515	-7	389
-11	1759	9	-317
-3	347	3	-801
-16	753	-5	-975
-3	-328	18	-843
-5	-313	13	-437
10	-150	13	165
-7	-4965	1	794
-11	-3971	9	1102
-3	6765	3	949
-16	-546	-6	397
-10	1775	-1	-333
1	323	10	-809
5	760	-5	-979
-9	-354	4	-853
-9	-311	-5	-453
-13	-148	-13	155
-3	-4961	3	799
-3	-3894	9	1121
-13	6755	1	959
-5	-539	1	391
-9	1757	15	-337
8	343	6	-833
-9	758	1	-989
-7	-341	4	-847
-6	-302	7	-440
5	-163	1	163
-3	-5035	-5	803
5	-3963	1	1119
3	6867	3	968
-3	-535	-13	387
1	1808	11	-334
-1	343	6	-819
-1	771	-1	-994
3	-345	11	-863
-5	-309	7	-447
-7	-150	1	157
-14	-4998	-3	817
-11	-3961	-13	1132
-11	6819	2	983
-13	-547	1	386
-9	1781	11	-345
-9	343	1	-841
4	771	-15	-989
-7	-346	-1	-863
-3	-305	19	-441
6	-155	-6	168
11	-5047	-7	812
5	-4039	-7	1129
-4	6889	7	972
-3	-555	1	395
-1	1819	13	-341
3	328	7	-833
-13	778	-11	-989
4	-339	13	-861
-7	-316	3	-449
1	-150	-5	167
1	-5025	7	828
-5	-3945	3	1141
0	6853	1	981
-3	-534	-13	395
-15	1785	13	-339
-7	349	4	-849
-11	763	-11	-995
-9	-353	-9	-871
-6	-298	1	-434
-1	-140	-13	169
-5	-4939	-1	825
-3	-3851	5	1131
-13	6701	-3	977
-5	-535	-4	409
-5	1751	25	-335
3	351	-3	-837
6	763	-9	-979
-1	-331	11	-851
5	-315	5	-425
1	-147	7	167
-10	-4957	5	801
10	-3903	11	1097
-1	6750	15	957
-3	-525	-21	399
-9	1771	21	-321
9	341	-1	-814
-6	779	-9	-967
3	-330	-1	-863
-17	-315	11	-435
10	-140	-17	154
1	-4903	3	807
-9	-3889	-1	1121
-5	6687	-1	972
-1	-547	-1	403
-2	1763	11	-335
-13	331	1	-827
-17	761	-11	-977
-3	-341	-5	-847
-15	-323	17	-421
5	-148	-12	161
-15	-4922	-1	796
-12	-3876	-3	1117
-11	6703	-5	959
-1	-523	-1	383
-9	1759	-3	-315
4	343	6	-809
-5	747	-3	-979
-1	-329	9	-853
-11	-317	15	-442
5	-133	-19	155
5	-4853	1	807
1	-3824	10	1129
-16	6612	7	956
1	-518	4	381
7	1729	15	-313
-7	355	15	-797
-4	751	-7	-975
-7	-329	-3	-829
-4	-317	9	-425
-7	-157	-5	157
-17	-4897	3	781
-15	-3897	6	1100
-9	6686	-9	937
-9	-515	-17	390
1	1749	9	-335
-9	337	-1	-800
-11	751	-13	-971
-1	-320	-9	-837
-10	-322	3	-451
6	-137	-17	166
-3	-4929	-7	791
-9	-3921	-9	1127
6	6733	-1	953
1	-546	1	397
-13	1757	5	-329
-3	327	1	-819
2	741	-11	-987
3	-330	-1	-841
-9	-314	-1	-443
-1	-148	-1	167
-7	-4955	-7	796
7	-3905	9	1123
3	6759	5	957
-7	-525	7	391
-3	1759	3	-343
-3	353	3	-823
-11	759	-13	-983
-1	-320	1	-847
-12	-306	19	-441
-3	-159	-9	157
-3	-4969	-9	799
-7	-3933	5	1115
-1	6774	-9	960
-11	-525	-4	387
-11	1765	-11	-343
-9	348	-17	-827
-9	759	-7	-999
-8	-343	-1	-849
-6	-321	7	-449
-10	-165	-11	169
-9	-4978	-17	807
-9	-3961	-4	1127
-15	6805	0	967
-3	-531	-9	400
-13	1792	-1	-329
5	329	4	-832
-11	767	-17	-989
5	-338	16	-857
-13	-305	9	-451
6	-140	1	170
-7	-5039	3	801
-5	-4031	9	1131
16	6911	7	971
-9	-546	-3	391
4	1815	5	-345
1	335	10	-837
-12	782	-9	-991
-1	-343	-6	-867
-1	-319	16	-443
-3	-138	-1	167
-10	-5007	-3	821
-1	-3961	1	1137
-9	6829	-7	991
-14	-569	-1	397
-17	1795	-3	-345
-7	331	-9	-847
-11	767	-19	-997
-11	-341	4	-853
0	-304	7	-443
-3	-151	-12	171
1	-4995	-1	819
-1	-3959	-11	1137
5	6821	1	979
6	-528	-6	401
5	1781	7	-342
13	341	11	-831
-13	769	-9	-993
-1	-338	3	-865
-6	-299	11	-443
-3	-147	7	165
3	-4941	-1	817
8	-3929	9	1122
-13	6746	9	987
9	-521	1	390
-17	1765	15	-345
-3	336	1	-832
-13	763	-9	-993
-3	-331	5	-851
-15	-320	-3	-431
11	-145	-21	163
-11	-4897	-2	809
-13	-3937	-1	1115
-9	6677	11	957
-5	-528	-25	389
-18	1757	-3	-323
-13	329	-9	-833
-16	753	-9	-977
-3	-323	-17	-853
-15	-314	0	-431
-3	-113	-7	157
-19	-4894	-5	808
-5	-3873	-1	1109
-1	6685	1	951
3	-523	3	375
-3	1735	5	-329
10	364	-1	-827
-1	751	0	-965
-1	-315	-1	-843
-12	-314	11	-447
7	-151	-3	143
-8	-4939	3	795
-3	-3915	1	1099
-9	6700	3	948
6	-510	-13	381
-7	1749	-7	-323
1	349	-6	-811
-9	757	-3	-972
3	-335	-9	-855
-2	-329	7	-441
-5	-148	-13	149
-11	-4998	-9	797
-7	-4002	-17	1117
-3	6823	-16	965
-17	-513	-7	394
-11	1765	11	-327
1	347	-9	-818
-3	759	-13	-987
-1	-323	-7	-857
-17	-323	13	-455
-3	-150	-5	154
-5	-4949	-15	803
-5	-3985	17	1153
5	6763	1	983
1	-521	-1	405
0	1763	13	-347
5	346	-7	-819
-2	755	-7	-989
10	-331	23	-849
-11	-335	0	-445
7	-139	3	175
-11	-5043	3	796
3	-4031	5	1127
-11	6879	-1	967
1	-537	-1	393
-9	1771	9	-337
-7	337	5	-829
-13	761	-16	-993
-5	-333	-6	-863
-11	-323	9	-458
-7	-159	-17	167
3	-5051	-9	823
-3	-3995	7	1149
-5	6855	-11	981
-5	-515	-11	403
-7	1779	9	-355
-5	351	4	-851
2	767	-13	-1002
1	-339	12	-859
-9	-323	7	-449
-9	-153	-9	161
-1	-5053	5	811
1	-4043	18	1128
-11	6921	10	971
11	-515	-11	410
-5	1797	19	-349
-9	335	-1	-832
-11	763	-7	-1007
-3	-320	-9	-873
-2	-338	7	-453
4	-135	5	181
-3	-4979	-1	833
-1	-4027	1	1147
-5	6814	5	988
-5	-535	-12	411
-11	1767	1	-343
-11	348	5	-833
-19	762	-17	-1009
-5	-315	5	-859
-1	-324	-2	-447
-3	-153	1	165
-7	-5023	-5	808
-17	-4038	1	1115
-13	6885	-1	971
-5	-509	5	399
0	1791	7	-333
-3	343	4	-839
-7	764	-7	-1005
-7	-325	15	-874
-4	-313	15	-441
1	-150	-13	165
2	-5003	5	821
-7	-4030	7	1155
-5	6841	-5	975
4	-529	-7	395
-11	1769	10	-333
-3	349	9	-845
-14	767	-9	-999
-1	-327	-1	-871
-11	-307	3	-453
-10	-145	-13	157
7	-4942	9	819
4	-4004	11	1131
-7	6779	-3	969
1	-499	-12	394
-2	1763	9	-333
-1	349	-1	-841
-3	765	-11	-995
7	-317	7	-859
-9	-326	1	-453
8	-133	-9	174
-7	-5009	-1	809
-5	-4087	1	1125
0	6876	5	975
-11	-523	-9	397
0	1777	9	-327
3	346	-13	-841
-9	762	-5	-993
1	-318	4	-875
-3	-328	3	-445
1	-131	-12	155
-12	-5011	-7	825
-13	-4031	-1	1141
2	6853	1	987
1	-526	-13	403
-5	1777	9	-335
8	333	6	-857
-13	755	7	-995
1	-317	5	-861
-3	-319	3	-439
-1	-155	-12	164
-5	-4979	-5	809
-1	-4012	-1	1141
-1	6821	-3	979
4	-503	1	389
-11	1763	-5	-336
1	357	-6	-849
-5	765	-1	-988
1	-315	4	-869
-12	-329	15	-447
1	-132	-19	151
-5	-4990	11	813
-5	-4061	1	1129
-3	6853	13	991
-5	-479	-6	388
-4	1773	9	-335
-3	351	-5	-847
-9	767	-11	-991
3	-310	7	-867
0	-332	21	-445
-5	-119	3	165
1	-5053	-2	823
-11	-4145	7	1133
-3	6937	7	989
-1	-517	-7	399
-7	1793	19	-337
-5	356	16	-841
-10	763	-11	-999
10	-309	17	-875
-11	-337	11	-457
-9	-114	-13	163
-6	-5003	-7	819
9	-4041	1	1153
2	6871	1	989
-1	-507	3	395
1	1777	23	-343
-9	356	-3	-845
-5	752	-7	-1017
-1	-307	3	-863
-7	-337	7	-450
-1	-150	-15	162
2	-5085	-3	811
1	-4094	-3	1145
-13	6963	-5	981
-1	-498	9	387
-15	1779	8	-345
-11	355	4	-843
-3	767	-5	-1007
-1	-336	1	-873
-5	-325	1	-463
-7	-139	-17	165
-1	-5151	7	821
1	-4182	-3	1155
3	7041	-5	1001
-1	-497	-1	403
-13	1828	11	-353
-17	359	3	-855
-8	781	-11	-1025
-1	-311	7	-877
-5	-336	5	-461
-3	-129	-5	173
-7	-5071	-9	831
-9	-4159	9	1169
-12	6972	3	1006
-9	-525	-9	403
-5	1821	11	-361
-10	343	-1	-855
-9	772	-15	-1037
10	-325	15	-881
-15	-337	8	-443
5	-131	-15	171
1	-5075	-5	820
-3	-4097	-9	1149
-2	6945	-5	977
-7	-508	5	397
-3	1801	9	-343
4	353	13	-849
-5	775	-15	-1029
-3	-309	5	-873
-6	-319	11	-463
-5	-139	1	169
-5	-4995	-3	823
3	-4051	14	1161
3	6837	-5	995
4	-490	-5	407
-1	1777	-5	-353
-1	369	-1	-859
-1	769	-13	-1006
1	-329	3	-863
-5	-325	11	-455
1	-127	-1	171
-3	-4933	-3	813
-1	-4015	-7	1134
1	6749	-3	979
-1	-493	-7	385
-3	1753	15	-335
3	354	7	-831
-4	755	-3	-1011
5	-320	-1	-873
-7	-326	15	-443
6	-123	-21	167
1	-4719	-3	805
1	-3855	-1	1125
-9	6473	-5	965
-7	-505	-12	393
-6	1683	7	-329
-9	345	3	-811
-11	725	1	-975
8	-303	-1	-833
-11	-330	7	-411
-5	-111	-13	155
-3	-4779	-5	773
-1	-3875	1	1069
-8	6573	-1	921
-3	-495	-7	383
-1	1691	11	-313
10	351	-5	-789
-17	741	-7	-949
-3	-302	-7	-837
-15	-315	15	-442
7	-139	-9	156
-8	-4845	3	791
-1	-3950	3	1093
3	6671	5	936
6	-479	-5	383
1	1709	5	-321
-5	359	-7	-817
-10	749	-3	-964
-8	-299	7	-847
-10	-323	7	-441
-3	-99	-5	143
-13	-4646	5	787
-1	-3804	-1	1107
1	6389	11	967
7	-461	-9	387
-17	1669	9	-327
5	347	7	-805
-13	717	1	-951
5	-300	-3	-825
-9	-321	13	-419
4	-40	-17	155
-13	-3726	10	772
-5	-2976	-19	1059
-8	5075	7	915
-11	-439	-1	373
-11	1373	7	-289
-3	354	-9	-745
-10	589	-3	-853
1	-230	4	-688
-5	-314	5	-314
-5	81	-24	145
0	-1925	-3	600
-3	-1307	6	805
0	2499	-3	711
-7	-330	10	315
-10	763	5	-182
4	320	-3	-531
-7	379	-8	-600
-3	-127	6	-456
-8	-296	1	-157
-8	94	-12	119
-5	-505	11	309
1	-32	-3	359
2	456	-3	336
-3	-199	15	197
-7	234	-1	-15
3	258	-5	-189
-8	212	-1	-279
-5	-55	-1	-213
-11	-251	3	-91
-7	71	-7	39
-7	-56	-3	71
-5	237	11	55
-9	-87	-7	61
-11	-117	-9	87
3	71	-1	81
-7	185	5	15
-9	133	5	-73
5	-22	12	-115
-1	-189	3	-84
10	35	1	-25
1	6	-1	-7
-1	121	5	-1
2	-47	-1	17
1	-87	14	56
5	39	-1	93
3	145	5	75
-5	85	1	-7
4	-1	6	-87
-7	-175	-1	-87
-5	37	1	-79
-13	17	9	-27
-8	59	-3	15
-13	-31	-7	37
-13	-102	-9	55
-14	48	-3	67
-5	121	1	59
-9	57	-1	13
-9	-19	-11	-33
-9	-149	-9	-93
-18	31	-7	-80
-8	31	1	-51
1	27	-7	17
-5	-12	-9	53
-11	-109	-8	61
3	60	8	71
3	125	3	41
4	69	11	19
-7	-43	9	-23
-9	-109	3	-67
-1	12	14	-81
3	51	7	-59
11	21	6	9
13	14	21	51
3	-99	-1	89
-8	77	3	73
-1	113	11	31
10	69	-5	-7
5	-75	14	-31
-9	-115	11	-68
-1	12	3	-67
-3	47	10	-59
-19	21	1	-15
-24	19	-5	27
-13	-135	1	73
-5	63	-3	79
-13	123	-17	39
-21	69	-11	-15
-11	-89	-4	-53
-13	-111	-5	-59
-9	-4	-14	-55
-16	55	-1	-47
-8	24	-9	-19
-15	7	1	27
-10	-120	-1	75
3	58	3	83
4	138	-4	43
1	77	15	-1
1	-85	9	-30
7	-101	7	-55
8	-1	-1	-58
1	53	7	-33
12	17	-1	-11
-2	15	7	31
10	-114	11	63
1	64	1	81
5	113	-1	38
-3	61	-5	-9
3	-94	-9	-37
3	-103	9	-49
1	-9	-3	-57
-19	60	-15	-31
-3	24	-5	-5
-7	7	-13	33
-3	-132	-17	54
-17	57	1	69
-5	130	-15	53
-7	77	-1	1
-10	-78	-15	-35
-16	-105	1	-57
-3	-14	-13	-65
-3	56	7	-31
-1	31	-4	1
-9	3	1	39
-9	-119	1	60
1	49	3	71
5	122	18	37
5	71	7	-7
3	-79	21	-29
7	-111	5	-55
-3	-1	14	-81
2	43	9	-41
-1	27	-1	-11
2	-3	-3	39
-1	-127	-1	53
-16	51	-11	71
8	120	-6	33
-7	57	-11	-1
-9	-81	3	-34
-14	-95	5	-67
-1	17	1	-65
-2	41	-9	-43
1	37	-9	-11
-9	-10	-5	37
-5	-120	-13	71
-5	46	-7	79
-11	130	-14	31
-10	85	-7	9
-17	-89	1	-17
-3	-93	-7	-57
-5	17	-7	-55
-9	48	5	-37
-15	40	-5	-13
-1	-8	-11	41
-3	-117	-7	58
-8	57	-1	73
7	117	-9	33
-4	77	1	-11
-1	-99	10	-25
-7	-105	3	-68
-13	25	-11	-61
-1	41	3	-41
-3	22	-1	-17
-6	-7	-5	43
-13	-112	-1	66
-13	53	-7	69
-7	125	-5	29
-7	72	-3	-5
-3	-93	-1	-35
-1	-105	-2	-51
3	21	-4	-52
5	43	1	-41
-13	24	1	-9
3	-5	-5	29
3	-95	18	65
5	71	11	71
-1	119	-3	35
7	57	7	-1
-7	-84	-11	-27
-8	-118	7	-47
-1	35	-1	-64
-3	43	-1	-47
-3	17	-17	-15
-1	-4	-13	31
-9	-123	1	69
-7	71	-10	67
-11	122	-9	38
-11	43	3	1
-10	-101	-7	-41
-9	-117	-1	-51
-16	21	-9	-63
-2	32	-5	-45
1	43	-17	-3
-1	-2	9	45
-7	-114	11	56
-7	77	-11	89
1	130	-5	43
-4	61	7	-1
-1	-95	7	-35
-5	-127	1	-65
-1	40	11	-71
-1	55	2	-47
-1	29	-4	-10
-3	7	15	41
9	-109	1	63
8	77	1	77
-5	135	-5	23
-7	54	7	-7
-5	-86	-4	-49
-15	-111	2	-59
-5	33	-4	-71
-8	45	7	-45
-5	17	-3	-19
-13	11	-5	39
-9	-105	-9	77
-3	77	-7	79
-9	119	-6	41
-7	57	5	-7
-9	-93	6	-40
-14	-117	-5	-67
-1	40	-3	-70
-9	53	-3	-37
-7	17	-5	-23
9	16	1	35
13	-109	4	67
3	71	15	79
-5	140	5	40
-4	55	15	-11
-15	-99	12	-43
-1	-115	17	-57
1	41	5	-69
-2	40	9	-51
3	29	-8	-3
-3	6	0	41
-1	-99	-11	59
-3	63	9	85
-1	133	1	49
-10	47	-3	-7
-13	-89	3	-39
-1	-131	-7	-68
-1	57	-13	-63
-5	44	-8	-27
5	27	-6	-21
-12	5	-15	33
-7	-103	4	71
2	63	-7	85
3	131	-1	53
-7	50	-3	-7
8	-91	-7	-45
-9	-115	-5	-57
5	61	9	-69
7	33	11	-35
5	39	6	-11
1	1	5	37
12	-111	1	79
-2	64	-3	77
4	163	15	43
1	46	13	-7
1	-73	6	-58
4	-120	7	-67
3	43	9	-61
2	17	7	-49
1	35	3	-13
0	-1	3	29
1	-125	13	65
-1	56	2	75
-5	158	-7	53
-18	55	-1	-13
-5	-87	-17	-33
-11	-125	5	-57
-7	42	-7	-65
-9	22	-7	-43
-11	35	-13	-17
-11	3	8	37
-1	-107	-9	75
-1	67	-13	83
-10	150	9	41
1	49	3	3
-10	-85	12	-45
-14	-123	-7	-61
1	51	15	-67
-5	31	-3	-41
9	43	15	-7
2	-15	-1	41
13	-120	-6	78
4	67	-9	73
-12	156	7	43
3	52	5	-7
-1	-99	13	-41
1	-123	0	-67
-7	45	13	-75
-15	19	-1	-39
5	43	1	-15
-11	-9	7	33
7	-129	-5	67
-9	61	-5	79
-5	138	15	45
-9	52	8	1
-5	-85	-1	-42
-3	-118	3	-57
-9	55	7	-67
3	31	9	-43
-9	31	-9	-11
-7	8	3	39
6	-122	7	67
-9	85	11	77
-3	137	11	39
-9	41	7	3
3	-91	6	-43
-4	-127	1	-61
-3	57	10	-57
-7	22	3	-43
4	31	-6	-7
-1	-15	-2	43
-5	-139	9	80
0	79	9	73
5	132	9	49
-3	37	9	-13
-3	-99	1	-43
-1	-117	-9	-68
-3	45	9	-65
-9	25	8	-35
-3	35	6	-11
-5	-3	5	39
-10	-120	-19	67
-11	89	5	81
-7	138	-9	49
-17	38	-1	-7
-5	-89	3	-47
-9	-99	7	-63
5	58	17	-70
-7	25	3	-33
-5	45	11	-9
-5	3	5	39
5	-140	16	77
-5	92	1	83
6	140	-4	51
7	37	13	-9
-11	-96	5	-46
4	-113	19	-55
9	66	12	-65
0	3	9	-45
1	53	1	-7
7	18	3	43
-3	-147	-6	65
-11	73	0	81
1	153	-6	44
-3	35	11	-1
-3	-103	-12	-45
0	-109	-5	-65
-7	41	-9	-67
-3	14	-1	-41
-1	51	-11	-11
-19	22	0	49
1	-141	-5	73
-11	67	-3	69
9	148	7	43
-17	39	1	-7
1	-105	-9	-41
-2	-102	3	-51
3	40	-3	-63
-7	14	-1	-35
7	53	-1	-9
2	-1	13	43
-7	-153	-9	67
-10	77	5	79
-1	141	-1	29
-2	34	7	-7
-1	-101	-1	-51
-9	-103	7	-65
-9	37	-1	-72
-12	25	3	-37
-5	51	-14	-17
-3	15	-1	45
-7	-150	1	71
-11	83	-7	71
10	157	-13	43
-3	31	3	7
-1	-99	11	-49
-9	-93	-3	-67
-5	53	6	-71
6	9	5	-41
1	59	-9	-11
1	24	7	39
8	-141	-3	73
5	85	10	79
3	157	6	36
-6	37	7	-3
-7	-112	13	-41
-5	-113	-1	-63
-12	35	12	-65
-1	8	-7	-33
-3	37	18	-1
5	15	7	37
-5	-145	9	74
-11	69	-1	83
-9	163	-9	43
0	41	1	-15
-12	-107	-1	-47
-15	-115	-1	-76
1	61	9	-55
-9	2	-11	-37
-1	58	1	1
-3	15	-11	41
-15	-168	11	69
-13	69	-1	69
1	163	-1	55
-2	28	1	-3
1	-104	9	-37
1	-117	2	-63
-1	63	3	-54
5	11	1	-55
-13	49	9	-3
-8	11	-5	45
-12	-150	7	77
-7	77	7	73
-3	166	6	45
-3	31	-7	-3
1	-113	6	-42
-5	-95	-3	-71
-8	57	11	-63
-1	19	-1	-51
3	50	5	1
-11	15	-5	41
1	-166	-3	77
-7	85	7	75
-3	171	1	38
-5	9	-3	-13
-8	-102	1	-55
-11	-101	-5	-67
-3	45	-7	-69
-9	-4	-3	-47
-7	45	-6	-7
1	30	-7	39
-1	-167	-9	80
1	79	5	81
-13	173	-1	39
-9	31	7	-13
-3	-102	10	-37
2	-107	7	-63
13	57	1	-67
-5	7	17	-47
-3	43	11	-13
-1	21	3	53
1	-169	9	77
-10	71	1	71
-7	179	7	47
2	29	-5	-7
-3	-109	-1	-43
-7	-115	0	-61
-1	45	-7	-62
-15	11	-1	-35
-11	49	-6	-11
-2	23	-5	41
-1	-165	-1	83
-9	87	-13	67
-9	163	7	33
-19	19	8	11
-13	-104	-17	-40
-3	-103	-9	-77
-13	57	-4	-75
-13	-1	-1	-33
-7	59	7	-7
-5	18	1	45
-3	-161	-5	65
-5	91	13	77
-3	163	6	49
-10	23	7	1
3	-97	-1	-45
-2	-125	-11	-69
-3	59	-5	-67
3	7	5	-43
4	33	-13	-11
-11	17	-8	47
-7	-167	-12	69
-16	101	-1	75
-1	177	-11	33
-18	27	5	-1
1	-93	-9	-47
-2	-117	-1	-61
4	55	-1	-77
-7	1	7	-35
-15	45	-15	-21
-11	37	3	55
17	-165	1	53
-12	87	-1	83
-7	189	-1	39
-25	23	9	-11
-11	-91	-13	-55
-1	-95	3	-61
-9	43	-4	-77
6	-9	7	-45
-1	43	-6	-7
-1	5	3	33
-1	-159	-1	71
-10	85	-5	79
-3	153	-13	37
-11	28	1	-11
-5	-95	-15	-55
-7	-97	5	-63
1	53	-6	-73
-2	5	3	-33
5	42	-11	-15
-10	8	1	35
-7	-163	4	71
-7	91	9	81
-13	167	-12	39
-1	13	7	-1
3	-96	-6	-47
-2	-105	1	-69
-7	47	1	-63
-5	-1	11	-47
10	33	-7	-15
1	17	-1	47
-3	-161	-6	63
-2	97	-1	79
-7	161	6	41
-2	17	-7	-9
-3	-78	-3	-37
-7	-91	1	-74
-7	45	9	-63
-9	-1	-11	-39
-13	45	-12	-18
-14	29	-1	31
-10	-165	-7	61
-4	101	-9	69
-5	177	10	45
-3	22	-1	-7
4	-109	3	-41
-13	-97	-2	-63
-9	42	-7	-74
-3	1	-5	-39
-15	47	-6	-9
-3	5	1	49
-5	-176	3	83
-10	93	3	69
4	167	-4	47
7	17	1	-15
-21	-99	5	-44
-5	-99	-13	-63
-3	47	9	-51
2	3	5	-55
-5	65	10	-11
-9	16	1	31
-1	-187	15	69
-13	105	3	65
-5	181	1	50
2	13	-3	-9
-8	-91	7	-41
-10	-113	3	-69
-11	32	5	-57
-1	-2	1	-55
-11	63	-4	-9
-9	15	-11	27
-5	-186	7	78
-14	87	3	75
-7	171	-1	43
-11	19	1	-7
-7	-102	-7	-39
-11	-103	-3	-72
-1	39	-5	-69
-5	7	-5	-41
1	53	1	-8
-4	13	1	47
-1	-179	6	67
-11	93	3	69
-1	168	10	37
-16	5	-5	-11
-5	-104	11	-41
-9	-99	1	-57
1	35	7	-71
-3	-61	7	-53
3	-17	5	-17
2	143	3	29
-7	-168	12	73
-3	121	5	75
-1	179	7	35
-5	32	-5	-1
-11	-105	1	-64
3	-91	-1	-75
1	-112	-1	-68
1	-1847	3	-39
-19	-1821	7	-3
-9	2749	-3	51
-15	-223	-8	77
-13	681	-7	49
1	191	3	-37
2	244	-5	-153
-1	-195	-6	-298
-3	-117	9	-291
-3	131	-11	-87
-3	8	-5	267
6	131	-3	499
-7	5	1	479
-9	-259	-3	201
-9	170	7	-119
-7	219	1	-292
-4	-11	3	-219
-5	-77	-5	-67
-10	-91	-3	63
3	21	4	35
5	-18	1	-61
-3	145	-1	-129
2	-17	7	-41
-5	-210	-9	61
-10	83	5	163
3	201	-7	115
-3	59	3	9
-7	-117	8	-97
-9	-153	-9	-109
-3	43	1	-80
-17	-17	-1	-11
-11	123	-9	9
4	-7	1	55
5	-179	-3	57
-9	105	5	49
6	189	11	13
-3	31	-1	-1
-3	-102	-1	-20
5	-95	7	-27
-5	6	-4	-55
-4	33	17	-55
-7	39	1	-41
1	30	1	39
-3	-171	-1	85
-13	85	5	99
-3	153	3	58
4	7	3	-21
-8	-49	-1	-71
5	-123	-1	-75
7	33	12	-59
5	-1	3	-23
-3	69	-7	-17
3	3	8	27
-7	-161	1	43
-3	89	-1	87
1	186	1	62
-11	3	3	29
-13	-27	1	-41
-7	-98	-1	-86
4	27	1	-95
-9	14	-1	-41
1	53	1	15
6	9	-1	49
5	-168	1	75
4	111	3	65
3	166	3	37
-12	13	-3	1
4	-67	11	-23
-13	-115	11	-51
3	25	-1	-78
-10	13	-1	-63
-5	61	3	-15
6	11	3	21
-5	-167	1	73
-5	92	-9	71
6	155	-1	49
7	5	7	11
-3	-71	7	-28
-6	-119	9	-65
-3	12	6	-56
-2	7	3	-47
-5	60	12	-7
11	22	5	41
3	-183	-4	85
-1	81	5	73
3	173	14	44
-7	5	5	3
11	-69	-13	-39
-6	-97	5	-59
-7	31	24	-57
-9	2	-5	-66
-3	71	-1	-27
-9	9	-2	25
-11	-161	-1	76
4	101	-7	69
-15	171	7	45
-2	-1	-3	-11
-24	-63	-1	-45
-13	-97	-5	-72
-3	22	6	-61
-5	6	5	-39
-1	65	-1	-5
-3	27	3	29
-10	-168	3	71
4	107	-9	81
3	181	18	43
2	4	-11	-3
-3	-84	3	-37
-15	-89	0	-63
11	19	-1	-64
2	9	-1	-53
1	58	5	-9
4	13	-1	33
-3	-176	-3	69
-3	105	-3	69
-5	158	-6	61
1	-6	-10	-1
-3	-63	-9	-46
-12	-99	-1	-51
-5	5	9	-69
1	15	-7	-49
1	51	-7	-13
5	13	-3	37
1	-171	7	65
-17	107	-7	75
-5	174	1	48
-14	1	-15	-7
-1	-71	4	-35
-2	-99	3	-69
1	15	10	-65
3	36	5	-41
-3	73	8	-23
-13	19	2	43
3	-179	-4	68
-4	113	3	87
-13	169	4	47
-1	-1	-1	-5
1	-76	20	-45
-14	-89	3	-72
6	21	8	-59
-7	22	-1	-47
-13	69	-4	-23
-12	9	7	27
-9	-187	4	65
-7	109	-7	81
-7	171	3	41
-3	-6	-5	-5
-5	-58	-6	-41
-3	-85	11	-57
-5	13	-4	-76
-6	15	11	-37
5	65	6	-19
3	27	5	37
1	-159	-1	73
7	95	-5	77
3	179	15	33
-1	-5	7	-3
-9	-61	1	-36
-5	-99	9	-57
-5	9	5	-71
-5	21	5	-47
10	57	5	-23
-3	7	9	53
1	-197	3	75
-7	109	-3	91
-11	158	14	47
3	-13	7	9
-3	-66	-19	-49
4	-99	-1	-63
7	1	-1	-61
-12	23	-5	-39
-3	66	-3	-21
-13	7	3	37
1	-176	-4	68
7	102	-1	75
-1	163	-6	43
3	-1	11	9
-3	-57	16	-31
-11	-97	5	-63
3	19	-11	-69
1	28	15	-37
-1	63	1	-12
6	13	5	33
-5	-193	-4	65
-8	109	-3	77
5	185	-3	47
-5	-12	7	1
-5	-71	15	-33
3	-105	7	-63
-1	14	-5	-55
-4	29	13	-39
1	51	-7	-19
-1	-5	5	41
-5	-161	7	67
-9	105	5	73
13	177	4	43
-13	-11	15	-3
1	-53	-5	-36
-2	-93	-1	-65
-12	-5	5	-78
0	25	11	-41
-7	55	1	-9
7	8	17	37
4	-161	5	65
-5	111	0	89
-7	173	-12	41
-1	1	-5	5
-9	-57	-9	-39
3	-105	3	-53
5	3	1	-67
-5	26	7	-43
-11	63	-5	-11
-1	-3	-2	41
-9	-161	1	74
-1	101	17	87
-5	166	3	41
-5	-9	3	-9
-3	-37	14	-41
-9	-113	9	-68
6	-1	-3	-51
-1	34	3	-43
1	57	5	-18
-3	1	3	35
-3	-156	5	69
-8	111	-1	79
-3	171	7	51
-2	-9	-1	-9
10	-59	17	-33
5	-105	3	-69
-9	-13	-3	-57
13	29	3	-51
1	39	1	-17
-7	7	-5	23
-3	-157	7	81
-13	102	3	67
3	153	1	47
-7	-6	2	-11
3	-49	9	-32
-3	-99	9	-73
-5	-3	1	-63
6	29	-5	-51
5	42	-1	-9
-5	-3	-11	33
-5	-189	-1	61
-7	109	0	69
-7	161	-9	47
-3	-11	-5	-13
-15	-57	-5	-41
2	-99	-3	-69
-3	-7	12	-55
-5	39	-9	-57
3	43	-15	-11
1	-13	7	27
-1	-173	4	80
2	111	5	75
-1	166	11	49
9	-13	-5	-9
12	-35	3	-45
-3	-107	7	-61
8	-5	-5	-57
9	22	9	-39
-5	50	9	-1
-5	-3	5	45
-7	-165	-1	71
-6	121	-11	73
-1	163	-5	49
-13	-9	-9	-1
6	-53	3	-39
-11	-89	-5	-57
-13	-17	1	-70
-13	37	-1	-51
-17	41	-4	-7
-21	-5	-13	31
-3	-181	-3	61
-16	117	-23	75
-7	155	-21	43
-1	-15	-5	-1
-1	-50	-14	-39
-3	-95	-1	-57
-1	-19	5	-66
-11	31	-1	-39
-1	53	3	-9
-3	14	11	39
1	-179	17	77
11	139	13	83
1	156	13	34
2	-7	3	3
3	-49	-7	-47
3	-95	9	-51
3	-9	18	-67
-9	43	15	-37
6	40	8	-9
9	-8	7	37
-7	-167	-1	65
-11	121	11	77
-1	163	-3	37
-4	-9	7	-1
-7	-40	-13	-47
-13	-92	1	-59
-13	-11	-1	-65
-11	31	-13	-37
-17	48	-7	-11
-11	-7	1	47
-7	-181	-12	64
-13	119	-1	81
1	145	-17	39
-9	-17	-3	3
-1	-50	-8	-37
-5	-103	-5	-47
-13	-12	-22	-73
-3	27	7	-51
9	66	-1	-17
12	1	9	39
12	-166	-5	77
0	113	1	77
11	174	3	41
-7	-3	23	1
3	-27	-3	-53
6	-91	15	-55
-7	-6	3	-66
1	45	15	-31
10	55	-1	-15
0	-10	11	47
6	-161	-1	67
-7	115	-5	77
-7	140	3	33
-12	-19	-9	-1
-7	-43	3	-43
-10	-105	-19	-63
-7	-23	5	-67
-17	35	-7	-51
-15	27	-18	-21
-7	-1	-15	37
-3	-167	-5	69
-7	122	-1	81
-1	148	-5	41
-4	-3	1	-17
-5	-24	-5	-31
-15	-85	3	-59
-1	-7	1	-63
9	46	7	-45
-3	53	7	-20
-3	1	7	43
-1	-175	14	74
5	113	13	73
-1	175	12	37
-2	-6	5	3
1	-50	9	-41
-7	-97	-2	-63
-5	-12	17	-69
-1	31	-1	-43
3	40	5	-17
-9	-9	1	33
-3	-166	12	73
-5	115	3	69
-13	171	5	39
-13	-6	0	-7
-11	-53	-5	-39
-19	-108	3	-71
-5	-1	-5	-60
2	27	-21	-45
-7	59	-11	-7
-3	-17	-11	43
-1	-161	-1	69
-7	115	-9	81
-7	161	7	49
-11	1	3	-5
-7	-35	1	-35
-3	-87	-7	-69
3	1	5	-61
-3	46	-1	-51
1	55	-15	-7
5	-15	3	37
-5	-161	19	72
-2	127	7	71
-1	168	12	47
0	-9	5	-9
3	-33	-5	-27
9	-109	7	-70
-3	-6	3	-59
-11	41	17	-45
-5	43	13	-17
-13	-25	-9	33
-9	-168	-1	69
-10	107	1	75
-1	157	-9	49
-16	-8	-5	-15
-13	-47	-3	-39
-15	-121	-13	-69
-13	-22	-9	-69
-10	47	-9	-59
-3	49	3	-13
-6	-17	-5	41
-7	-161	7	69
-9	117	-7	75
-5	169	-11	45
-7	-5	-1	-13
-1	-40	-5	-46
-7	-117	15	-67
1	-19	17	-57
10	39	7	-49
-1	42	12	-11
2	-15	7	35
1	-171	9	69
5	113	-9	71
-9	168	6	41
-11	-11	11	1
3	-37	-11	-43
3	-107	-3	-61
-5	-22	-7	-63
5	43	3	-51
4	35	-13	-27
-11	-17	-5	31
3	-163	1	60
-17	130	-1	73
-5	165	9	45
6	3	5	1
-5	-51	-9	-45
-7	-107	7	-57
-11	-12	4	-75
3	53	1	-31
-9	53	6	-13
2	-17	7	37
-7	-159	5	64
-4	127	5	81
5	177	16	33
-10	-3	-5	-9
1	-37	-6	-39
-11	-111	1	-75
-5	-13	-1	-76
6	45	-7	-53
-1	45	-13	-17
3	-21	7	39
-7	-158	-5	67
0	113	-3	85
4	163	-13	45
-3	-11	0	-3
-1	-25	6	-44
-8	-111	3	-69
1	-17	-5	-70
-7	45	1	-49
-7	45	-1	-17
-3	-18	11	39
1	-151	-6	65
-7	123	13	87
-11	171	3	49
-3	-7	1	7
-9	-24	-5	-37
-11	-109	-9	-59
-7	-27	-3	-59
-10	44	-5	-39
-3	45	5	-27
-7	-23	8	41
-7	-151	-11	75
-1	111	3	73
3	171	-4	51
-7	-1	7	-1
-7	-37	-9	-55
-16	-119	3	-59
11	-25	-5	-65
-7	43	10	-39
-11	43	-1	-19
-12	-29	-7	33
-3	-157	-6	69
-11	101	3	69
-7	167	12	51
-2	-20	7	-5
-1	-19	-5	-49
-5	-113	11	-59
-3	-22	5	-76
-11	43	7	-45
-3	49	-5	-11
6	-27	7	31
-11	-141	7	73
-7	103	7	87
3	153	-4	43
-5	-12	1	1
-3	-27	6	-36
-10	-106	-5	-71
-11	-22	-1	-67
4	39	9	-49
1	45	-3	-17
-9	-18	-5	39
-1	-140	-7	69
-7	113	-7	83
-9	167	1	43
-6	-11	3	-11
1	-15	-11	-41
-8	-97	-3	-59
-1	-13	3	-63
-3	54	3	-43
-9	27	1	-5
-3	-20	11	41
-13	-141	3	63
-8	102	3	67
-10	159	9	43
-10	-9	-5	-1
1	-49	12	-33
-7	-113	-9	-68
6	-9	8	-59
1	52	0	-31
-1	39	11	-18
2	-35	7	21
-5	-153	5	76
-5	95	-5	73
-17	161	12	51
-15	-14	-5	3
-1	-30	13	-37
-7	-117	1	-61
-9	-13	9	-65
-7	51	1	-47
1	51	-7	-9
-5	-15	3	31
-3	-135	-9	81
-2	103	1	65
3	163	-1	47
-5	-13	-3	-11
-11	-19	1	-31
-14	-97	-5	-65
-5	-22	-3	-67
-12	43	9	-41
-5	42	-5	-9
-10	-20	7	37
1	-163	17	71
-7	95	3	71
3	158	19	41
-12	3	15	-5
-9	-19	17	-37
-16	-101	5	-57
-1	-30	3	-61
5	50	3	-49
-1	35	18	-11
3	-18	-9	29
-13	-145	5	57
0	103	-9	75
-7	168	3	45
-6	-5	-3	-7
-7	-17	5	-39
-17	-98	-1	-59
-1	-25	-3	-49
-3	55	1	-39
-7	33	-12	-9
-11	-19	-3	33
-12	-141	-11	59
-11	101	-1	65
-1	159	-7	41
-7	3	1	1
1	-27	3	-43
-5	-97	-7	-59
-1	-19	-1	-66
-10	53	5	-39
-1	21	-13	-17
-15	-27	-5	39
-5	-131	5	77
2	103	-9	79
-1	163	15	39
-5	3	9	-5
-1	-22	-7	-37
-7	-115	21	-55
-7	-22	-3	-62
-4	55	15	-45
-9	9	-1	-13
0	-16	3	43
-11	-141	6	71
-13	97	7	77
1	161	-9	45
-14	-1	5	-5
-8	-32	17	-37
-7	-117	1	-63
-1	-12	-17	-67
-15	57	-3	-39
3	27	-6	-31
-3	-14	1	41
-11	-139	-15	55
0	101	-9	83
-9	149	-5	41
-13	1	-3	9
-3	-37	7	-35
-11	-102	-3	-55
-7	-19	3	-73
-5	53	5	-39
-1	7	-6	-17
-11	-1	1	35
-9	-135	6	62
-13	95	11	73
-5	149	7	41
-12	-1	21	3
4	-43	3	-41
-11	-111	11	-51
-19	-45	-9	-66
-6	-147	15	-39
-13	-177	-4	-9
-9	259	-3	39
-10	-143	-11	67
-12	153	5	63
-3	153	-1	27
-15	17	9	-23
1	-27	7	-68
-5	-123	3	-83
-14	-49	-14	-68
-6	-561	3	-3
-7	-605	5	47
-10	877	5	79
-3	-153	6	77
-9	287	-3	43
-1	173	-5	-9
-5	75	-1	-69
-3	-58	-5	-122
-7	-123	1	-115
-1	-51	-1	-59
0	-889	3	59
4	-940	4	145
1	1369	10	174
3	-165	6	109
-10	421	-1	1
-7	191	-5	-84
12	95	7	-147
-5	-60	14	-179
-10	-145	-3	-136
10	-42	1	-35
-11	-1057	-3	115
-9	-1071	-3	223
-10	1595	3	237
-8	-199	4	141
-10	471	-5	-19
-9	213	-3	-137
0	149	-9	-207
-3	-77	3	-209
-1	-145	-9	-140
-3	-35	-4	-5
-2	-1105	-1	155
-10	-1071	-11	273
2	1645	-3	261
-7	-225	-9	155
-10	501	-3	-31
3	222	5	-162
-5	161	-2	-227
-9	-81	4	-217
-5	-170	-1	-141
-15	-53	1	1
-5	-1213	-7	147
-5	-1163	-9	261
-11	1769	-3	259
-5	-202	1	158
-17	526	2	-27
-11	240	14	-175
-9	169	-1	-243
-11	-91	-4	-247
-4	-167	9	-161
-5	-49	-15	5
-9	-1345	-13	169
-1	-1282	6	285
-9	1969	-11	297
5	-207	-4	167
-3	570	7	-41
-5	235	3	-193
-5	193	-9	-279
-5	-96	7	-275
3	-171	5	-176
6	-51	19	7
-1	-1556	-5	203
-9	-1469	-1	321
-14	2256	-1	311
-10	-213	9	162
-8	647	3	-51
-9	231	1	-221
3	227	-19	-321
-3	-91	9	-306
-7	-181	-3	-195
-7	-55	-9	-4
0	-1685	3	245
-11	-1573	-1	377
-17	2427	-9	353
-16	-238	-7	173
-16	685	-3	-74
3	247	-1	-254
-1	245	-5	-348
-5	-102	-7	-315
-7	-188	9	-201
-15	-63	4	1
-15	-1865	-5	265
-3	-1755	3	405
-7	2689	5	388
-5	-230	8	196
-7	751	-3	-79
3	261	-3	-283
-7	267	-9	-363
-5	-117	6	-353
-4	-197	9	-217
7	-57	-7	13
7	-2017	11	289
8	-1887	11	455
-3	2914	-7	425
-7	-246	-6	197
-9	787	1	-95
3	274	-1	-321
1	291	-3	-407
-1	-135	7	-383
0	-211	5	-217
3	-69	-4	27
-3	-2156	2	309
5	-2015	6	488
1	3079	-5	458
-7	-249	-9	221
-4	835	5	-101
-14	282	10	-347
-3	303	-7	-429
11	-127	-3	-411
-11	-222	3	-231
-11	-61	-3	26
-7	-2331	-5	341
3	-2147	3	514
-10	3331	-3	473
-11	-243	-13	223
-10	884	-3	-110
11	292	-4	-371
5	319	3	-463
-7	-123	-3	-430
0	-235	11	-239
-3	-41	-6	31
1	-2419	1	379
14	-2239	3	563
-9	3461	7	505
4	-239	-1	241
1	921	13	-124
-3	321	1	-393
9	345	9	-492
17	-123	9	-453
4	-237	15	-249
3	-49	12	47
-3	-2487	9	382
-1	-2275	9	577
5	3534	0	527
-5	-265	-6	227
-15	940	7	-137
-21	319	1	-409
-20	337	-23	-503
-5	-138	-9	-465
-23	-251	5	-263
-15	-37	-25	41
-23	-2416	2	393
-11	-2225	-15	582
-11	3428	-11	536
-15	-277	-17	251
-11	931	-7	-133
-3	333	-9	-409
-1	337	-7	-515
3	-121	5	-451
5	-250	8	-255
-3	-37	7	55
20	-2385	3	389
11	-2153	19	561
4	3385	7	505
10	-267	12	247
1	903	17	-136
8	317	13	-405
7	347	8	-497
11	-119	11	-470
-3	-263	9	-245
-1	-50	-1	47
-8	-2339	-5	375
3	-2087	-5	559
-14	3272	7	509
-15	-251	-11	235
-7	867	11	-124
-21	329	-5	-400
-17	321	-15	-500
-10	-101	-9	-451
-22	-257	-7	-247
-3	-27	-13	59
-7	-2251	-9	360
-5	-2039	13	535
-5	3175	-5	491
-11	-249	-9	233
-10	841	5	-117
1	327	-1	-372
2	321	-9	-481
5	-102	10	-431
5	-245	7	-243
10	-31	13	47
5	-2211	-3	359
-1	-2001	9	545
-3	3125	7	475
-3	-251	15	231
-4	849	1	-123
3	315	16	-359
-9	303	-9	-471
-3	-104	6	-435
-7	-260	0	-245
-13	-35	7	38
-19	-2245	-5	355
-21	-2029	-1	517
-12	3175	-3	471
-14	-251	-17	237
-17	842	5	-124
-11	299	-5	-361
-9	318	-8	-471
-9	-107	-5	-435
-10	-240	9	-251
-13	-57	-1	35
1	-2393	7	343
-1	-2193	-5	517
-1	3409	-5	477
6	-246	5	227
7	893	13	-126
5	343	11	-380
-8	353	15	-492
1	-122	14	-457
1	-249	9	-267
1	-66	-11	39
7	-2557	5	366
-5	-2373	8	577
-11	3665	0	519
-9	-265	-3	233
-8	955	11	-137
-3	351	6	-409
-6	363	1	-517
-7	-132	14	-485
-16	-259	5	-289
-5	-86	5	29
-11	-2863	-9	405
-13	-2675	-1	614
-10	4085	-9	552
-17	-301	-13	255
0	1055	-5	-155
-1	357	-5	-439
3	394	-5	-565
-1	-140	-6	-525
-13	-261	13	-296
-9	-85	-9	38
2	-3113	-1	460
-9	-2873	11	685
-3	4455	9	611
5	-301	-1	273
2	1145	3	-172
10	363	-4	-493
-5	437	-3	-606
3	-153	9	-573
-11	-270	7	-319
13	-109	-3	51
-13	-3363	1	497
-7	-3117	3	725
-17	4801	7	673
-9	-338	-13	292
-13	1223	2	-198
-11	383	-17	-547
-14	473	-7	-671
-12	-185	-5	-621
-10	-279	13	-341
-7	-96	-13	69
-7	-3503	-7	545
6	-3203	-4	789
-9	4985	7	716
-5	-325	1	311
-5	1281	7	-227
-1	397	-9	-593
-4	511	5	-703
7	-199	-9	-637
5	-291	15	-353
-11	-86	9	87
-9	-3589	9	563
-9	-3301	6	811
-2	5105	9	736
3	-346	9	318
-8	1309	5	-229
-11	402	16	-605
-5	499	-11	-729
4	-181	-11	-657
-9	-299	10	-357
5	-71	-17	93
5	-3640	5	565
-9	-3295	-1	833
-10	5153	-7	751
-5	-330	10	325
1	1305	9	-233
-5	425	-5	-623
-9	511	-3	-743
-3	-187	9	-669
10	-312	7	-347
-1	-66	-7	103
-10	-3609	9	585
-10	-3265	12	849
-2	5097	11	751
10	-336	1	335
-11	1299	10	-226
5	421	11	-607
-5	523	1	-748
5	-181	-1	-665
-10	-315	9	-355
-3	-81	-9	103
-7	-3654	-5	577
4	-3335	1	843
-15	5157	8	736
-15	-323	-9	327
-12	1311	13	-231
-5	413	7	-613
-11	531	1	-747
-12	-184	-9	-679
-17	-313	9	-369
-3	-71	4	97
-9	-3637	-5	602
-1	-3329	-1	865
-8	5149	-9	764
-7	-331	-9	331
-2	1305	9	-235
3	428	3	-623
-16	517	-9	-763
3	-169	8	-676
-9	-307	24	-363
5	-57	-4	100
-2	-3671	-7	575
-5	-3327	17	849
3	5195	9	757
1	-336	-1	333
3	1317	5	-231
-1	426	-1	-619
-9	518	-5	-754
-11	-168	-7	-675
-12	-315	-3	-369
-5	-68	-12	95
-7	-3651	-13	591
-17	-3307	-1	869
-5	5167	-5	757
-1	-329	1	344
7	1320	2	-243
-5	435	1	-627
0	511	-1	-764
-5	-177	11	-669
8	-321	7	-369
9	-78	16	91
-1	-3730	-3	585
1	-3413	5	859
-1	5307	15	750
13	-317	1	345
-1	1355	7	-233
-1	426	9	-619
-5	541	-7	-767
-7	-181	10	-689
2	-321	13	-385
17	-79	3	97
3	-3757	-5	612
-11	-3457	-6	878
-3	5338	7	783
-3	-337	-1	345
-2	1355	7	-233
1	425	-3	-635
-16	539	-11	-779
-7	-194	-3	-691
-15	-324	17	-387
-19	-77	-7	95
-11	-3805	-17	604
-13	-3485	-1	879
-4	5383	-9	781
-3	-341	5	343
-9	1369	13	-243
8	436	4	-637
-11	550	-11	-791
-3	-174	6	-701
-6	-317	19	-369
11	-79	1	87
-4	-3917	1	617
-1	-3599	12	895
-1	5575	5	793
10	-320	13	342
-11	1397	21	-238
5	441	-3	-647
-1	559	1	-805
-5	-201	7	-731
0	-331	17	-387
-3	-83	-1	97
-21	-3981	5	635
-9	-3689	-11	923
-5	5649	-5	837
-13	-323	-17	361
-21	1427	5	-247
-15	449	1	-665
-10	553	-7	-813
-9	-189	-13	-741
-9	-320	5	-393
-5	-87	-13	107
-7	-4037	-11	645
-5	-3761	-6	935
-15	5742	5	841
3	-330	-5	363
6	1429	5	-253
3	459	-3	-677
-3	575	3	-837
-1	-194	-15	-752
-13	-326	13	-401
-3	-79	-11	109
-8	-4131	7	664
3	-3791	-9	956
-9	5851	1	845
-3	-343	-17	365
-5	1451	11	-251
8	469	11	-701
-13	575	-11	-841
-5	-191	-17	-755
-12	-317	15	-405
-1	-107	-1	108
1	-4203	-1	667
-3	-3913	-9	961
-16	5957	5	860
-9	-331	1	379
-1	1477	2	-259
-9	459	-5	-709
-14	594	-9	-854
-11	-211	-9	-777
-9	-337	9	-417
3	-89	-7	111
-7	-4199	-3	687
6	-3873	5	997
-1	5931	1	881
1	-323	-15	379
6	1491	15	-275
3	451	4	-726
-13	607	-3	-863
5	-193	7	-769
-2	-347	15	-405
1	-73	-1	117
-1	-4230	3	677
-17	-3925	-1	981
-16	5984	5	872
-13	-339	6	372
-3	1495	15	-283
3	483	7	-721
-7	593	-13	-869
6	-189	4	-779
-15	-359	13	-413
-5	-77	-7	108
-5	-4243	-7	689
-3	-3899	-1	1003
-3	5989	-7	881
3	-333	-7	387
-3	1485	-3	-275
6	487	-1	-721
1	598	-13	-875
-5	-185	-15	-779
-12	-345	19	-428
-5	-66	4	119
0	-4161	5	685
10	-3819	1	991
-9	5877	3	874
11	-333	-5	379
-11	1455	1	-275
3	477	1	-723
-14	596	-1	-868
-3	-189	14	-771
4	-351	3	-421
1	-73	7	121
-3	-4124	-13	675
8	-3797	11	973
-9	5839	-8	859
-11	-315	-5	379
-14	1445	1	-263
1	472	-6	-693
-14	595	-9	-861
3	-207	-3	-771
-5	-346	-3	-407
-9	-63	-3	126
-7	-4101	-11	674
1	-3829	-3	962
6	5815	-1	851
-17	-341	9	372
-2	1441	3	-263
-3	474	14	-697
-3	589	-13	-871
-3	-186	15	-768
-9	-361	13	-407
-3	-76	9	124
10	-4165	1	666
-5	-3822	17	971
10	5879	1	849
-7	-339	3	377
5	1463	7	-261
-9	457	8	-702
-9	597	5	-861
3	-189	9	-767
3	-345	7	-423
-7	-65	-6	103
-10	-4089	1	669
-5	-3783	16	983
-15	5803	7	860
3	-320	1	377
-1	1425	0	-269
-11	469	-1	-699
6	605	-11	-852
-7	-197	-13	-760
-5	-335	19	-403
-7	-63	-3	101
-14	-4119	-3	663
-1	-3853	-4	971
-7	5862	9	855
-5	-307	1	383
0	1457	9	-261
-1	449	9	-677
-8	605	-3	-853
-1	-192	7	-765
-12	-347	13	-415
-1	-66	-4	99
-3	-4191	13	680
-3	-3925	-3	972
0	5939	5	860
-1	-331	5	378
-6	1465	5	-271
-10	451	20	-707
-10	605	-5	-859
-1	-197	5	-766
1	-343	9	-417
-3	-73	1	113
-12	-4141	-1	678
-5	-3855	4	982
-11	5889	5	873
-13	-330	-7	383
-13	1441	13	-273
-9	462	-9	-719
-17	593	-5	-859
-3	-185	-17	-775
-4	-351	15	-416
-9	-71	-4	107
-5	-4209	5	673
-14	-3938	12	971
-10	5997	-1	862
4	-302	-11	391
-3	1459	13	-264
-1	487	17	-715
-3	611	-13	-866
-3	-211	-9	-782
-10	-349	5	-427
-1	-59	3	109
-16	-4222	1	693
3	-3925	6	997
-9	5977	3	891
-3	-301	-12	379
5	1475	15	-277
-5	475	-9	-723
-15	609	-9	-873
-3	-202	-1	-789
-3	-345	17	-421
-1	-73	-1	117
-7	-4274	13	693
-9	-4011	1	1001
-8	6084	-5	878
-15	-336	-6	382
-5	1483	15	-281
-5	479	5	-739
-11	627	-17	-885
4	-197	5	-792
1	-339	16	-437
1	-55	5	106
-11	-4215	7	709
3	-3891	1	1006
-5	5979	1	897
-5	-325	-3	373
-12	1465	7	-277
6	474	3	-737
-3	598	-13	-885
-5	-181	-1	-783
-8	-333	7	-407
-13	-76	-1	113
-1	-4243	-1	679
-9	-3927	-3	991
-1	6003	3	868
4	-301	-1	393
-5	1463	10	-270
-1	485	6	-719
-11	617	-5	-877
-8	-220	12	-786
-11	-357	7	-425
3	-57	-15	119
-7	-4172	-11	693
-9	-3876	-1	1005
-7	5912	-5	879
-1	-297	-13	380
-3	1453	5	-263
-7	481	3	-725
3	597	-7	-891
3	-201	5	-775
2	-347	-1	-415
-9	-77	3	119
-9	-4230	-13	669
1	-3961	-4	984
-6	6004	-1	865
3	-347	3	377
-2	1469	1	-265
-3	474	5	-705
-12	615	-9	-881
1	-191	15	-781
-5	-351	3	-435
5	-53	-7	118
-8	-4305	-11	691
-9	-3971	-1	1008
-4	6085	-3	875
-7	-325	3	393
1	1485	11	-277
-5	482	-3	-718
-7	611	-9	-895
-9	-204	-5	-783
2	-349	3	-412
-1	-71	-5	122
-1	-4281	-9	695
-3	-3953	-1	1011
5	6068	1	892
-1	-325	-1	395
-13	1483	8	-275
-17	487	9	-737
-10	632	-9	-877
-13	-199	6	-792
-7	-347	9	-427
-9	-86	-17	117
2	-4391	5	699
-5	-4065	4	1009
-5	6213	-21	899
-3	-321	-9	393
-8	1523	-3	-275
-15	467	17	-726
-9	641	-13	-893
3	-221	12	-797
-2	-347	13	-445
-5	-84	-1	120
-11	-4353	-7	734
-5	-4057	1	1042
-17	6152	-11	914
-11	-349	-12	403
-13	1523	5	-297
-1	474	3	-753
-23	645	-15	-921
4	-223	-9	-806
-9	-357	7	-423
-13	-73	-7	129
-10	-4425	-13	701
-7	-4047	6	1007
-15	6243	-1	899
3	-325	5	389
-2	1531	9	-273
3	469	3	-737
-5	639	3	-901
3	-227	1	-809
-17	-345	9	-443
-5	-73	-1	122
-9	-4427	-3	719
-9	-4071	-9	1035
-3	6255	-5	910
-13	-333	-1	391
5	1533	18	-294
-1	482	-13	-765
-10	656	-1	-922
-1	-233	-11	-812
-14	-339	1	-431
1	-73	3	123
-1	-4510	-5	727
-7	-4157	-13	1035
-13	6370	-1	917
3	-343	-17	382
-6	1573	15	-283
1	467	-1	-764
-4	671	-7	-927
5	-222	-7	-831
-5	-340	7	-451
-3	-76	-17	123
-5	-4572	-2	754
-3	-4200	11	1073
-10	6440	-11	940
-7	-365	-11	399
-1	1593	7	-299
-1	474	3	-791
-16	669	-3	-947
-5	-248	-23	-837
-15	-353	0	-455
-3	-61	-1	114
6	-4539	-5	754
-7	-4151	-3	1077
-1	6415	-9	951
-9	-375	-15	407
-11	1585	7	-301
-3	472	13	-789
-7	665	3	-933
-5	-221	11	-841
-2	-345	7	-423
-5	-83	1	117
3	-4585	1	749
-7	-4169	-7	1063
-3	6461	-3	938
-3	-359	-5	405
-1	1582	7	-302
5	487	14	-785
-9	677	-9	-940
-5	-239	1	-837
-4	-357	21	-445
-7	-78	-15	125
-14	-4616	-5	745
-5	-4193	-15	1074
-9	6487	8	951
-5	-354	-11	415
-10	1595	7	-303
-3	481	-9	-789
-14	675	-9	-959
-3	-235	-17	-835
-2	-351	1	-455
-3	-81	-4	138
5	-4701	-11	751
7	-4297	-4	1074
-7	6611	3	955
7	-366	-3	407
-6	1631	7	-307
9	487	7	-787
2	697	-9	-967
11	-237	-1	-867
-5	-361	13	-463
-5	-71	4	122
10	-4717	9	784
-10	-4243	3	1101
-1	6625	-7	959
-10	-369	-7	411
-15	1629	7	-327
-5	472	-9	-821
-3	687	-8	-981
-11	-255	-14	-863
-24	-343	5	-482
-8	-85	-14	132
-9	-4797	-19	767
-22	-4297	1	1101
-24	6713	-15	954
-3	-387	-13	413
-7	1654	-9	-314
-13	497	-4	-805
-3	705	-15	-978
9	-253	-4	-861
-12	-359	9	-475
-3	-91	5	135
13	-4859	3	787
1	-4383	23	1127
5	6837	8	999
15	-351	9	417
2	1709	31	-319
13	479	11	-824
0	723	3	-1009
20	-253	27	-879
5	-362	29	-465
13	-85	6	149
5	-4891	-3	793
-1	-4405	1	1133
-2	6849	5	999
-8	-417	-19	419
-14	1703	11	-335
-7	473	-13	-835
-28	724	-19	-1009
-3	-257	-23	-877
-15	-375	-11	-477
-15	-83	-17	141
-11	-4858	-17	810
-29	-4317	-5	1135
-19	6787	-11	997
-13	-397	-9	433
-9	1679	-1	-333
-1	471	3	-839
-11	717	-15	-1003
-1	-259	4	-894
2	-343	15	-456
-1	-91	4	137
5	-4833	-5	795
15	-4289	3	1137
5	6769	23	991
3	-384	13	417
9	1679	19	-316
5	491	11	-831
-7	733	1	-996
7	-276	3	-875
-1	-363	19	-457
1	-107	5	141
0	-4925	-5	791
4	-4393	6	1109
-13	6891	2	973
-17	-382	-11	415
-22	1701	5	-321
-11	454	-13	-830
-18	731	-25	-1011
-17	-287	-9	-903
-21	-365	13	-471
-1	-65	-5	148
-9	-4856	1	807
-9	-4315	-7	1143
-10	6807	-7	998
-7	-417	-5	417
-3	1691	-3	-337
5	483	20	-845
-9	730	-3	-1005
15	-264	15	-889
5	-353	23	-439
9	-81	5	153
-7	-4924	7	799
3	-4326	5	1125
-5	6883	13	983
-3	-390	3	419
3	1697	13	-331
-5	467	1	-843
-5	733	-7	-993
-1	-275	9	-891
-18	-353	23	-474
-16	-96	-9	136
-1	-4943	-5	813
-11	-4339	-7	1153
-7	6856	-9	993
-17	-399	-19	409
1	1699	-9	-331
-17	481	5	-831
-12	724	-19	-1008
-10	-301	-5	-881
8	-355	9	-467
7	-87	-3	149
3	-4869	-5	795
4	-4277	11	1138
-1	6791	13	1001
-1	-382	11	424
-3	1703	13	-315
-7	487	1	-843
-3	737	3	-1009
3	-279	3	-875
-5	-361	9	-463
13	-78	13	160
-5	-4798	3	808
-13	-4244	11	1129
5	6709	1	987
-5	-409	9	415
10	1663	11	-311
7	474	7	-815
-5	715	-3	-985
-5	-287	-5	-869
-9	-361	10	-459
-9	-83	-5	151
-4	-4857	-9	779
-10	-4245	-4	1121
-16	6787	-7	963
-7	-411	-3	405
-11	1675	11	-311
8	464	-7	-827
-7	723	-5	-995
-9	-301	9	-879
0	-347	7	-466
5	-85	17	141
-2	-4873	1	793
-7	-4241	14	1147
-5	6785	5	987
-5	-410	-4	419
-3	1677	11	-332
-1	473	17	-819
-11	733	3	-995
-5	-284	9	-875
-5	-347	23	-467
-7	-95	10	145
2	-4877	-3	793
-11	-4259	-5	1139
-3	6793	1	995
3	-379	-19	423
-11	1689	15	-327
-7	453	1	-824
-10	731	3	-999
3	-282	5	-865
-3	-354	11	-459
1	-85	-6	149
-7	-4925	-13	802
-3	-4333	-3	1129
-19	6873	9	990
-3	-402	6	403
0	1715	15	-319
-1	447	5	-825
3	723	7	-995
10	-300	-6	-875
-13	-357	15	-471
-11	-85	1	155
-2	-4856	-5	806
-5	-4215	3	1149
4	6759	-1	1003
-5	-401	1	413
-5	1675	7	-325
-1	449	-1	-839
-5	731	2	-995
-9	-273	-9	-872
-8	-341	3	-439
-5	-91	1	157
-10	-4853	-1	795
1	-4205	-1	1125
-5	6733	3	981
6	-387	-23	415
-3	1658	18	-318
-1	459	6	-815
-1	732	-13	-991
-3	-273	15	-871
-10	-341	17	-455
1	-125	-5	159
1	-4841	1	801
4	-4182	18	1129
-3	6714	9	983
-5	-354	-22	396
-11	1663	15	-327
-9	429	9	-813
-11	721	-5	-975
1	-271	3	-873
-9	-336	9	-455
1	-161	-1	146
-7	-4901	3	800
-13	-4265	-1	1121
-10	6809	-1	983
-3	-355	-11	403
-8	1681	1	-331
3	415	-7	-815
-17	728	-17	-977
-3	-285	11	-869
-5	-319	1	-481
-7	-130	-17	124
-8	-4889	3	799
-9	-4215	-4	1143
-5	6749	-13	999
-1	-292	-9	401
1	1627	7	-337
-9	361	-4	-823
-13	731	0	-969
5	-246	4	-877
-10	-277	3	-463
-5	-123	6	122
-7	-4941	-9	785
-5	-4291	1	1123
-2	6803	-3	968
4	-241	15	399
-13	1630	1	-340
-5	302	-4	-819
-14	725	-9	-989
1	-248	-4	-867
-2	-261	7	-457
-3	-105	-5	141
-1	-5014	5	799
-11	-4345	7	1131
-19	6885	11	965
7	-225	-4	375
-3	1635	7	-371
-9	249	-3	-855
-1	725	-7	-1003
7	-245	12	-871
7	-245	3	-439
10	-86	-17	180
-13	-4999	-9	837
-5	-4352	1	1159
-9	6878	-1	970
8	-271	-14	362
1	1627	5	-393
3	269	10	-881
1	722	-15	-1005
-3	-241	-3	-859
3	-233	11	-433
3	-81	-3	215
-5	-4985	-11	847
3	-4295	9	1163
-4	6861	-9	951
7	-276	5	353
-3	1619	11	-407
-5	263	-6	-869
-21	717	-8	-999
-9	-235	-4	-839
-6	-234	7	-397
3	-95	-6	219
-2	-5035	-5	845
-14	-4326	5	1145
-19	6936	-3	944
-5	-261	-3	343
-11	1638	15	-413
-5	258	-4	-871
-3	735	-21	-1007
-10	-243	-1	-837
-14	-245	-1	-391
1	-99	10	215
-1	-5071	-5	862
-11	-4391	-3	1161
1	6990	3	967
-3	-247	-9	343
-9	1659	9	-412
-5	247	11	-895
-12	747	-7	-993
-5	-233	-1	-841
-7	-227	7	-403
-5	-87	5	235
-7	-5033	-11	875
-9	-4364	6	1173
-10	6959	5	970
-15	-279	-9	351
6	1647	9	-407
-5	259	12	-899
-9	730	-13	-1013
-5	-222	-6	-849
-3	-245	15	-391
-1	-83	-12	209
-5	-5079	-7	861
-16	-4343	-1	1171
-19	6983	7	963
-5	-255	-1	353
-5	1649	21	-405
3	258	-11	-901
-13	737	-11	-1013
-7	-239	-3	-839
2	-236	1	-393
-11	-83	-15	209
-7	-5041	-3	873
-1	-4319	-1	1165
-1	6954	13	970
10	-269	-9	339
-5	1652	-3	-413
-5	269	-4	-891
-6	737	-7	-1004
-11	-243	7	-841
1	-233	9	-401
-3	-87	10	219
-10	-5062	9	864
-13	-4344	6	1164
-11	6950	1	973
-3	-253	-14	343
-16	1659	5	-397
-14	259	6	-887
-17	751	3	-1015
1	-245	7	-855
-11	-251	7	-399
-9	-85	-17	212
1	-5041	1	871
-1	-4353	-9	1177
-8	6938	-1	970
3	-273	-17	337
-1	1657	19	-409
3	258	-5	-891
-11	748	-7	-1007
4	-245	-1	-837
-11	-236	15	-399
-7	-85	-3	231
-11	-5017	-9	876
-7	-4280	11	1155
-5	6907	-3	967
1	-264	-7	333
-2	1641	13	-405
-5	247	18	-889
-9	743	-5	-1003
-3	-235	-1	-837
-10	-248	9	-399
3	-91	11	219
-5	-5015	-7	857
-12	-4261	7	1151
-7	6903	-3	946
-9	-255	-7	333
-9	1633	10	-417
-9	271	-1	-882
-14	735	-5	-1003
-9	-241	12	-834
-7	-253	9	-405
-3	-89	-19	225
-5	-4897	-9	860
6	-4177	11	1154
-11	6719	3	955
-9	-239	-12	337
-14	1611	3	-401
-1	256	6	-877
-10	725	-3	-987
3	-230	5	-821
-9	-247	9	-387
6	-71	3	216
-3	-4879	-3	841
-7	-4192	-3	1127
-6	6687	5	934
-13	-269	-9	334
-7	1583	-1	-395
-3	256	1	-865
-5	726	-11	-985
-3	-222	15	-825
-11	-235	19	-393
3	-75	1	227
-6	-4852	-1	829
-21	-4101	4	1131
-4	6659	-9	921
1	-255	10	333
3	1570	7	-409
1	231	4	-855
-13	713	-8	-975
-5	-221	-1	-815
-16	-234	11	-379
3	-84	-6	215
-3	-4905	-3	813
-7	-4205	7	1117
-5	6731	1	910
-5	-269	-3	341
1	1593	8	-401
-11	241	-1	-859
0	728	-13	-978
-5	-245	19	-826
-7	-237	5	-395
5	-104	-11	213
7	-4926	-11	833
3	-4223	9	1132
-7	6787	-1	927
-15	-253	7	333
-13	1615	7	-403
-16	221	-9	-857
3	733	-11	-989
-1	-231	12	-817
-3	-225	9	-399
8	-87	6	217
-13	-4868	-10	845
-3	-4179	14	1129
5	6711	3	930
5	-269	-17	331
-2	1607	7	-405
5	228	3	-863
-11	713	-11	-979
-1	-233	8	-823
-11	-225	13	-383
-5	-81	11	211
-3	-4918	7	826
-7	-4174	-9	1121
-2	6753	3	927
3	-274	-11	329
3	1610	5	-407
-7	227	3	-857
-15	727	2	-973
-5	-240	-4	-829
-11	-227	5	-393
-3	-101	-22	211
-5	-4923	3	831
-12	-4215	14	1123
3	6783	-5	934
-5	-274	-13	344
-1	1606	-3	-411
1	241	-1	-867
-6	719	-21	-986
-1	-249	-3	-821
-9	-227	7	-385
14	-89	-13	201
-9	-4981	-3	842
4	-4256	-4	1126
-5	6863	2	959
-3	-265	11	329
-8	1637	17	-403
8	237	6	-871
-2	719	-9	-981
-3	-255	-1	-827
-2	-241	13	-395
15	-76	6	218
-11	-4923	11	863
-3	-4215	-1	1145
-11	6759	3	952
-11	-281	-12	348
-4	1623	9	-405
1	220	7	-891
-10	725	-11	-997
-5	-235	-6	-831
-7	-246	13	-385
-3	-99	-12	219
-6	-5019	13	837
-8	-4281	1	1129
-18	6907	1	933
3	-283	-13	329
-9	1645	13	-399
6	227	-3	-863
-15	737	-15	-979
9	-239	-17	-853
-5	-226	19	-395
-8	-89	-4	215
0	-4999	-7	859
-3	-4251	-1	1157
-3	6862	11	958
-1	-261	-6	344
-1	1627	2	-409
-3	241	-7	-887
2	733	-9	-998
-1	-249	11	-827
-11	-239	11	-389
9	-93	-11	229
-13	-5031	-11	844
1	-4283	-8	1146
-5	6908	7	935
-7	-264	9	341
-11	1645	9	-407
3	229	6	-887
-6	731	-15	-997
-10	-238	7	-837
-21	-229	5	-407
6	-68	-11	209
-11	-4997	-18	861
-3	-4291	7	1159
8	6873	1	958
-1	-276	-9	333
1	1643	17	-413
-12	235	12	-883
-7	730	-1	-1005
3	-223	-1	-829
-9	-246	3	-395
-7	-83	-1	215
-2	-4995	1	846
-17	-4255	11	1145
-11	6887	5	937
-7	-283	-13	331
-7	1634	11	-417
-3	225	-3	-885
-1	731	-15	-995
-9	-230	12	-837
-8	-239	5	-405
-5	-91	4	207
-7	-5045	-11	859
-11	-4285	5	1155
-9	6910	5	946
1	-264	-15	333
-7	1647	9	-413
-1	235	9	-876
-5	741	1	-1008
-7	-239	1	-843
-10	-249	11	-403
5	-76	-5	225
-2	-5003	-5	850
-1	-4245	1	1144
-5	6865	3	955
-9	-269	-17	347
-11	1661	11	-413
3	235	1	-875
0	717	-13	-1015
-7	-233	-9	-843
-5	-243	-3	-401
-9	-91	1	206
-19	-4973	-10	837
-19	-4259	1	1145
-13	6838	3	940
3	-287	-3	340
-8	1625	7	-409
3	225	3	-877
-13	724	-1	-993
6	-230	6	-829
-3	-246	10	-403
-1	-77	-4	219
6	-4957	-9	844
-8	-4200	9	1141
0	6807	11	951
1	-281	-9	327
-17	1628	9	-413
-11	221	18	-875
-1	713	-18	-995
-9	-221	6	-833
-18	-237	15	-389
1	-83	-4	215
-1	-5015	-7	829
-1	-4275	16	1129
-2	6887	-1	942
-9	-269	-5	329
-11	1631	-2	-401
-1	233	-7	-873
-17	733	-5	-999
-11	-237	1	-845
-4	-237	7	-403
3	-81	-7	211
-5	-5012	3	850
10	-4289	-3	1156
-17	6901	7	967
-9	-247	-5	333
-10	1657	15	-407
-3	228	1	-889
-1	713	-1	-997
3	-228	18	-839
-12	-241	29	-399
1	-76	-3	216
-7	-5057	-18	855
-5	-4352	9	1147
2	6964	5	957
-1	-275	-6	336
-1	1661	9	-409
-14	217	3	-891
-11	728	-7	-999
-1	-217	15	-851
-9	-238	13	-407
7	-73	-4	227
-4	-5091	-1	857
-8	-4341	1	1167
4	7005	-5	967
-7	-273	-1	335
-12	1671	13	-421
6	253	9	-897
-11	731	7	-1007
-3	-213	-1	-845
-7	-249	13	-397
3	-86	1	223
5	-5037	-1	859
-10	-4309	18	1159
-11	6917	-3	975
-5	-267	1	341
-7	1644	21	-415
1	248	-3	-897
-7	733	-1	-1001
-7	-240	13	-845
-2	-253	15	-393
7	-84	-5	219
-1	-5076	5	858
6	-4359	4	1156
-5	6980	7	957
-7	-251	-12	351
-9	1669	3	-393
1	230	-6	-889
-12	739	-23	-1007
-3	-247	-1	-841
-3	-259	15	-407
-1	-63	-8	217
5	-5003	11	869
-5	-4303	7	1167
-10	6870	-5	969
-7	-274	4	345
2	1649	9	-409
1	241	-1	-891
-5	719	-11	-1009
13	-220	1	-833
-1	-243	9	-397
9	-63	-7	219
-9	-5061	-7	846
-8	-4317	1	1151
-1	6973	1	943
3	-251	-1	341
-7	1665	13	-403
4	239	-5	-883
-11	727	-15	-1005
-13	-217	-7	-847
-3	-255	-1	-419
-10	-81	-14	215
-10	-5053	-11	857
-7	-4323	7	1165
-5	6942	1	950
-3	-255	-7	349
-5	1651	23	-417
3	257	-1	-896
-7	725	-13	-1007
-1	-228	-7	-845
-9	-253	1	-415
5	-85	7	209
-15	-5104	9	848
-9	-4411	15	1155
-7	7041	0	965
-5	-245	-6	349
-8	1691	7	-407
-5	239	4	-901
-5	729	-11	-1011
-1	-223	3	-843
0	-247	7	-411
-1	-61	3	212
3	-5097	-18	867
-11	-4423	-1	1181
-12	7031	9	984
-14	-273	-15	350
-4	1683	-1	-423
-7	225	7	-895
-9	733	-11	-1021
1	-233	5	-857
-7	-253	9	-413
-3	-59	-1	215
-7	-5031	1	862
-7	-4321	-1	1183
-1	6927	-1	969
-3	-246	-13	359
2	1649	-1	-409
-1	245	-11	-897
-3	721	3	-1003
-1	-207	1	-845
-1	-257	15	-391
-1	-69	1	219
12	-5033	-9	861
-5	-4317	3	1161
-1	6923	5	956
11	-247	-15	340
-9	1643	16	-411
-11	251	1	-882
-5	737	-7	-1009
-9	-219	-12	-843
-13	-263	11	-395
-7	-66	7	225
-16	-4991	-3	854
-3	-4319	4	1150
-7	6879	0	975
-1	-249	-12	341
-12	1641	1	-407
-13	235	15	-883
-14	703	-1	-1005
-7	-229	-1	-833
-10	-251	11	-401
1	-55	1	221
-9	-4949	-1	851
-13	-4308	19	1143
-7	6837	7	964
-11	-249	-3	350
-12	1637	11	-403
-7	239	-3	-875
-7	707	-9	-995
-3	-217	1	-839
-17	-267	15	-393
-5	-55	-1	211
-5	-4912	-5	852
-1	-4238	-7	1135
-11	6765	-7	941
-5	-256	-17	347
-13	1607	5	-397
11	253	-13	-865
-15	695	-23	-979
-9	-209	-9	-827
-11	-247	15	-391
-10	-73	-14	211
10	-4925	-7	839
-7	-4259	-7	1125
2	6795	-1	936
6	-233	-1	336
-13	1614	0	-401
-3	247	17	-857
-7	714	-1	-987
-7	-212	-6	-822
8	-249	7	-395
1	-59	3	207
-5	-4829	-1	842
-1	-4174	-1	1139
-11	6653	-3	943
-9	-217	11	345
-9	1579	15	-391
3	228	1	-869
-7	687	-7	-969
-3	-194	5	-811
-16	-255	5	-381
6	-63	15	215
-9	-4850	-3	829
-9	-4269	7	1109
0	6711	-3	922
1	-237	1	335
-4	1595	15	-395
-3	227	-1	-845
-16	701	-9	-965
-3	-210	4	-819
-1	-250	1	-397
5	-39	-9	209
1	-4898	-9	821
-10	-4249	3	1125
-3	6755	-7	933
3	-210	-17	347
-9	1611	15	-395
8	225	-8	-853
-3	697	-1	-975
1	-193	14	-829
-17	-247	9	-399
-1	-58	-6	217
0	-4855	-3	835
-11	-4241	-7	1125
-3	6723	1	942
-11	-233	6	339
-3	1587	-3	-391
-3	231	6	-859
-14	694	-7	-968
-7	-209	7	-817
-9	-261	17	-391
7	-53	3	213
-5	-4901	5	827
4	-4295	-5	1131
-13	6773	0	937
-9	-230	-11	329
-3	1617	21	-387
-5	221	4	-853
-11	709	-15	-977
-5	-215	5	-819
-5	-265	5	-401
3	-24	9	212
-7	-4862	7	831
-3	-4303	-3	1137
-13	6745	-1	952
-7	-261	-9	342
-17	1599	13	-403
-10	225	5	-863
0	701	-7	-981
-11	-207	-3	-814
-9	-253	1	-387
-9	-41	-12	219
-13	-4841	5	842
-9	-4247	6	1117
-2	6731	-5	933
-1	-238	-11	327
-7	1588	5	-395
-1	240	1	-871
-7	697	-3	-985
-3	-199	5	-831
-3	-256	15	-383
-7	-58	-7	225
-8	-4765	-3	847
-1	-4172	-3	1125
-7	6606	5	932
-5	-269	-11	324
3	1571	5	-391
-3	287	-14	-851
-5	677	1	-961
-9	-205	3	-812
-17	-289	7	-387
-7	-87	-11	201
-2	-4761	-5	827
-5	-4183	-5	1114
-13	6619	-3	919
-9	-199	-5	335
-2	1583	9	-381
-5	261	1	-847
-7	705	-7	-947
-5	-195	-9	-799
-9	-265	7	-381
-3	-50	-6	209
-9	-4826	-1	817
-5	-4261	15	1114
-10	6693	9	940
-1	-222	-13	339
-6	1573	13	-365
-1	230	18	-819
-13	691	5	-957
4	-191	-15	-817
-17	-253	7	-401
1	-29	-17	173
5	-4737	5	799
-14	-4159	-17	1109
0	6567	3	941
-13	-207	7	345
-10	1557	7	-377
-3	222	11	-845
-9	659	-3	-961
-5	-181	13	-807
0	-262	11	-391
3	-41	6	207
-11	-4705	-1	815
-3	-4129	1	1103
-9	6497	5	920
-1	-212	-6	326
-5	1523	13	-389
1	243	-3	-841
-11	674	-9	-950
-13	-183	11	-789
-8	-269	13	-383
3	-24	3	201
-5	-4586	-9	795
-5	-4039	15	1077
-11	6353	3	897
-11	-195	-13	325
-10	1514	7	-387
-1	222	4	-813
-4	659	-1	-931
1	-175	-1	-779
-15	-271	9	-369
10	-22	-1	211
-7	-4613	3	792
-7	-4083	4	1060
-5	6402	-17	883
-9	-199	-3	324
-10	1515	1	-363
-7	233	-5	-819
-12	659	-3	-921
1	-191	3	-772
-9	-265	16	-365
-7	-19	3	177
-14	-4543	3	790
-12	-3995	-6	1077
-2	6311	7	895
7	-207	-9	317
-14	1491	5	-381
-5	225	3	-808
-7	643	-15	-919
3	-161	7	-769
-7	-261	7	-369
-1	-25	3	201
5	-4593	-1	775
-10	-4064	1	1053
7	6375	-5	874
8	-183	1	330
-9	1493	15	-361
1	217	9	-805
-7	661	-17	-922
5	-171	-13	-773
4	-255	3	-379
5	-32	-7	191
-7	-4552	-7	787
-1	-4035	-5	1075
-11	6317	-5	883
-1	-181	-3	315
-10	1511	19	-365
-1	228	7	-816
0	655	-11	-925
1	-168	-1	-785
-7	-247	9	-367
3	-24	7	191
-11	-4611	-9	775
-7	-4129	1	1059
-8	6432	-1	877
3	-197	-1	315
3	1525	7	-373
14	210	5	-807
-9	659	-3	-925
-3	-175	3	-784
-11	-272	13	-385
-5	-37	1	193
2	-4645	-5	785
-5	-4125	11	1081
4	6483	-9	897
3	-203	1	319
-12	1527	7	-383
-3	207	-4	-829
-9	657	-10	-921
-7	-177	3	-789
-3	-266	11	-369
11	-30	-6	197
-9	-4615	-5	791
-7	-4061	14	1081
-9	6419	-1	906
-9	-195	-4	326
-1	1511	2	-375
-3	220	-1	-825
5	655	5	-937
-7	-173	4	-785
-5	-257	7	-363
-5	-35	-5	185
-5	-4705	-3	807
-5	-4200	8	1065
-9	6571	9	895
9	-191	-9	317
-2	1553	1	-361
-15	215	4	-828
-4	669	1	-939
-5	-193	-3	-799
-16	-265	13	-385
-7	-22	-5	195
-11	-4619	1	816
-7	-4137	-15	1093
-15	6433	-1	917
-17	-213	-19	319
2	1515	3	-377
-7	215	-9	-845
-17	655	-9	-949
-3	-158	-5	-787
-11	-278	13	-363
-7	-25	-7	189
1	-4613	-13	797
7	-4081	1	1061
-7	6415	7	897
7	-197	-9	319
9	1515	7	-363
4	225	9	-808
-15	657	15	-931
13	-155	-3	-801
-9	-265	17	-391
1	-21	1	189
0	-4483	3	789
-1	-3927	12	1081
-1	6226	13	894
15	-189	-8	316
-1	1471	16	-375
-3	238	1	-831
-14	665	-1	-909
-13	-175	-1	-769
-3	-285	15	-355
-5	-21	-5	199
-7	-4512	-5	759
-5	-4015	1	1035
-11	6253	0	865
-21	-183	-12	307
-13	1478	-3	-351
-18	204	-5	-799
-25	639	-11	-909
-15	-171	-7	-759
-25	-273	7	-371
1	-19	-23	197
-11	-4545	-15	773
-11	-4079	-7	1048
-22	6341	9	874
-1	-192	-6	312
6	1495	7	-367
3	233	-1	-795
-5	651	-11	-905
11	-161	13	-768
3	-259	13	-363
19	-17	-1	195
11	-4555	9	786
5	-4043	17	1073
10	6357	11	887
-1	-179	22	313
2	1493	19	-377
-3	209	23	-814
-11	647	-7	-915
3	-161	1	-765
-1	-269	-1	-367
-11	-51	9	195
-21	-4613	-3	779
-11	-4087	1	1051
-5	6407	-5	884
-1	-201	-5	331
-9	1505	-15	-379
-23	225	-9	-809
-21	662	-25	-920
-21	-168	-6	-771
-11	-279	1	-385
-13	-35	-17	203
-3	-4600	-11	779
3	-4079	-4	1071
-7	6386	7	889
3	-175	11	331
6	1515	17	-369
9	209	6	-817
3	675	-11	-927
3	-171	12	-771
-3	-261	21	-371
13	-32	27	197
7	-4693	5	792
-3	-4233	24	1074
5	6569	15	879
-1	-197	1	326
1	1563	15	-389
10	215	7	-823
-25	683	-3	-951
1	-187	11	-794
-21	-275	-8	-397
-13	-35	-9	197
-6	-4679	-17	808
-13	-4151	-9	1103
-17	6503	-7	909
-21	-192	-27	331
-21	1536	-13	-399
-11	215	-3	-841
-19	655	-23	-949
-13	-163	1	-787
-21	-256	3	-387
3	-48	-7	213
-6	-4745	1	789
1	-4210	14	1075
7	6604	-1	900
8	-199	-8	326
11	1564	5	-375
11	221	7	-809
2	682	-3	-940
7	-193	1	-800
2	-267	17	-403
14	-58	7	185
12	-4783	-7	815
-3	-4254	9	1123
3	6644	3	919
-11	-194	1	331
-14	1583	7	-403
-8	199	1	-845
-15	683	-5	-959
-16	-193	-3	-813
-27	-269	-7	-387
-5	-35	-32	204
-11	-4790	-17	815
-13	-4303	-11	1109
-8	6685	-1	927
-11	-217	-12	329
-8	1589	5	-389
-3	221	-7	-857
2	683	-15	-967
11	-187	-11	-802
1	-281	8	-393
9	-29	-3	193
4	-4748	-1	828
3	-4200	9	1117
3	6597	13	929
3	-215	16	323
-2	1568	29	-385
4	223	1	-857
1	679	-9	-961
-1	-177	-1	-811
-1	-279	19	-375
11	-30	-11	203
-2	-4661	1	819
3	-4123	-3	1103
-14	6471	3	910
-11	-205	-1	330
-13	1523	11	-377
-5	233	-9	-851
-18	677	-5	-946
-10	-167	-7	-790
-10	-279	3	-371
-7	-35	12	203
-12	-4622	-3	805
-13	-4103	-1	1070
-9	6431	5	905
-3	-181	-17	331
-11	1524	9	-367
3	229	-5	-820
-17	669	1	-933
5	-156	-3	-783
0	-279	15	-385
8	-6	-1	202
-3	-4475	7	794
9	-3997	-5	1074
5	6219	9	905
5	-179	-6	334
-10	1479	23	-367
-3	233	16	-813
-2	635	11	-915
4	-161	13	-773
-11	-290	8	-353
-7	-29	-4	209
-7	-4509	-7	777
-15	-3989	1	1034
6	6249	-3	859
3	-193	3	313
-5	1465	13	-357
8	215	4	-790
-11	633	-3	-901
-1	-140	-1	-759
-17	-289	7	-365
-9	-11	-9	195
-1	-4477	-1	779
3	-3963	3	1065
-16	6227	5	874
-3	-173	1	314
-17	1459	5	-361
5	228	15	-781
-10	643	-7	-905
1	-159	5	-742
-7	-271	21	-365
5	-30	-1	201
5	-4483	9	761
-15	-3989	4	1043
-1	6239	7	865
-9	-179	1	333
-5	1473	-5	-353
-9	204	6	-779
3	629	-15	-899
-3	-165	14	-755
-16	-289	13	-377
-11	-19	5	203
-9	-4459	-11	768
-9	-4009	3	1049
-7	6217	9	872
-3	-194	-1	321
2	1475	-1	-367
1	209	12	-805
-9	627	-9	-905
-1	-145	19	-744
-7	-276	15	-365
-11	-14	1	201
0	-4519	3	769
-7	-4015	17	1048
4	6313	-3	871
-5	-186	-1	333
2	1483	-3	-373
6	217	8	-791
-11	637	-7	-899
-5	-153	5	-761
5	-270	11	-363
-7	-27	9	193
-5	-4545	-11	783
-3	-4073	3	1053
-5	6357	-3	870
-9	-181	-7	326
-11	1503	7	-371
-9	217	6	-799
-12	655	-9	-919
1	-171	6	-767
2	-281	11	-379
1	-24	3	199
2	-4512	-9	779
10	-4035	13	1066
3	6309	-5	881
1	-185	5	319
-8	1513	15	-375
11	197	13	-806
-6	649	1	-917
-5	-163	7	-763
-11	-261	3	-355
10	-45	-1	205
-5	-4567	-5	776
-9	-4107	-3	1048
-1	6377	3	877
-14	-199	4	315
-9	1505	-1	-381
-7	201	1	-807
-7	653	-5	-917
-13	-168	1	-781
-9	-270	2	-373
-7	-12	-9	193
-22	-4563	-1	783
-11	-4069	-12	1071
-11	6357	-7	891
-12	-197	-11	309
-12	1491	-1	-375
6	221	1	-810
-7	647	-11	-925
-3	-163	6	-779
-1	-266	11	-359
-1	-35	-5	191
-6	-4533	3	779
1	-4025	14	1061
3	6317	13	880
-7	-199	-19	309
-7	1489	18	-355
17	228	-1	-807
-11	660	-3	-903
-11	-171	-22	-780
-2	-269	5	-367
-13	-37	-9	185
5	-4522	-1	781
-7	-4031	9	1047
-3	6309	10	885
-9	-181	1	309
-6	1490	9	-355
-3	212	-6	-824
-9	655	-1	-901
-3	-175	7	-771
-13	-269	7	-373
-7	-32	-3	183
-13	-4554	1	773
-7	-4103	-5	1049
-5	6363	5	880
1	-189	-7	305
0	1509	11	-373
-1	220	-3	-817
-5	651	-5	-911
1	-171	15	-771
-13	-280	1	-371
-5	-27	-1	179
8	-4527	5	791
-1	-4031	-6	1059
-4	6309	3	887
3	-202	1	321
2	1477	17	-375
-3	225	4	-827
-7	637	-8	-919
-5	-145	-3	-777
-7	-270	-1	-367
-9	-41	-12	183
-10	-4579	-7	767
-7	-4071	-7	1047
-5	6365	1	872
-7	-175	-4	315
-15	1481	8	-373
-1	237	1	-805
-14	648	-1	-912
-13	-165	-1	-762
-5	-291	1	-389
5	-35	-5	195
5	-4611	-1	785
-1	-4145	-4	1064
-15	6438	-2	889
-13	-181	-15	313
-7	1514	15	-377
-13	219	-11	-816
-13	663	-3	-925
-7	-155	-3	-777
1	-295	17	-379
-3	-21	-15	195
-1	-4562	-1	786
-15	-4109	-9	1076
-3	6357	3	894
-12	-207	-13	323
-2	1495	7	-393
-9	213	5	-827
-2	643	-5	-933
-5	-159	6	-766
-5	-291	3	-369
-3	-19	-9	203
-6	-4555	-7	781
-21	-4059	-1	1056
-12	6335	-7	883
1	-189	7	329
2	1487	-5	-381
10	225	1	-807
-5	639	-2	-923
-3	-151	15	-777
-12	-283	3	-385
-9	-33	-1	193
3	-4579	-11	775
-3	-4105	-1	1065
-7	6377	-7	876
-1	-195	3	321
-11	1493	10	-377
-3	239	-3	-803
-13	640	-5	-929
-17	-167	12	-775
-4	-275	7	-379
-12	-35	7	193
-1	-4585	-9	783
1	-4120	-4	1058
-1	6414	3	877
-1	-165	-7	315
-12	1516	9	-381
-5	225	5	-823
-13	657	-13	-921
-1	-173	-9	-781
-13	-277	9	-387
6	-27	5	198
5	-4571	5	778
-11	-4143	9	1058
-9	6407	3	887
-11	-205	1	326
-9	1503	-1	-383
-11	233	7	-807
1	647	-9	-925
1	-153	-1	-778
-13	-290	-3	-373
-11	-37	-7	177
-4	-4617	-11	787
-23	-4155	6	1069
-8	6457	5	895
3	-202	-13	317
-5	1525	9	-377
3	235	-11	-821
-11	655	-3	-921
1	-151	-9	-789
-9	-279	1	-389
1	-40	-3	189
-4	-4669	-3	787
-14	-4166	-9	1089
5	6519	3	896
4	-195	-6	307
-5	1531	16	-387
-1	243	9	-837
-9	669	-9	-940
-15	-163	-13	-785
-9	-277	11	-387
1	-23	-1	185
-7	-4593	-5	815
4	-4148	1	1075
1	6433	7	911
1	-185	-1	321
-11	1520	7	-379
3	235	1	-829
4	653	-17	-937
3	-165	-1	-799
-10	-287	5	-369
1	-33	-13	195
-3	-4587	-3	804
-7	-4156	7	1072
-8	6398	-1	906
-11	-193	-11	334
-10	1507	-1	-377
-1	249	18	-821
-9	663	-11	-931
-1	-143	3	-794
-7	-286	9	-387
-9	-21	-7	187
3	-4549	-1	798
-8	-4095	1	1061
2	6389	5	901
-10	-167	-3	327
-10	1495	13	-371
4	239	-13	-808
-9	641	-7	-927
-13	-145	-3	-781
6	-269	-1	-365
3	-32	-12	187
-12	-4633	-7	785
-1	-4157	7	1053
-9	6460	5	888
4	-191	-13	314
-9	1515	15	-361
5	259	1	-815
-11	655	9	-930
-5	-166	-6	-790
-11	-275	17	-377
3	-27	-9	209
-14	-4646	-11	795
4	-4205	8	1073
-5	6493	0	907
3	-169	-1	323
1	1539	3	-373
-1	233	-7	-830
-7	661	1	-933
5	-156	7	-795
-13	-287	3	-381
4	-4	6	189
-1	-4695	-5	801
-19	-4275	15	1092
2	6566	7	908
-7	-219	-15	329
0	1547	1	-383
1	253	12	-833
-10	669	-1	-955
11	-153	15	-792
5	-302	13	-381
-1	-4	4	189
-2	-4615	-1	796
-1	-4167	-19	1095
-11	6467	-7	915
-1	-213	-13	337
5	1531	7	-395
1	261	5	-843
-9	653	-18	-943
-3	-145	6	-785
-10	-291	7	-369
11	-25	-9	197
6	-4613	-7	787
5	-4161	7	1077
-2	6470	-7	898
6	-215	-3	333
5	1505	10	-375
3	282	-1	-815
-9	653	-11	-945
-11	-173	-7	-789
-11	-297	13	-381
-1	-21	7	207
-9	-4629	-15	799
-5	-4195	-8	1077
-7	6491	-3	899
3	-221	-5	345
0	1539	9	-367
-1	279	3	-823
-3	645	-11	-947
3	-174	-1	-795
-5	-303	13	-375
4	-19	-11	198
-7	-4581	-10	785
3	-4187	6	1093
5	6451	-1	910
-7	-229	-7	342
-2	1543	5	-381
-3	275	5	-813
0	651	-1	-943
1	-179	6	-793
-1	-309	8	-377
-1	-32	1	199
3	-4679	3	788
-9	-4235	-13	1065
-4	6579	11	899
-3	-235	10	339
-13	1547	-1	-367
4	294	-3	-810
-11	675	1	-935
5	-165	7	-797
-9	-300	3	-403
1	-40	-9	187
1	-4713	-5	805
3	-4267	5	1097
-16	6607	-3	920
-1	-228	8	336
-11	1559	3	-373
-9	305	1	-829
7	675	-1	-957
-9	-189	3	-808
2	-297	9	-393
-11	-31	-1	191
3	-4737	3	789
-7	-4291	-1	1084
5	6667	10	927
3	-241	-1	345
-10	1583	7	-377
15	297	-9	-832
-1	687	-15	-961
3	-185	7	-833
2	-320	11	-407
-3	-35	-13	175
-3	-4707	-9	805
-17	-4295	-12	1104
-9	6617	3	934
-7	-267	-9	364
-3	1567	7	-379
5	297	7	-849
-9	669	-13	-965
4	-197	4	-808
-5	-315	11	-393
3	-37	-24	175
-8	-4755	3	804
-9	-4303	-6	1091
1	6679	-3	931
-3	-264	-11	353
-16	1587	15	-361
-3	309	-5	-825
-17	675	-19	-967
-3	-197	-13	-841
-7	-327	13	-416
-9	-31	-12	183
-11	-4773	-9	821
-1	-4325	-1	1123
-7	6697	-5	948
4	-266	-1	363
-11	1598	3	-357
-9	335	-6	-843
-17	697	-5	-967
-3	-204	-9	-838
-11	-327	19	-403
-1	-32	-5	185
-5	-4755	-3	823
-1	-4308	13	1129
-13	6696	-10	947
-3	-263	-9	361
-15	1603	15	-359
-1	345	4	-837
2	697	-3	-975
3	-193	5	-829
-2	-328	17	-413
6	-25	-17	186
7	-4739	-7	803
-5	-4329	12	1115
-4	6673	5	947
-5	-284	1	366
-15	1591	13	-365
-9	349	14	-841
-23	681	-21	-983
-13	-204	1	-835
-15	-341	13	-423
-11	-39	-4	169
-14	-4764	-21	798
-15	-4293	-9	1109
0	6685	1	949
-12	-299	-17	371
-9	1586	5	-353
-9	359	-1	-841
-9	675	-13	-981
5	-191	9	-841
0	-331	13	-419
-1	-39	5	189
-13	-4757	-5	809
-9	-4285	12	1123
-5	6697	-3	942
6	-271	8	375
-1	1597	7	-359
-1	371	17	-833
-6	686	3	-970
1	-202	-5	-839
-13	-351	17	-417
5	-51	-11	177
-9	-4739	9	797
1	-4285	-1	1121
-7	6664	-3	947
-9	-281	1	363
-15	1595	11	-361
-12	346	-5	-823
-10	691	-11	-969
-7	-199	-7	-829
-3	-344	7	-419
-1	-50	-11	168
1	-4739	9	797
-3	-4311	1	1109
-9	6665	7	944
-7	-293	-9	371
4	1597	1	-357
1	343	7	-825
2	683	5	-973
11	-195	-7	-829
-5	-357	29	-423
-1	-40	-5	171
11	-4709	9	794
-1	-4247	6	1107
4	6627	3	947
-1	-281	-9	375
-10	1592	15	-353
13	365	15	-816
-15	677	7	-969
-3	-179	-12	-837
-7	-337	5	-417
-1	-71	6	163
-12	-4765	-15	785
-3	-4325	7	1099
-16	6697	1	938
-7	-267	-17	375
-9	1586	-2	-335
-13	349	1	-833
-10	684	-5	-973
-1	-203	4	-841
-17	-337	3	-433
-3	-49	-1	167
-2	-4765	1	809
-3	-4298	-3	1116
-1	6683	-3	959
5	-267	9	378
-9	1625	17	-353
-5	347	-4	-832
-15	687	5	-971
3	-197	16	-837
-2	-336	21	-423
4	-32	1	164
-1	-4790	-3	797
-3	-4377	-9	1109
-12	6741	5	953
-1	-293	-7	374
-2	1625	9	-361
-5	341	-9	-845
-7	693	-15	-977
3	-207	1	-857
-7	-341	21	-431
7	-37	-22	163
-8	-4846	-11	804
-13	-4361	-7	1125
-1	6791	1	951
-7	-305	-1	377
-11	1635	-3	-371
6	357	3	-845
-3	695	-2	-973
-5	-202	3	-847
0	-343	7	-427
-1	-55	-3	169
0	-4829	1	817
5	-4323	-1	1119
-9	6781	-1	958
10	-309	-7	371
1	1626	15	-369
3	361	15	-847
7	693	-15	-980
3	-215	-6	-847
-10	-339	3	-423
-9	-41	12	179
-5	-4881	-9	813
6	-4400	-4	1122
-3	6863	-3	965
-3	-309	-9	381
-4	1653	7	-357
-7	353	1	-847
-8	711	-9	-999
1	-213	-9	-843
-3	-342	-1	-429
3	-25	-21	185
-11	-4800	7	823
-3	-4334	3	1151
-15	6745	-9	980
-7	-345	-9	371
-8	1643	11	-367
-5	375	18	-855
-9	697	-13	-999
4	-203	-11	-851
-5	-349	16	-425
1	-48	-3	187
1	-4807	-7	805
-9	-4274	-3	1123
-8	6735	1	955
5	-351	-7	381
-10	1637	15	-367
3	389	11	-841
-7	693	-21	-983
5	-213	-9	-837
-9	-349	9	-423
-13	-53	-9	179
-3	-4685	-5	803
-3	-4187	-3	1133
5	6580	-5	962
-7	-325	-6	371
-7	1599	10	-353
3	397	12	-829
-8	684	-7	-975
5	-210	12	-829
-2	-355	7	-421
3	-58	1	165
5	-4755	-3	777
10	-4247	23	1084
3	6672	2	943
-5	-333	1	383
8	1641	7	-341
-1	377	9	-805
-5	703	-11	-969
3	-240	-7	-849
-1	-343	7	-433
-9	-30	5	164
-7	-4645	7	794
-11	-4193	9	1117
-6	6547	-9	950
-7	-345	6	379
-9	1627	3	-347
3	402	5	-831
-7	689	-15	-969
3	-217	6	-827
-1	-351	3	-413
-11	-50	-22	161
-2	-4703	-11	771
-7	-4187	9	1077
-11	6609	-7	927
1	-341	5	381
3	1627	5	-329
-1	402	-13	-799
-9	683	-5	-955
5	-227	-1	-831
-7	-341	9	-445
3	-76	-5	162
1	-4779	-1	771
-3	-4264	3	1095
11	6703	9	942
4	-349	-11	389
-9	1637	13	-341
1	390	-3	-805
-3	701	-9	-960
-9	-237	-7	-845
-11	-349	7	-439
-12	-71	-7	165
-5	-4751	-13	791
1	-4253	6	1122
-9	6669	-3	975
-1	-338	-11	389
-3	1641	9	-339
-13	383	-9	-828
-8	687	-13	-975
3	-219	1	-845
-9	-344	15	-433
-5	-71	-9	154
-7	-4725	11	783
-11	-4238	9	1104
-8	6669	11	966
-15	-353	-1	390
0	1639	13	-331
-1	402	16	-827
-9	701	-5	-961
-3	-212	4	-841
-13	-349	21	-439
-11	-55	-9	165
-8	-4779	-11	785
-15	-4251	1	1099
-4	6723	-1	961
-12	-366	-21	399
-12	1641	15	-337
-3	397	-5	-825
-15	701	-13	-973
-3	-219	-1	-849
2	-349	11	-439
-5	-66	-14	153
-10	-4845	-1	797
-7	-4336	12	1117
5	6819	-3	966
10	-356	-4	391
-9	1657	0	-329
1	411	3	-829
-2	708	5	-980
-7	-240	-1	-851
2	-353	13	-451
3	-57	-9	165
3	-4803	-5	805
-1	-4269	1	1136
1	6733	-3	985
-13	-355	-4	399
-7	1665	11	-353
5	395	-3	-841
-15	695	-13	-979
-16	-243	-5	-857
-17	-353	7	-435
6	-78	-1	159
-5	-4829	0	795
-9	-4292	-13	1119
-12	6753	-9	972
-15	-371	-1	388
-11	1655	11	-333
-12	399	10	-823
-17	707	-17	-979
4	-225	-6	-865
-11	-355	1	-459
-7	-69	-11	155
-10	-4854	-9	805
-5	-4275	-1	1139
-1	6809	-5	971
1	-395	7	387
-5	1668	9	-353
15	403	15	-843
-5	711	-11	-997
-5	-240	17	-857
2	-341	27	-449
3	-63	-6	151
-5	-4739	-5	797
-12	-4167	-1	1133
-2	6625	1	973
6	-375	13	399
-1	1630	7	-340
-5	413	9	-833
-14	690	-7	-979
-3	-243	6	-838
-14	-357	-9	-431
-9	-79	-13	171
-9	-4743	-15	785
-9	-4187	15	1102
-25	6627	1	945
5	-375	6	390
-9	1637	3	-321
-1	402	-3	-812
6	707	-9	-969
-10	-237	-1	-839
-7	-362	9	-447
13	-66	-6	151
7	-4733	0	781
-11	-4195	6	1096
6	6639	7	948
7	-374	-1	397
3	1647	-3	-331
7	411	14	-811
-5	701	-15	-967
10	-240	-1	-841
-5	-357	15	-439
3	-67	1	157
-14	-4739	3	775
-17	-4181	11	1095
6	6647	-9	949
-5	-387	-5	399
-7	1634	-1	-329
-9	408	-4	-825
-9	693	-21	-983
-17	-235	-6	-845
-12	-347	5	-439
-8	-84	-6	156
0	-4695	-9	781
-9	-4083	3	1103
-2	6548	-7	956
-3	-385	-19	395
-5	1622	8	-319
-5	423	5	-805
-7	706	-5	-956
3	-243	-13	-834
6	-339	9	-431
3	-87	-9	155
-5	-4715	-3	775
4	-4149	3	1092
-15	6617	13	943
-3	-369	11	382
0	1633	11	-327
-1	410	3	-789
-14	705	-13	-961
7	-256	5	-841
-5	-344	13	-451
10	-60	-7	150
-7	-4751	-11	776
-17	-4235	-9	1098
-9	6687	-11	959
-8	-389	-19	397
0	1651	1	-323
3	397	1	-813
-14	699	-11	-967
-1	-251	-4	-853
-5	-347	11	-441
-3	-76	-9	139
-7	-4745	-3	783
1	-4195	-1	1107
-1	6685	1	959
10	-387	1	399
-3	1656	13	-323
3	407	-3	-819
-7	699	0	-965
1	-243	-7	-851
-6	-341	19	-456
8	-101	-6	152
-12	-4827	1	783
-3	-4233	-1	1097
-9	6765	3	958
1	-403	-8	383
-7	1666	-2	-324
-15	423	-17	-819
-22	713	-9	-986
-9	-267	-17	-857
-12	-333	3	-463
3	-76	1	135
-7	-4811	-19	797
-1	-4246	-13	1131
-9	6734	11	975
-5	-393	-19	410
-10	1673	7	-341
-5	411	1	-828
-3	707	-9	-987
7	-253	-1	-853
0	-354	15	-441
1	-73	4	161
-5	-4846	-13	808
-9	-4283	-13	1115
-2	6789	7	978
3	-397	-17	401
-4	1681	1	-327
13	405	7	-827
-3	715	-15	-985
-9	-258	-4	-855
-9	-345	1	-455
3	-75	4	159
-11	-4810	3	799
-13	-4185	-13	1125
-10	6713	-5	975
-11	-409	-13	413
7	1651	1	-335
4	400	-8	-816
-5	713	-15	-985
1	-251	-4	-861
-9	-347	11	-432
-1	-76	4	159
3	-4777	-7	791
-1	-4183	-5	1111
-9	6679	-7	962
4	-387	1	401
-7	1655	21	-330
1	426	17	-807
-10	709	-3	-978
3	-253	1	-857
-5	-361	15	-443
10	-76	3	159
-3	-4702	1	783
-3	-4105	4	1106
-9	6545	-3	965
1	-379	-12	395
-9	1637	5	-329
-7	397	9	-812
-10	693	-3	-977
-9	-258	1	-841
-12	-349	5	-441
-9	-84	1	154
-3	-4667	1	765
-5	-4110	-1	1091
-1	6530	-5	931
-9	-408	-12	405
-7	1629	9	-321
-3	408	12	-797
-7	695	-19	-959
15	-261	11	-825
-9	-353	19	-437
3	-59	-3	155
-4	-4607	-9	766
5	-4001	-1	1081
8	6437	5	943
-3	-407	-7	395
-5	1603	19	-319
10	402	6	-789
1	689	-13	-939
1	-247	9	-823
5	-331	11	-425
-1	-86	-3	149
-17	-4481	1	751
-13	-3883	12	1071
1	6257	3	926
-9	-377	3	377
-9	1555	2	-308
-1	410	-3	-777
-14	670	1	-922
-7	-237	-5	-807
-5	-329	9	-413
-7	-79	-11	145
-5	-4527	9	733
-7	-3949	1	1033
-9	6313	7	893
-5	-374	-9	367
-1	1571	-1	-299
3	395	-6	-760
-16	669	-11	-909
10	-255	1	-803
3	-343	5	-433
4	-86	-1	148
-5	-4517	-3	749
-3	-3963	1	1059
-17	6297	7	912
-7	-399	3	380
-6	1571	9	-305
3	390	20	-765
2	673	-7	-929
-9	-240	7	-795
-13	-332	11	-417
-11	-94	-9	147
-9	-4577	-7	729
-5	-3976	-11	1035
-9	6397	7	903
3	-391	-9	369
-10	1592	9	-309
4	390	-6	-776
-7	681	-5	-927
-11	-243	1	-819
-3	-327	5	-424
-3	-81	-3	130
-11	-4533	5	761
-5	-3940	5	1063
-9	6325	-7	924
-1	-393	5	371
-9	1576	0	-307
-3	401	-6	-779
0	672	-13	-917
-5	-258	-1	-812
2	-337	1	-435
-3	-99	-13	129
-13	-4622	5	747
-11	-4015	-8	1047
5	6438	-8	907
-5	-382	-12	378
1	1613	3	-301
3	371	-1	-768
-10	695	-15	-939
1	-258	-7	-811
-12	-338	15	-437
-9	-84	-3	138
-13	-4647	-13	749
-3	-4057	24	1064
-2	6472	-1	929
-3	-423	3	373
-8	1629	9	-319
3	381	-3	-801
-11	689	-11	-949
-1	-264	-15	-817
-9	-337	2	-439
-1	-87	1	147
-1	-4653	-3	751
-9	-4037	-4	1067
-8	6503	-5	927
-11	-413	-1	377
-3	1620	7	-313
6	390	9	-800
-11	693	-15	-951
-3	-263	9	-829
-14	-327	3	-440
3	-89	-12	156
-6	-4655	-1	755
3	-3991	14	1077
0	6486	-7	926
1	-405	-7	391
-7	1623	18	-322
-1	413	1	-803
-13	703	-9	-945
3	-285	-3	-832
-11	-327	1	-437
-3	-95	-3	139
-3	-4656	-3	761
-11	-4020	-9	1072
-9	6485	3	923
-3	-409	-17	379
-12	1629	13	-321
-1	401	9	-792
-4	697	1	-959
-16	-283	3	-825
-5	-333	13	-437
-5	-93	-3	160
-7	-4679	-2	759
-3	-4061	-1	1071
-4	6539	3	927
-3	-418	-7	386
-1	1653	7	-305
-5	379	7	-795
-12	707	-7	-949
-3	-258	13	-833
-9	-328	13	-433
-5	-91	1	147
-2	-4635	15	754
-1	-3961	11	1087
2	6463	1	945
-5	-431	5	385
2	1624	11	-319
3	397	3	-793
-1	687	-7	-957
-1	-261	-7	-835
-4	-345	-3	-424
-8	-94	-6	135
-8	-4643	-1	757
-5	-3973	-5	1059
3	6482	3	930
-11	-409	-4	383
-17	1620	18	-305
-3	405	3	-795
-13	697	1	-947
-5	-287	11	-826
-5	-329	11	-441
-1	-99	-7	149
-2	-4651	-1	765
-7	-3981	11	1075
-5	6457	-2	929
-3	-415	-4	389
-1	1627	13	-319
-12	392	6	-795
-6	697	-9	-949
-5	-269	-5	-829
-3	-343	11	-435
1	-96	-5	141
-11	-4679	3	749
7	-4028	11	1060
-5	6502	-1	926
1	-446	-3	384
-3	1655	11	-307
-10	389	3	-785
-10	689	-7	-947
3	-285	-6	-817
-11	-339	9	-435
7	-105	-7	135
-9	-4720	-3	763
-12	-4023	-9	1065
-5	6589	5	933
1	-408	-7	383
1	1657	13	-331
11	389	17	-798
-5	687	-11	-947
-9	-264	3	-843
2	-335	19	-441
-1	-87	4	135
-3	-4773	-7	779
-5	-4076	-3	1093
-1	6626	3	950
1	-438	-6	397
1	1666	13	-329
-5	408	9	-805
-11	709	-1	-957
-5	-295	15	-851
-9	-341	15	-445
-3	-112	-11	143
-7	-4865	1	771
-9	-4167	11	1099
-1	6783	0	959
-5	-431	-7	412
-17	1711	9	-321
7	395	-6	-814
-11	733	-15	-981
-12	-287	5	-863
-23	-345	9	-459
-7	-95	1	149
-9	-4781	-25	802
5	-4102	5	1115
-9	6637	-5	986
-15	-462	-3	413
4	1693	9	-335
-1	392	16	-833
3	724	-9	-985
6	-273	-1	-851
-7	-335	2	-439
-3	-89	9	147
-4	-4786	-3	778
-1	-4047	9	1095
2	6637	3	951
-5	-445	-5	389
-5	1680	21	-325
4	408	9	-797
5	723	1	-963
-1	-285	19	-857
-10	-327	5	-442
5	-105	5	150
-2	-4685	-9	769
-5	-3971	16	1091
-10	6510	3	960
-3	-443	-17	403
-13	1650	-5	-323
-3	409	1	-807
-4	716	-17	-962
-9	-291	5	-831
-17	-329	-5	-435
-7	-112	-17	153
-7	-4741	-15	775
6	-4011	8	1067
-3	6567	-5	939
-3	-433	9	396
-6	1675	5	-303
-3	402	-9	-788
-11	719	-7	-961
3	-284	18	-829
-3	-346	7	-453
11	-81	-6	153
5	-4625	-3	781
3	-3945	-1	1099
7	6463	-1	942
-1	-436	1	397
4	1651	9	-311
5	411	3	-807
0	715	5	-955
10	-275	19	-843
-9	-341	18	-423
-7	-86	15	149
2	-4645	-1	753
-8	-3941	3	1065
-4	6443	1	927
-3	-453	-9	391
-5	1636	3	-305
-3	391	4	-783
-19	697	-19	-927
-13	-273	-9	-831
-22	-341	-1	-436
-18	-119	-9	138
-12	-4589	-15	761
-14	-3869	-15	1075
0	6381	-11	940
1	-433	-19	381
-11	1628	10	-302
-1	409	5	-789
-7	709	-9	-932
3	-284	1	-815
6	-321	21	-431
12	-94	12	145
7	-4557	7	747
10	-3853	18	1047
3	6339	18	917
3	-420	6	384
2	1627	13	-299
1	402	9	-779
-5	701	1	-925
-1	-271	5	-817
-2	-336	21	-441
1	-105	-15	142
-11	-4600	-3	743
-9	-3940	5	1041
-9	6395	-1	918
-10	-447	-13	382
-19	1631	-3	-297
-9	382	-11	-771
-23	689	-21	-933
-11	-285	8	-829
-11	-337	1	-435
-5	-91	-21	125
0	-4541	-5	749
-15	-3833	1	1061
-14	6309	-13	923
-3	-419	-23	395
-1	1618	17	-301
13	403	-4	-776
5	681	-3	-923
-1	-265	-11	-815
-4	-321	29	-426
15	-96	-4	132
1	-4499	5	733
-1	-3783	12	1027
-5	6243	11	912
4	-431	4	381
-11	1576	5	-289
-5	401	-3	-755
-16	685	-9	-917
-8	-300	1	-799
-13	-335	13	-441
-9	-112	-17	129
-2	-4556	-5	737
-1	-3847	-9	1035
-21	6305	-5	901
-7	-413	-3	369
-17	1615	3	-301
-10	381	5	-757
-13	693	-15	-927
-7	-293	7	-815
-17	-337	7	-431
4	-91	9	127
1	-4593	-2	736
-5	-3919	-1	1042
-14	6379	7	926
3	-441	3	383
-4	1631	19	-307
10	387	12	-767
7	685	15	-931
-3	-269	32	-817
-7	-326	9	-439
3	-91	3	129
-5	-4537	9	735
-11	-3839	-4	1063
-7	6297	9	919
-1	-439	-7	389
-12	1595	5	-303
3	391	5	-774
-7	675	5	-927
-17	-289	-4	-811
-11	-339	3	-429
-21	-107	3	135
-12	-4585	-13	727
-5	-3884	-9	1045
-21	6359	9	898
-9	-454	3	391
-13	1612	2	-292
-9	397	9	-749
-10	694	-5	-922
-11	-284	5	-802
-8	-319	23	-431
1	-99	1	137
-3	-4642	5	739
11	-3932	27	1062
-1	6424	0	935
-11	-439	7	385
-2	1635	3	-313
-11	377	19	-769
-2	699	-7	-939
-5	-297	3	-825
-3	-321	17	-441
-3	-115	-7	142
-17	-4595	1	757
-7	-3903	13	1077
-7	6369	-5	930
-8	-453	-1	397
-6	1629	-7	-313
-5	375	7	-775
-21	697	-11	-941
-5	-274	17	-819
-1	-335	13	-427
-9	-112	1	145
-7	-4601	-9	744
-7	-3883	-1	1053
-11	6361	5	919
3	-435	-1	393
-5	1617	13	-299
8	383	9	-754
-5	691	-1	-933
-11	-287	-7	-805
-5	-312	7	-420
-1	-103	5	150
-6	-4603	9	743
-12	-3858	-3	1053
-7	6355	5	918
-9	-451	-3	387
-13	1614	3	-294
3	393	-7	-773
-12	693	-7	-930
-3	-297	15	-819
-5	-321	13	-431
-1	-111	-17	137
1	-4602	-3	747
-11	-3912	-4	1049
-11	6386	5	935
-5	-433	-3	382
-8	1639	17	-291
3	375	9	-771
0	711	-1	-933
-5	-301	3	-827
-7	-336	9	-425
4	-109	-1	142
5	-4566	5	751
-3	-3879	7	1067
-12	6323	11	927
-1	-449	1	393
-15	1629	11	-297
-5	374	12	-781
-5	691	-15	-931
-3	-300	4	-808
-11	-331	8	-419
-5	-115	-1	131
-11	-4623	9	746
-13	-3909	-11	1039
-17	6427	1	917
-3	-446	-9	391
-15	1636	3	-289
-13	372	-13	-762
-5	697	-9	-919
-3	-299	-1	-825
-9	-327	5	-436
-7	-125	-9	138
-3	-4673	9	745
-3	-3939	-9	1057
-2	6477	1	938
3	-464	-15	391
3	1643	17	-289
3	410	-7	-783
-5	708	-13	-932
5	-303	-1	-822
-5	-339	13	-431
-1	-114	5	141
5	-4646	9	773
-13	-3933	4	1071
-19	6444	10	943
-5	-444	1	387
-13	1645	17	-305
-3	381	3	-783
-8	695	-15	-927
-5	-282	-7	-829
-7	-341	13	-433
6	-96	-15	148
-1	-4619	-18	764
-11	-3945	-7	1061
-9	6416	-5	933
-9	-446	-13	384
-8	1639	11	-301
-7	408	-5	-783
-17	699	1	-935
8	-289	-5	-821
-1	-337	9	-417
-1	-79	-9	145
0	-4581	11	761
-8	-3845	17	1061
0	6337	7	933
-3	-441	-9	381
-3	1616	11	-307
8	407	15	-786
-7	695	7	-941
-11	-295	3	-823
-18	-339	5	-431
11	-97	-9	139
-2	-4527	-7	739
-7	-3824	-1	1049
-2	6279	-3	912
-11	-431	-9	397
-7	1601	3	-308
-1	407	1	-765
-14	698	-19	-930
-9	-292	-1	-808
-11	-343	13	-431
1	-109	12	143
-2	-4520	-11	743
-5	-3827	3	1054
-3	6279	-7	923
-9	-419	-12	390
-1	1601	7	-295
-8	400	-4	-767
-3	695	-13	-929
-3	-281	1	-809
-5	-356	-1	-431
1	-91	-13	142
-5	-4579	-1	744
3	-3927	6	1053
2	6375	-1	917
1	-441	-1	383
-3	1615	1	-303
1	397	3	-767
-23	699	-3	-931
-7	-294	-1	-825
-15	-337	1	-427
-5	-89	11	145
-12	-4553	-9	754
-21	-3853	9	1061
-2	6339	-3	925
-10	-431	5	393
-9	1623	-1	-307
-9	405	1	-787
-13	695	-11	-937
-5	-277	1	-819
-16	-325	7	-423
-10	-102	-3	134
-5	-4633	-1	741
-10	-3927	1	1057
-7	6421	-3	918
6	-431	5	389
-11	1643	10	-306
-9	415	13	-769
-9	696	-17	-945
-11	-299	9	-833
2	-345	9	-447
10	-103	7	141
-5	-4600	-3	759
-3	-3909	13	1074
-15	6381	5	939
11	-436	-5	389
-14	1645	7	-313
-5	410	9	-789
-12	707	-9	-943
-1	-310	-13	-829
-7	-329	3	-433
8	-99	4	131
-5	-4515	-3	768
-3	-3881	9	1065
-8	6289	-9	930
-13	-446	-9	395
-5	1629	-1	-313
1	397	7	-777
-16	705	-11	-925
-15	-281	-1	-825
3	-333	7	-421
5	-103	-7	131
-9	-4573	-11	744
-14	-3885	5	1050
-4	6349	9	909
3	-421	1	381
3	1609	5	-295
10	405	-15	-768
-13	699	1	-925
-9	-289	-13	-829
-11	-325	7	-439
-8	-104	-13	126
-4	-4585	3	757
-7	-3903	3	1055
5	6363	-5	934
4	-415	-11	393
-7	1621	2	-294
7	401	-1	-789
5	700	-7	-927
-12	-297	4	-829
10	-349	9	-445
-7	-99	-3	137
3	-4613	-5	749
10	-3935	1	1054
-7	6420	2	937
-5	-409	-9	395
-10	1637	11	-287
-14	389	-17	-781
-4	723	-5	-937
-5	-295	1	-825
-7	-343	7	-441
4	-81	-1	129
-7	-4575	2	764
-11	-3927	3	1063
-5	6365	-5	950
-8	-427	-13	393
-9	1627	1	-307
-1	383	-11	-787
-23	697	-17	-945
-1	-295	1	-823
1	-326	15	-433
-1	-94	3	127
-11	-4629	-5	756
-8	-3943	-3	1055
2	6437	-7	929
-7	-413	-13	401
0	1624	5	-313
8	400	-1	-779
-11	699	-10	-945
3	-273	1	-829
-2	-335	15	-436
-1	-91	1	132
2	-4635	-1	759
-1	-3945	10	1067
-14	6431	5	934
1	-425	5	391
-3	1627	10	-315
-1	408	9	-799
-8	696	-7	-937
-9	-287	4	-841
-2	-337	5	-433
-5	-94	-1	145
-17	-4659	-3	749
8	-3968	7	1066
-11	6460	10	933
-5	-413	-15	401
-6	1641	9	-317
-1	400	6	-781
-4	703	-5	-955
-3	-292	-9	-833
-9	-341	11	-443
-1	-78	-3	152
-1	-4639	-11	759
-5	-4003	9	1093
-7	6458	15	944
3	-444	-6	401
-7	1643	11	-313
5	413	1	-787
-1	707	-19	-953
-9	-274	-15	-827
-11	-341	11	-439
-1	-85	-7	143
-11	-4683	3	766
-11	-3992	-4	1075
-1	6503	-1	929
-3	-441	5	389
0	1648	9	-317
-5	413	3	-791
-13	715	-11	-955
-1	-281	19	-825
-6	-341	1	-445
-1	-86	1	133
2	-4693	-7	761
-3	-3999	-5	1091
-9	6511	-5	938
-11	-431	13	391
-7	1649	1	-321
5	413	4	-793
0	711	-9	-963
-10	-297	12	-838
-2	-333	17	-441
3	-102	-7	149
-13	-4637	5	763
-7	-3973	6	1084
5	6452	3	949
-7	-433	-1	406
8	1657	11	-315
-1	379	12	-793
-11	733	-13	-955
-1	-287	1	-835
-3	-340	11	-435
17	-99	-1	152
-7	-4647	-7	752
-5	-4001	-11	1072
-7	6477	-3	932
-5	-438	11	397
-4	1661	7	-299
-7	400	-7	-787
-3	713	-5	-953
8	-303	-4	-837
-7	-337	0	-435
3	-81	5	135
-10	-4599	5	760
-7	-3914	7	1071
5	6375	-5	929
-7	-441	7	389
-13	1634	5	-321
-3	385	15	-784
-1	701	-3	-941
1	-292	-9	-825
-3	-329	7	-431
7	-109	1	144
-15	-4639	3	743
-9	-3969	-7	1055
-1	6444	3	922
-1	-426	-5	395
1	1644	-5	-303
-5	405	-3	-781
-2	721	-13	-935
3	-301	-6	-826
-2	-327	9	-445
3	-89	-13	149
-5	-4575	-5	759
3	-3917	13	1079
-13	6369	-5	943
-9	-436	-11	395
-1	1627	5	-297
-8	395	12	-786
-6	697	-15	-945
3	-294	7	-825
-9	-334	7	-433
6	-109	-17	133
-9	-4592	11	743
-9	-3953	1	1050
-5	6392	-1	929
-17	-436	9	391
4	1629	11	-285
-10	374	-1	-779
-7	705	-11	-935
4	-294	-3	-829
1	-349	3	-433
-3	-84	-19	129
-9	-4621	-1	758
-17	-3948	9	1063
4	6429	5	937
-3	-443	-7	395
-9	1637	19	-301
10	391	1	-788
-9	697	-5	-933
3	-289	-17	-835
-14	-329	-1	-438
-5	-95	1	141
1	-4611	7	757
-5	-3914	-1	1071
2	6401	7	934
4	-454	4	403
-11	1619	23	-300
-1	403	-9	-787
-11	703	-1	-941
-15	-301	-12	-823
-8	-341	15	-431
-12	-91	-11	137
-13	-4672	-1	749
-5	-3992	3	1057
-9	6480	-7	935
-7	-431	4	393
-18	1657	13	-291
-7	391	-1	-778
-11	709	-1	-937
7	-299	-7	-831
-1	-348	7	-451
1	-101	-5	148
-9	-4695	-1	773
-3	-4039	-1	1081
4	6514	-3	944
-11	-441	-9	403
-15	1657	3	-309
5	385	-3	-791
-3	705	-11	-947
-9	-279	17	-843
-9	-353	8	-445
-17	-94	1	131
-6	-4774	5	761
-8	-4065	9	1083
-4	6621	1	951
7	-446	-5	403
-10	1682	17	-313
8	391	3	-797
-5	721	-7	-965
-3	-293	9	-839
-3	-351	15	-465
1	-101	7	141
-8	-4765	3	775
-5	-4055	10	1107
0	6597	9	962
4	-436	6	409
-1	1675	-1	-321
-3	413	9	-811
1	723	-7	-978
-9	-297	6	-845
-2	-357	11	-453
1	-109	1	137
5	-4821	7	789
-3	-4101	7	1097
-9	6686	9	951
1	-443	-1	395
7	1703	15	-325
3	413	7	-813
6	733	-3	-979
-5	-307	5	-859
1	-355	-3	-469
-3	-79	-6	150
-11	-4751	1	785
-15	-4059	6	1115
-2	6596	-13	965
3	-462	-11	401
-6	1703	1	-323
3	402	1	-811
-15	731	-9	-983
3	-301	11	-847
3	-345	2	-459
-3	-91	5	153
3	-4750	-7	777
-11	-4012	17	1097
1	6587	-13	941
7	-469	7	411
-2	1682	11	-323
-1	403	6	-794
-13	731	-10	-969
-3	-299	7	-851
-8	-337	19	-462
-13	-99	9	138
6	-4793	-15	771
-7	-4053	3	1087
1	6635	5	952
3	-447	-7	407
-3	1693	11	-313
-3	407	9	-809
-12	733	-13	-980
-1	-309	11	-845
-1	-345	7	-455
5	-105	-9	141
-17	-4745	-9	783
-1	-4027	-11	1105
7	6587	-11	985
-7	-459	-12	408
-8	1693	7	-323
-7	382	1	-809
-17	723	-3	-975
-5	-319	10	-849
-15	-344	13	-439
6	-102	3	143
-5	-4715	2	786
-9	-4025	-7	1095
-12	6557	-1	958
-3	-467	-15	397
-8	1689	1	-311
1	411	-3	-801
-9	715	-15	-973
-9	-297	8	-847
-9	-335	3	-441
-1	-91	-12	141
-7	-4724	3	773
-7	-3984	-5	1093
-5	6545	-3	955
3	-459	-17	403
-11	1676	7	-313
-1	405	-5	-808
-5	719	-7	-963
1	-305	6	-839
-9	-349	9	-452
1	-95	-4	135
2	-4801	-7	769
-10	-4033	-5	1087
-12	6641	1	952
11	-465	-6	399
-15	1693	3	-301
-3	409	3	-803
-11	727	-7	-966
-5	-310	-1	-855
-7	-355	17	-455
-3	-103	-3	147
-10	-4680	-3	787
10	-3945	7	1105
3	6470	11	967
3	-449	7	401
-4	1661	9	-307
-9	395	-5	-809
-1	711	-7	-957
14	-310	1	-843
3	-360	13	-439
4	-107	-13	147
-11	-4749	10	763
-3	-4033	-12	1084
-11	6562	15	937
-11	-461	-7	389
-7	1687	3	-299
5	392	16	-791
-2	721	-7	-963
-3	-297	3	-849
-9	-365	15	-451
-1	-89	-3	133
-9	-4748	7	775
-5	-3984	-6	1101
1	6557	-5	953
-7	-451	-3	399
-17	1671	23	-329
-11	395	4	-814
1	713	-3	-973
3	-297	3	-839
-3	-349	9	-444
11	-104	-4	146
-5	-4749	-9	759
-7	-3989	1	1087
12	6571	5	946
1	-433	1	411
-7	1681	5	-323
-7	401	1	-791
-3	728	1	-974
-1	-307	4	-845
2	-353	7	-455
-9	-107	-9	135
2	-4749	-1	761
4	-3986	1	1093
-7	6561	13	955
5	-456	-11	408
-8	1683	9	-309
-1	387	9	-803
-20	713	-7	-979
5	-294	1	-837
3	-345	13	-443
8	-96	-17	150
-3	-4745	-5	780
-9	-4030	-6	1101
-14	6573	3	964
1	-477	-3	403
-2	1703	13	-319
-10	383	-3	-793
-14	722	-1	-965
-5	-287	-1	-851
-7	-339	2	-437
9	-102	-27	159
-6	-4798	7	761
-13	-4015	5	1105
-12	6631	-1	943
5	-469	5	403
-3	1686	7	-315
-5	391	15	-811
-7	727	-8	-973
-11	-315	-7	-855
0	-331	7	-451
3	-86	-1	151
-2	-4733	1	781
-10	-3958	20	1113
-2	6533	-7	958
-1	-477	-15	407
-1	1672	-1	-325
-11	391	1	-803
-5	735	-5	-964
-3	-299	19	-839
-12	-335	9	-435
3	-103	-11	161
-13	-4779	3	767
6	-4002	1	1085
-5	6609	-11	939
-9	-459	1	406
2	1701	5	-307
-5	367	1	-794
-5	743	-7	-969
-7	-315	7	-845
-17	-337	5	-445
6	-91	6	152
-11	-4791	-1	796
-1	-4053	6	1117
-4	6633	-7	966
-10	-477	3	409
-2	1709	-1	-323
3	364	7	-807
-19	734	1	-965
3	-299	25	-857
-13	-349	21	-455
-11	-99	9	159
-6	-4800	3	792
-1	-3981	-13	1099
-7	6631	3	969
-7	-473	-15	405
-14	1701	5	-331
13	382	-5	-816
-5	736	-15	-979
-1	-317	-5	-845
-18	-327	5	-441
-1	-115	-6	153
-13	-4829	1	787
3	-4041	12	1097
-5	6675	-3	960
-1	-467	-23	389
7	1709	-1	-314
5	387	9	-815
8	749	7	-973
-1	-311	9	-861
14	-337	11	-445
14	-101	1	161
3	-4797	15	793
3	-4007	1	1101
-5	6632	21	971
13	-455	-6	388
-9	1711	19	-321
-15	371	4	-829
4	747	1	-981
3	-318	16	-845
-13	-347	11	-439
-5	-125	-9	139
-5	-4867	3	783
-17	-4085	-7	1094
-9	6735	-3	953
-13	-492	-21	397
-12	1731	1	-317
-9	365	-13	-803
-12	751	-13	-979
-5	-319	3	-857
1	-347	13	-445
-11	-93	-13	153
-3	-4845	-9	803
-3	-4037	-5	1123
3	6705	1	983
7	-483	-3	411
-3	1727	9	-329
21	382	9	-823
1	747	11	-983
15	-303	15	-849
6	-345	19	-447
-7	-112	9	160
4	-4861	9	787
5	-4045	-1	1095
0	6727	9	970
3	-467	-1	395
-11	1713	16	-308
1	383	6	-829
-9	739	-7	-983
-1	-323	6	-863
-19	-349	11	-459
-5	-119	-11	149
-13	-4817	-9	789
-15	-4009	-1	1107
-23	6617	-13	979
-7	-464	-19	399
-18	1695	-7	-321
-9	374	-12	-824
-2	745	-1	-983
1	-313	7	-859
-5	-338	5	-439
-3	-101	1	156
1	-4802	10	783
-5	-4033	13	1110
8	6661	-1	970
3	-465	1	403
3	1719	9	-327
9	384	7	-813
3	738	7	-977
10	-297	17	-857
-5	-351	18	-453
3	-95	5	149
-7	-4823	7	786
-12	-3999	11	1105
-1	6673	1	961
-10	-469	5	401
-11	1699	3	-337
3	383	9	-817
-7	742	-21	-987
-13	-305	1	-857
-11	-339	7	-456
-5	-115	-6	144
-16	-4819	-9	787
-11	-4005	7	1115
-9	6645	-3	956
6	-462	-11	393
-7	1701	9	-315
-3	384	12	-803
-5	743	-19	-981
-1	-309	7	-849
-5	-341	19	-451
7	-103	12	163
11	-4857	13	787
6	-4058	23	1115
7	6720	8	957
-5	-453	-1	387
-9	1725	11	-327
-1	355	9	-809
0	759	-9	-987
1	-299	3	-851
3	-342	19	-461
8	-99	1	153
3	-4809	-9	800
7	-4020	1	1139
-3	6649	5	974
-3	-481	-22	391
-3	1713	7	-343
-9	361	-13	-823
-23	736	-19	-989
-24	-291	-3	-841
-11	-339	10	-437
-15	-91	-9	151
-10	-4806	-7	792
-5	-3981	-5	1111
-9	6629	-11	951
-5	-490	7	405
3	1711	9	-317
-9	367	19	-802
-7	747	-5	-975
3	-302	15	-845
1	-335	17	-433
11	-109	-11	154
3	-4725	7	783
3	-3907	24	1105
5	6509	5	956
11	-467	17	385
-5	1667	16	-313
3	369	9	-813
1	733	-3	-962
3	-321	12	-832
-12	-335	3	-429
-7	-111	-7	163
-9	-4753	-3	775
-17	-3953	-1	1082
-13	6555	-7	927
-13	-449	1	394
-3	1695	5	-303
-3	357	3	-799
-12	743	5	-967
-3	-302	5	-839
-5	-330	-1	-441
13	-101	-13	158
-3	-4751	1	779
-15	-3999	-5	1088
7	6570	5	956
-5	-471	-1	391
4	1695	19	-327
1	364	1	-799
-9	727	3	-959
4	-289	5	-849
5	-331	9	-439
-11	-102	12	151
0	-4750	-3	777
-5	-3949	-4	1093
1	6541	9	951
-1	-477	-9	399
5	1678	13	-315
6	381	-13	-813
-9	733	-1	-951
-11	-297	-7	-843
-14	-339	13	-444
-5	-99	-4	144
-10	-4713	3	777
-3	-3938	12	1079
0	6493	3	948
-9	-462	-11	379
-21	1667	13	-307
1	379	1	-807
-11	731	3	-957
-7	-305	5	-841
-11	-355	13	-429
5	-104	1	151
0	-4710	5	783
1	-3957	-1	1076
-7	6513	3	949
-9	-449	-3	386
-14	1667	19	-315
-8	366	1	-797
-4	731	-13	-961
-5	-294	-9	-843
0	-347	13	-439
-3	-112	-1	150
-9	-4757	0	774
-3	-4021	-13	1074
-12	6575	-1	947
-19	-480	-7	389
-1	1675	-3	-317
-7	373	1	-799
-9	733	-5	-957
-1	-315	11	-839
-15	-347	15	-437
-3	-81	-6	153
-3	-4757	-5	790
-8	-3974	1	1105
-5	6565	-3	955
3	-449	-5	393
2	1674	7	-317
-3	377	9	-805
-5	717	-15	-965
-3	-292	-13	-835
-15	-323	7	-437
-3	-109	-7	145
-11	-4809	1	777
-1	-4037	7	1097
-5	6630	5	948
-5	-435	-5	405
-7	1675	7	-321
-5	379	1	-799
-1	743	-17	-962
-9	-303	1	-853
-11	-347	5	-451
1	-111	5	157
0	-4857	-7	783
3	-4074	-6	1114
-1	6699	-1	961
3	-445	13	417
-1	1715	11	-335
-5	369	5	-822
4	731	-15	-985
-7	-297	-9	-847
-9	-352	15	-457
-3	-99	-1	158
-9	-4861	-3	798
-1	-4123	7	1123
-9	6731	-5	966
3	-477	9	411
-3	1721	5	-331
-7	369	10	-817
-21	730	-19	-987
-3	-307	-6	-845
-9	-345	3	-437
-5	-91	-3	151
6	-4843	-7	793
-1	-4056	7	1129
-9	6717	-1	961
1	-449	-5	407
1	1708	5	-325
3	377	6	-827
-3	745	-1	-997
-9	-300	1	-857
-12	-339	3	-454
-3	-99	1	164
1	-4877	-19	793
-10	-4049	7	1127
7	6731	-3	960
1	-461	-5	405
-3	1709	13	-329
-5	385	11	-811
-6	741	-11	-985
-3	-312	-6	-859
0	-355	3	-461
-3	-104	-11	147
-17	-4939	-3	801
4	-4163	15	1118
-13	6831	-9	977
-1	-447	-19	410
-3	1759	3	-327
7	372	1	-817
-4	755	3	-997
-5	-310	-3	-867
-3	-345	5	-459
10	-83	-7	167
-9	-4805	1	817
1	-4066	1	1125
3	6663	7	994
9	-491	-11	413
-2	1701	15	-339
-7	384	14	-833
-15	744	-15	-1001
-5	-287	-3	-847
-9	-349	7	-435
-5	-99	-17	169
-2	-4898	-9	796
-5	-4109	-6	1109
-15	6789	-7	961
-12	-483	-13	395
-3	1725	7	-327
-5	389	-3	-817
-3	748	-5	-979
-5	-303	-9	-861
-4	-349	7	-446
3	-105	3	149
2	-4797	-1	809
-3	-4051	-5	1139
7	6663	5	989
4	-459	6	399
-17	1701	9	-330
-5	410	6	-825
-9	737	-3	-986
-1	-300	11	-855
-5	-349	5	-433
5	-96	-9	169
2	-4795	1	789
-5	-4058	-9	1091
-9	6668	0	965
-3	-447	-19	397
-20	1705	15	-325
5	384	-1	-809
-15	753	1	-977
-9	-294	-13	-863
-7	-360	7	-455
6	-79	-21	150
-1	-4729	-9	795
-9	-4003	3	1102
0	6543	7	972
-5	-469	-12	397
-4	1683	17	-325
-3	395	3	-823
-3	727	3	-975
11	-289	-1	-851
-11	-349	-3	-433
-3	-84	-9	139
-5	-4809	5	769
-5	-4046	5	1091
-3	6647	1	947
-1	-456	-15	405
-2	1692	3	-309
-1	387	-1	-801
-9	729	-10	-965
-9	-289	7	-867
-11	-337	17	-458
-13	-85	-13	137
2	-4783	1	771
-7	-4039	12	1111
1	6624	11	962
4	-449	4	387
1	1673	0	-324
-5	391	1	-817
-7	732	-3	-971
-11	-303	-9	-847
-21	-349	1	-447
5	-107	-7	145
-3	-4803	-9	771
-17	-4084	-4	1094
7	6672	7	957
-3	-443	-19	394
-10	1699	17	-309
5	397	7	-803
-19	747	-13	-971
-5	-295	14	-849
-5	-351	11	-447
6	-78	-4	153
3	-4889	7	792
-9	-4192	-9	1115
-11	6789	-5	970
-8	-453	-4	405
-7	1731	11	-329
10	387	-5	-821
-2	757	-9	-989
4	-303	-8	-869
-9	-343	11	-469
-15	-83	-1	155
-5	-4843	-9	799
-12	-4087	-6	1137
0	6729	-11	987
-10	-447	-1	411
-9	1717	9	-339
6	379	3	-821
-11	740	3	-999
-3	-289	11	-851
-11	-339	11	-446
1	-91	-5	149
-11	-4829	-1	791
7	-4053	-5	1109
-5	6687	-9	970
1	-433	-6	405
3	1689	16	-321
-1	392	7	-815
-7	733	-19	-985
-9	-301	9	-863
-13	-349	1	-451
-1	-86	-1	155
0	-4865	-1	787
-3	-4130	5	1112
-5	6754	8	979
3	-441	-9	408
-8	1711	5	-325
-15	387	6	-818
-10	749	-9	-979
-1	-297	1	-859
-9	-349	5	-449
-9	-109	1	157
-9	-4913	-10	816
-3	-4219	-9	1135
4	6828	-3	986
-5	-473	5	407
-13	1739	-1	-329
-5	372	3	-831
-1	745	-3	-993
8	-289	9	-875
-5	-355	13	-445
-11	-78	-12	161
-7	-4859	-7	812
-5	-4109	-3	1149
4	6741	3	991
-1	-444	5	419
-9	1718	-3	-339
-3	389	-7	-849
-3	739	9	-989
-5	-287	1	-868
-15	-339	7	-446
-13	-95	-5	157
-3	-4861	9	801
-5	-4125	-15	1133
-3	6733	-3	985
4	-461	-11	401
-7	1711	7	-340
-9	395	-11	-821
-8	753	1	-974
-3	-307	1	-869
0	-357	11	-447
-1	-94	3	159
-3	-4881	3	805
-1	-4151	9	1122
-9	6795	-2	977
-5	-446	6	393
-9	1737	7	-333
-5	381	7	-830
-2	741	-13	-989
-1	-311	-3	-873
-13	-352	15	-449
8	-68	-1	156
-1	-4799	7	814
-15	-4102	5	1119
-3	6671	1	991
-5	-464	-9	405
-2	1699	1	-331
-9	405	5	-833
-13	728	-23	-989
8	-279	6	-851
-9	-359	8	-429
-3	-85	1	153
-1	-4825	-13	793
-5	-4089	1	1105
-4	6701	5	967
-1	-444	-5	401
2	1698	-1	-331
10	382	6	-811
-3	727	-5	-973
7	-283	-4	-857
-3	-355	9	-449
-1	-95	-1	147
-13	-4807	9	791
-7	-4063	-1	1117
-5	6661	7	966
1	-445	-17	395
-13	1681	-1	-332
-3	397	-5	-829
-11	735	-9	-988
-13	-299	-9	-855
-8	-353	9	-443
-7	-89	-9	145
2	-4839	-7	797
-15	-4117	5	1114
-1	6712	-3	959
1	-426	-3	392
0	1709	15	-323
3	384	-6	-810
-7	735	-17	-971
5	-292	3	-857
-16	-351	5	-455
6	-73	-9	156
3	-4741	-3	793
3	-4051	3	1117
2	6589	5	973
1	-459	-3	409
-8	1675	5	-331
-1	402	7	-817
-5	713	-11	-977
4	-276	17	-853
-5	-361	19	-437
-9	-94	-1	147
4	-4805	-11	767
-5	-4082	-3	1093
-13	6675	-9	951
-3	-451	-9	399
-14	1679	-5	-321
4	385	-6	-810
-5	729	-5	-965
1	-282	1	-863
-9	-343	11	-458
3	-89	-12	151
-4	-4869	-3	781
-14	-4139	-13	1111
-9	6761	-3	971
8	-449	-11	405
7	1709	10	-327
-5	405	6	-821
-7	725	-5	-992
9	-299	4	-855
0	-359	11	-457
5	-85	-5	151
-5	-4831	-11	801
-13	-4123	1	1130
-9	6723	0	985
1	-443	-7	419
-9	1715	19	-341
7	389	13	-835
-4	755	-5	-991
3	-294	14	-859
-5	-362	19	-443
6	-83	-9	151
-15	-4919	10	789
-13	-4231	1	1125
-7	6817	5	975
-13	-467	5	411
-7	1725	-1	-323
-7	397	-9	-833
-5	740	-15	-995
-1	-313	-7	-871
-19	-375	5	-467
-9	-101	-19	153
-11	-4888	-13	817
-21	-4157	-5	1145
9	6779	-15	993
-7	-463	-9	407
-16	1723	13	-339
8	397	18	-835
-5	742	-9	-1001
-5	-292	-3	-868
-7	-351	15	-445
-5	-81	-3	161
-1	-4907	-3	799
14	-4179	14	1137
0	6835	5	991
11	-449	1	397
1	1735	13	-322
3	405	9	-837
-8	755	9	-989
-1	-293	9	-869
-13	-363	11	-453
3	-86	3	165
-3	-4859	-3	805
-1	-4153	7	1143
-7	6731	-7	983
-9	-443	-5	408
-22	1711	-5	-339
-12	391	9	-837
-8	735	-11	-997
-16	-287	-17	-879
-15	-355	5	-441
-1	-79	-15	165
-17	-4849	-10	799
-11	-4187	-7	1125
-15	6745	-11	978
-9	-456	-9	401
2	1717	11	-317
-5	403	-5	-823
-3	751	-27	-981
-1	-287	-4	-865
-11	-359	3	-449
7	-83	7	155
6	-4807	7	799
5	-4081	11	1125
6	6665	9	981
-3	-449	12	407
-14	1696	19	-327
-3	395	-3	-831
-5	719	-1	-989
-7	-297	1	-853
-6	-357	17	-447
-5	-91	1	166
-21	-4877	-11	791
-14	-4169	-1	1117
-17	6757	-5	954
-11	-433	-15	403
-11	1703	5	-328
-9	410	-12	-821
-18	737	-11	-984
-15	-285	-3	-863
-12	-359	1	-453
-9	-81	-21	155
-9	-4925	-13	805
-9	-4228	-11	1122
-13	6847	-7	997
5	-429	-5	410
-7	1739	3	-327
-5	400	5	-824
0	745	-5	-991
1	-305	12	-867
-2	-362	21	-463
-1	-65	8	151
-7	-4853	11	806
11	-4183	15	1161
-4	6747	1	986
-5	-457	-1	421
-7	1717	5	-341
-10	387	5	-827
-15	738	-11	-1009
-3	-276	8	-857
-23	-361	-1	-445
-17	-84	-7	161
-10	-4864	-3	795
-7	-4125	-3	1119
-4	6735	-7	979
-9	-441	-23	407
-16	1706	1	-339
-7	395	-11	-827
-13	733	-9	-989
-1	-277	4	-870
-15	-353	13	-459
5	-79	-9	166
-14	-4759	-3	791
1	-4077	-1	1125
1	6617	5	975
6	-423	-4	405
-5	1683	3	-332
-1	413	6	-821
-5	723	-1	-994
1	-289	1	-845
4	-345	11	-447
-3	-93	-7	147
-9	-4795	3	793
10	-4118	5	1107
-13	6685	0	955
-5	-436	11	394
-12	1699	7	-329
-8	402	-1	-814
-25	725	-7	-979
-11	-300	1	-861
-9	-355	-3	-457
-3	-85	-17	160
-13	-4750	-7	799
-11	-4119	-11	1114
-11	6617	-9	968
1	-446	-17	397
-7	1683	5	-325
-3	390	-5	-821
-25	721	-11	-969
4	-284	15	-859
-15	-345	3	-431
9	-87	-9	153
5	-4841	-7	794
-1	-4159	5	1103
1	6743	11	955
-1	-445	-7	403
-2	1699	15	-319
-3	383	13	-821
-5	729	-9	-967
-7	-294	9	-857
4	-339	7	-451
-1	-89	6	151
-4	-4859	1	797
-1	-4174	7	1125
-5	6755	3	975
-1	-449	-9	409
-9	1699	7	-320
-11	405	-17	-819
-20	731	-13	-990
-13	-295	-5	-861
-15	-369	1	-453
3	-87	-15	149
-5	-4871	11	797
1	-4190	11	1118
-9	6779	7	985
-3	-437	-3	401
-9	1723	9	-315
-14	401	-6	-843
-11	739	7	-991
7	-299	3	-869
-5	-345	7	-447
3	-67	-1	166
-11	-4893	-5	812
-11	-4215	9	1129
-4	6815	-7	991
1	-471	-11	407
-4	1721	15	-335
3	402	-1	-827
2	743	-9	-993
6	-276	-4	-873
-13	-359	7	-457
-3	-89	-9	163
-8	-4871	-1	803
-7	-4177	12	1135
-8	6797	-3	989
-5	-454	10	407
-1	1717	11	-325
-9	381	-5	-829
-13	735	-1	-997
1	-281	9	-870
-11	-349	13	-460
3	-89	6	162
1	-4929	5	793
-3	-4199	3	1135
-10	6841	7	973
6	-446	-1	409
-13	1721	10	-331
-3	420	12	-829
-7	743	-3	-1000
-5	-297	13	-879
-3	-365	21	-471
1	-89	10	157
3	-4867	-1	805
-5	-4151	4	1141
-3	6751	-3	991
-13	-441	-3	407
-2	1707	7	-333
1	400	17	-839
-8	733	-1	-995
-10	-301	-5	-855
-21	-357	5	-455
3	-91	-1	157
-7	-4866	-3	785
-1	-4191	21	1127
-7	6781	3	969
1	-445	11	409
-7	1731	1	-325
-12	392	-5	-829
-9	732	11	-987
8	-281	4	-873
3	-369	23	-463
-3	-83	-3	155
-10	-4830	-13	793
-13	-4105	9	1133
5	6711	-1	971
-3	-435	-7	409
9	1697	17	-339
-3	397	6	-833
1	715	-13	-989
-3	-275	6	-872
-5	-357	11	-461
1	-86	-9	151
-1	-4857	-7	787
-13	-4135	-1	1111
-16	6757	-9	964
3	-459	-7	399
-9	1699	-3	-337
-11	423	-1	-811
-8	733	-9	-992
-9	-289	9	-863
0	-353	3	-453
-9	-85	3	145
3	-4849	-9	799
6	-4171	1	1127
1	6749	-7	975
-1	-433	6	402
-3	1723	-1	-329
-7	410	19	-830
-3	741	-1	-989
-3	-289	3	-863
-5	-365	1	-457
-13	-101	-13	150
-7	-4869	8	791
-11	-4197	7	1121
-7	6773	3	978
-5	-457	-11	411
-4	1723	11	-337
-1	413	-3	-823
-9	739	-9	-995
-9	-279	11	-865
-9	-359	15	-455
-11	-86	-3	151
0	-4915	5	790
1	-4218	-5	1121
-7	6839	1	977
-3	-472	-1	401
-7	1720	11	-339
1	401	-9	-831
-11	746	-18	-999
-3	-285	-4	-877
-4	-351	7	-468
-7	-96	1	155
-2	-4895	-5	799
-5	-4179	7	1133
-9	6799	5	993
-1	-444	-21	405
5	1719	7	-320
-9	413	7	-841
-9	741	-7	-1000
-3	-273	-3	-871
-4	-355	3	-459
3	-89	-9	143
-2	-4977	7	803
3	-4301	4	1118
1	6932	5	983
-1	-435	-5	415
-9	1743	3	-325
-7	427	7	-837
-17	753	-3	-1009
-3	-303	-11	-899
0	-372	11	-465
-1	-89	-13	144
-11	-4933	7	817
-11	-4313	-6	1155
-7	6918	-1	1000
-15	-457	11	411
-2	1757	9	-335
-1	423	3	-849
-5	740	3	-1013
3	-289	-7	-885
-9	-375	10	-457
-3	-77	1	139
1	-4937	-1	818
-1	-4262	7	1133
-9	6887	3	999
-1	-451	10	417
-3	1733	13	-339
-5	411	11	-839
-11	738	10	-1005
-9	-273	3	-890
-9	-359	11	-457
-5	-86	-3	152
-10	-4933	-3	805
1	-4229	-1	1139
1	6855	-1	989
4	-438	-17	407
-21	1721	16	-328
-1	423	-3	-845
-10	733	-5	-995
-3	-289	-6	-865
-13	-373	7	-461
5	-93	-7	149
-14	-5007	-5	809
-3	-4334	-1	1133
-3	6960	10	991
-3	-437	6	398
-7	1755	11	-341
-7	423	-9	-849
-5	747	-7	-1013
-12	-279	3	-899
3	-380	-1	-481
6	-84	-13	156
-5	-4967	-9	819
-3	-4331	1	1161
-11	6943	-1	1002
-1	-455	-4	423
-5	1735	3	-343
-5	428	-1	-857
-17	738	-9	-1025
-7	-281	-1	-889
-7	-377	5	-477
-3	-78	6	157
-3	-4875	5	809
-10	-4195	9	1155
-15	6797	-9	1001
-5	-447	-21	415
-5	1723	7	-349
11	443	1	-833
-11	733	-17	-1001
1	-269	5	-871
-5	-363	11	-460
3	-89	-14	153
-2	-4903	-9	803
-1	-4213	-9	1125
-3	6829	-9	975
-5	-436	11	413
-15	1713	3	-325
-11	429	-1	-815
-11	749	-17	-1006
-13	-282	14	-877
1	-379	7	-463
-3	-94	3	157
-11	-4873	-9	801
-7	-4203	-1	1141
-11	6781	-5	993
-9	-419	-13	414
-6	1721	11	-331
-10	413	6	-836
-7	739	-7	-1011
7	-275	1	-873
-5	-361	19	-459
-1	-73	-5	155
-7	-4818	-11	800
-3	-4193	5	1131
4	6715	-5	979
-9	-444	-1	409
-10	1705	9	-337
-1	418	12	-819
-2	721	-7	-995
6	-276	9	-863
3	-373	2	-459
5	-76	-1	159
0	-4837	-3	794
-9	-4184	-9	1121
6	6763	1	963
1	-447	-3	409
-1	1695	9	-325
-5	417	9	-819
-13	723	-16	-993
-5	-281	9	-876
-5	-359	11	-447
-5	-104	6	141
-1	-4897	-3	789
-10	-4259	-1	1133
-12	6843	-3	977
-1	-431	-1	409
-7	1721	-1	-331
-5	421	7	-835
-11	737	-5	-997
-7	-287	19	-875
-2	-353	5	-457
1	-75	3	149
-3	-4799	-9	809
-1	-4174	-5	1138
-7	6705	2	979
11	-429	11	421
-2	1701	13	-329
-5	402	11	-827
-12	725	1	-991
7	-269	-11	-849
-11	-373	13	-437
4	-86	-6	147
-11	-4863	-9	783
7	-4277	7	1104
-13	6795	1	980
-9	-433	-3	403
-4	1707	15	-305
3	415	1	-813
-17	733	-15	-989
1	-284	4	-877
-9	-361	5	-455
-7	-77	-15	137
-16	-4825	-5	806
-7	-4197	-11	1135
-4	6743	1	991
-7	-427	-17	407
-9	1687	19	-325
-7	433	-21	-831
-15	711	-16	-981
1	-267	-9	-865
-9	-357	9	-445
1	-71	-19	148
-3	-4793	-3	805
5	-4173	-1	1119
3	6711	1	975
1	-405	9	403
-1	1677	10	-312
9	433	3	-807
-5	730	-13	-984
3	-261	1	-861
-3	-353	27	-453
12	-57	5	153
-2	-4751	-3	791
13	-4159	15	1119
-3	6660	-3	967
-3	-391	-1	396
-16	1677	15	-319
-7	415	9	-811
-13	723	-1	-969
-12	-283	5	-879
-19	-375	5	-455
-17	-71	1	144
-23	-4791	-13	775
-9	-4229	-17	1095
-22	6697	-11	964
-15	-426	-12	409
-17	1681	3	-313
-7	431	-1	-805
-13	705	-17	-977
-11	-253	1	-867
-1	-357	-9	-451
1	-59	-4	139
0	-4765	-1	790
1	-4182	9	1113
5	6701	17	977
7	-413	16	405
13	1666	19	-329
11	433	20	-806
9	711	-3	-981
7	-239	42	-855
-7	-375	27	-447
13	-53	24	146
7	-4717	1	771
7	-4133	16	1125
-5	6598	5	968
-13	-403	5	411
-11	1640	13	-318
-3	433	6	-815
-10	695	-15	-970
-13	-261	-3	-857
-20	-371	-5	-451
-19	-73	-15	147
-19	-4723	-19	765
-20	-4145	-23	1098
-21	6589	-19	949
-11	-400	-17	403
-14	1653	-1	-321
-23	428	-6	-798
-12	705	-19	-973
-10	-251	-5	-847
-12	-378	5	-449
6	-59	-3	145
-1	-4731	-11	765
1	-4182	9	1108
12	6651	5	969
9	-415	17	405
11	1677	19	-315
7	427	7	-795
-7	717	9	-979
13	-240	11	-849
-11	-367	7	-457
1	-61	-4	151
-8	-4734	-3	763
-8	-4127	-6	1105
-3	6609	3	963
-9	-419	-1	407
-23	1656	-3	-323
-26	420	8	-801
-15	703	-5	-969
-19	-271	-13	-843
-16	-353	-11	-458
-23	-93	-7	154
-9	-4777	-11	769
-19	-4166	-13	1103
-3	6687	-5	946
-1	-401	-5	403
-9	1672	10	-319
-7	433	-1	-799
-9	712	-1	-972
3	-263	14	-851
-1	-369	15	-457
24	-75	-1	141
-1	-4698	15	777
8	-4128	32	1112
-1	6613	7	975
5	-399	4	401
-6	1659	19	-313
-1	413	19	-814
-6	697	-5	-965
-1	-271	-3	-853
-2	-361	5	-453
-5	-78	6	149
-13	-4775	-11	767
-15	-4229	1	1091
-17	6697	-11	946
-27	-421	-19	403
-27	1679	1	-313
-17	417	-1	-815
-17	717	-13	-979
-11	-255	-11	-857
-5	-363	3	-453
-1	-73	-12	139
-10	-4734	-7	796
-9	-4129	-1	1113
-3	6623	-7	971
1	-410	-17	399
-1	1659	11	-317
-3	421	-5	-821
1	707	-7	-977
13	-257	-3	-855
4	-357	27	-452
-1	-85	-9	135
-2	-4787	-3	775
-7	-4173	22	1095
-5	6725	9	962
-5	-428	5	407
7	1677	11	-318
5	428	-1	-801
-22	728	1	-967
-5	-277	-1	-857
-10	-369	5	-451
-7	-71	-11	137
-10	-4706	-5	787
-7	-4120	-7	1109
-9	6591	0	981
-3	-397	-9	394
-9	1651	3	-311
-17	413	-4	-824
-11	713	-13	-969
-3	-255	-7	-859
-12	-368	15	-435
8	-91	-8	147
-1	-4758	-2	782
-3	-4223	-6	1095
-9	6679	-1	957
11	-418	-12	397
-12	1673	17	-295
3	419	5	-805
1	711	3	-967
1	-269	1	-861
-1	-369	-3	-449
3	-59	-13	145
-14	-4687	7	781
-8	-4092	3	1111
-8	6561	-9	963
-17	-413	-3	395
-5	1642	5	-309
-5	408	18	-819
-7	693	-13	-979
-3	-251	-15	-841
-5	-339	1	-437
-5	-63	-17	147
-7	-4641	-1	763
-3	-4037	10	1093
-12	6459	-1	954
1	-401	7	401
-3	1620	-3	-311
3	415	-3	-793
-4	680	-13	-949
3	-261	-1	-843
-4	-355	19	-439
-7	-84	-11	153
1	-4654	-3	763
4	-4065	11	1068
3	6505	-5	921
-3	-393	-7	393
3	1631	7	-293
-10	415	11	-788
-12	699	-17	-951
-14	-253	-15	-833
-7	-363	9	-461
4	-73	-11	144
-11	-4657	-8	757
-11	-4105	-9	1085
-5	6511	5	949
-7	-409	-13	405
-11	1635	3	-319
1	420	-7	-795
-9	703	-17	-957
-7	-247	13	-825
1	-365	2	-435
3	-83	-1	161
2	-4677	-3	756
-1	-4063	1	1079
-4	6535	3	937
-3	-423	-5	403
-14	1637	13	-317
10	431	21	-784
-11	689	1	-953
-1	-259	9	-837
-3	-361	7	-452
-1	-79	7	139
-5	-4601	-5	763
-17	-3977	1	1093
-16	6437	-1	932
-9	-397	6	419
-9	1614	-1	-307
-1	421	11	-777
-9	686	-3	-946
-17	-274	-1	-819
-4	-349	1	-427
-11	-84	-1	141
3	-4657	-3	761
4	-4059	8	1062
-1	6505	-7	937
-3	-395	6	398
0	1635	-3	-303
9	415	-1	-779
-3	711	-9	-943
5	-259	3	-833
-9	-348	7	-441
15	-77	-13	139
3	-4691	7	765
5	-4115	6	1078
-11	6560	5	936
-16	-419	-13	395
-5	1659	11	-313
-3	411	-1	-787
0	693	-11	-949
3	-269	3	-837
-9	-359	5	-449
-3	-84	1	145
-7	-4722	-7	786
-9	-4091	-4	1093
-10	6573	1	949
-7	-408	-11	401
-3	1655	5	-309
-3	392	13	-792
-13	695	-13	-953
-1	-271	3	-837
1	-337	7	-435
1	-87	-13	129
-4	-4707	-5	779
-10	-4071	1	1091
-7	6556	5	956
6	-395	5	405
-5	1655	8	-313
-9	415	-5	-797
-11	717	-11	-954
-3	-269	15	-839
1	-339	7	-437
5	-76	-11	149
-1	-4603	-5	767
-15	-4013	-3	1077
-1	6445	-5	957
-7	-399	-3	411
3	1617	11	-307
-5	390	1	-799
-11	695	-3	-945
-3	-265	-3	-833
-9	-336	15	-427
-7	-81	-5	143
-3	-4661	-8	763
-3	-4049	-1	1065
-6	6502	-1	930
-17	-429	-12	391
-8	1639	13	-303
-5	383	5	-777
-9	693	1	-939
-7	-259	-1	-833
-7	-351	8	-431
9	-75	-13	137
-1	-4577	3	779
-5	-3945	9	1075
-4	6401	-9	945
1	-405	-3	381
-10	1610	17	-311
-3	392	-13	-800
-11	695	1	-927
-7	-259	-9	-827
-10	-345	23	-425
-1	-89	4	152
-13	-4649	-3	761
-3	-4025	-1	1055
-9	6491	-13	926
6	-420	-13	383
-11	1634	7	-295
3	402	6	-785
-17	695	-3	-940
-3	-256	-7	-837
-3	-355	7	-443
-3	-75	-9	135
-9	-4613	7	775
-1	-3987	1	1077
-9	6412	-3	935
11	-393	-12	398
-14	1625	9	-297
-8	405	7	-783
-11	695	-17	-947
-5	-251	3	-823
-13	-347	19	-423
4	-77	13	153
-11	-4633	13	751
-9	-4037	17	1073
-17	6467	-1	925
1	-425	-7	391
-8	1637	11	-309
-5	392	-1	-783
-1	703	1	-943
6	-253	9	-829
-1	-347	21	-441
-11	-77	1	137
-2	-4545	-1	768
-5	-3911	-1	1081
-11	6349	9	933
-3	-418	-9	391
-11	1605	5	-311
-1	392	9	-787
-1	691	-11	-937
-3	-253	1	-803
-19	-335	15	-431
3	-83	-7	143
2	-4515	7	743
-7	-3881	3	1059
3	6291	-11	912
-5	-411	-6	379
3	1589	7	-295
-3	395	-1	-775
-6	691	-17	-929
-9	-276	6	-817
1	-335	5	-433
-3	-75	-9	141
-9	-4539	-3	729
-7	-3901	-3	1041
-15	6307	-11	909
-11	-400	-11	383
-12	1601	9	-299
-7	384	-7	-764
-7	679	-7	-929
-3	-271	-5	-809
-5	-344	11	-433
-3	-68	13	134
-1	-4500	-10	743
-9	-3889	12	1050
-7	6273	5	921
-8	-417	-6	386
-2	1587	17	-299
7	373	1	-779
-3	687	-7	-929
1	-274	-7	-804
-11	-345	5	-427
1	-87	6	137
-9	-4579	-7	733
-15	-3899	-11	1039
-11	6365	-3	903
-10	-405	-5	389
-11	1611	11	-309
-7	382	1	-762
-11	683	0	-911
-5	-255	1	-807
-3	-317	9	-429
-7	-91	1	130
-4	-4565	-3	739
-14	-3920	10	1063
-1	6371	-5	920
-1	-405	-13	387
-7	1617	18	-307
7	405	12	-779
-11	694	-7	-919
-11	-285	-6	-814
0	-327	17	-433
-3	-94	3	143
-9	-4603	-5	751
6	-3963	13	1051
-9	6431	11	931
-11	-409	3	383
-20	1623	9	-297
-8	377	9	-770
5	703	-7	-939
12	-289	-5	-823
-3	-333	13	-443
-5	-83	-15	132
-5	-4545	-9	751
5	-3922	19	1065
-5	6349	5	930
-9	-445	9	377
-10	1615	7	-311
-10	384	-1	-785
-9	691	-5	-937
6	-266	4	-821
1	-329	17	-423
-7	-84	1	127
-3	-4561	3	752
-1	-3903	6	1048
-2	6359	-13	911
-7	-428	-11	373
-5	1608	13	-299
-1	383	-9	-779
-1	699	-16	-933
1	-281	5	-817
-3	-339	7	-413
1	-96	-12	127
-12	-4571	-3	745
5	-3894	12	1047
3	6357	7	920
4	-418	-7	375
-15	1605	2	-298
-9	395	1	-775
-20	695	-1	-930
-1	-277	-9	-826
-12	-327	5	-433
3	-75	-7	133
1	-4524	3	751
-9	-3869	-3	1051
-1	6299	8	923
-7	-420	-11	369
-11	1601	9	-297
1	390	4	-771
5	685	-9	-915
1	-255	5	-809
-10	-333	19	-417
8	-99	-25	140
-9	-4635	10	741
-11	-4003	-9	1039
-5	6473	9	909
-13	-428	-9	375
-12	1633	13	-299
-7	384	-7	-763
-15	691	-7	-927
-3	-274	-13	-823
-7	-341	21	-435
-13	-81	-1	133
0	-4591	-1	763
-17	-3909	-4	1073
3	6377	-9	935
-3	-419	-11	385
-7	1619	21	-305
3	397	13	-788
-3	693	-5	-939
-3	-265	-5	-813
-12	-335	9	-427
13	-94	-13	142
4	-4611	3	737
-5	-3938	7	1057
-9	6403	5	928
-5	-421	6	391
-9	1617	17	-299
-1	402	11	-781
-6	696	-5	-934
7	-271	-1	-823
-11	-349	5	-445
5	-95	-13	147
7	-4627	-3	757
-15	-3932	-6	1071
-7	6414	1	921
-5	-411	-3	384
-11	1633	9	-305
-3	383	14	-774
-9	709	-11	-939
-5	-265	7	-815
-15	-334	15	-431
11	-95	9	148
-1	-4723	-3	741
-11	-4065	17	1064
-1	6574	-5	924
1	-441	11	397
-6	1677	9	-309
-7	379	1	-781
-2	715	-5	-947
1	-269	19	-841
-7	-345	3	-451
-5	-73	9	149
-1	-4679	-7	769
-3	-3951	-7	1105
-10	6477	-11	947
-1	-436	-1	387
-13	1639	1	-327
-7	369	4	-798
-15	691	-7	-957
-9	-271	-1	-821
-11	-339	3	-428
-3	-102	11	154
1	-4755	-11	761
-7	-4059	16	1067
-10	6588	1	924
-3	-419	-1	399
-3	1681	0	-311
1	395	-4	-779
-11	716	-9	-949
-5	-284	5	-834
-3	-331	5	-453
5	-104	-1	147
-1	-4751	-3	781
-7	-4064	-15	1103
5	6617	3	949
3	-415	-4	394
-6	1679	1	-313
1	390	1	-811
-11	725	-3	-959
-7	-302	-9	-833
-15	-336	11	-447
1	-91	-17	147
-7	-4731	-9	776
-5	-4063	17	1094
-1	6591	-9	953
-1	-444	1	390
-7	1685	-1	-323
-1	389	1	-799
-17	709	-15	-967
8	-275	-6	-839
-3	-339	9	-435
3	-91	-13	155
4	-4760	-9	777
3	-4031	1	1089
-4	6597	1	937
-11	-446	-5	393
-9	1677	13	-319
-5	389	19	-804
-5	725	-10	-951
-1	-285	-6	-839
3	-331	11	-441
-1	-103	-7	150
-8	-4769	-11	777
-10	-4020	7	1087
-17	6610	-1	954
1	-438	-15	387
-1	1671	13	-316
-3	389	-5	-811
-14	724	-7	-955
3	-307	1	-843
0	-331	1	-437
-1	-125	-9	147
-5	-4831	1	785
-3	-4107	1	1096
-3	6712	2	957
-3	-429	-11	383
2	1707	5	-309
1	381	9	-805
-1	731	-5	-961
-1	-287	-1	-847
-7	-331	21	-441
4	-99	-7	152
-1	-4745	-3	803
-5	-4061	1	1112
-4	6586	7	982
-1	-457	-17	391
4	1679	15	-323
-3	382	7	-827
-11	725	-9	-965
4	-279	8	-849
-7	-343	10	-423
3	-94	-1	157
-13	-4776	5	783
-3	-4039	-6	1089
-5	6629	11	943
3	-439	-9	393
0	1682	1	-313
-1	397	-1	-813
-15	725	-11	-951
-5	-279	-9	-845
-12	-337	21	-432
-1	-102	1	156
2	-4801	3	789
-7	-4079	16	1103
2	6669	-7	958
6	-454	-9	393
1	1681	15	-324
5	405	4	-811
-10	721	-7	-967
13	-294	-6	-849
-4	-329	11	-447
-1	-91	-1	153
-5	-4757	-3	793
4	-4038	-4	1113
-1	6607	8	953
-9	-423	-12	388
1	1691	5	-307
3	375	4	-816
-5	725	-1	-963
-5	-287	-7	-847
2	-328	13	-441
1	-104	1	156
-7	-4788	-8	773
-7	-4084	3	1096
-5	6635	5	948
-1	-451	-9	395
-10	1691	5	-313
-5	379	7	-799
-13	711	-11	-963
6	-279	-6	-849
-7	-341	7	-447
1	-81	-4	153
-7	-4695	-1	789
-8	-3961	1	1101
-8	6503	5	953
-1	-433	3	413
-1	1655	5	-325
-1	402	13	-811
-3	703	-3	-963
-3	-271	-9	-823
-7	-335	3	-421
5	-111	-6	158
-13	-4773	3	767
-1	-4053	-5	1079
-10	6608	-7	938
-11	-441	8	387
-13	1670	10	-308
-5	392	-4	-787
-8	718	-9	-967
1	-294	-1	-834
-20	-341	7	-447
3	-109	5	161
-12	-4729	-5	781
6	-3987	-3	1106
-11	6551	-9	949
-11	-427	-11	398
-7	1673	15	-327
-1	373	1	-802
-6	715	-17	-959
-7	-277	1	-833
3	-343	9	-437
-9	-99	9	150
-1	-4790	-3	768
-1	-4107	14	1093
-3	6655	-1	947
-5	-457	-6	403
-6	1691	1	-309
-16	365	12	-789
-3	731	-17	-963
4	-289	-6	-847
-17	-335	25	-453
-5	-83	5	155
-12	-4733	-9	792
-5	-3989	5	1119
-13	6557	-11	959
1	-451	-3	391
-3	1656	3	-327
-1	377	1	-808
-11	715	-11	-969
-3	-281	1	-833
-21	-315	7	-442
-17	-113	-1	153
-1	-4795	-11	779
1	-4045	-9	1083
-10	6659	-1	942
-15	-445	-5	393
1	1679	13	-316
-5	397	-4	-803
-9	741	-7	-950
7	-297	-5	-841
-5	-333	5	-445
-7	-93	-5	143
3	-4791	9	797
3	-4049	13	1099
-13	6663	10	975
-3	-433	9	392
8	1701	17	-311
5	389	-1	-808
-4	729	-15	-969
3	-289	16	-845
-13	-327	25	-437
-1	-96	8	151
-5	-4781	-2	779
5	-4071	1	1115
-4	6629	9	961
-15	-467	6	395
-12	1673	5	-325
-7	369	7	-823
-9	717	-15	-967
-9	-282	-4	-845
-25	-339	-3	-443
-17	-104	-19	129
-11	-4876	-17	789
-19	-4110	-7	1087
-19	6751	-17	965
-11	-449	-29	397
-13	1710	5	-323
-7	377	-5	-807
-17	729	-7	-973
3	-292	-4	-855
2	-327	3	-447
7	-94	-1	146
11	-4861	7	799
9	-4092	12	1133
5	6767	17	977
15	-449	8	397
7	1719	11	-319
5	402	21	-835
0	731	13	-988
11	-294	5	-863
6	-329	25	-445
12	-112	-1	149
5	-4857	15	803
-17	-4109	19	1114
-15	6731	-5	977
-7	-433	-19	387
-11	1699	7	-327
-9	367	-13	-829
-20	731	-19	-985
-13	-305	-17	-863
-33	-368	-5	-455
-9	-102	-27	161
-19	-4747	-13	791
-21	-4020	-19	1115
-12	6561	-9	970
-19	-454	-19	387
-9	1677	-3	-333
1	377	-11	-817
-7	711	-7	-969
10	-269	-1	-853
15	-335	10	-427
7	-81	1	167
-1	-4774	13	769
8	-4015	6	1085
9	6623	15	939
16	-436	16	387
14	1690	25	-323
17	385	23	-803
-5	715	-5	-965
9	-279	21	-847
-2	-335	15	-440
-13	-107	-1	144
-11	-4791	-7	791
-1	-4017	10	1105
-13	6621	-5	938
-7	-431	4	389
-15	1673	1	-322
-9	382	-3	-803
-11	720	-15	-967
-5	-285	-13	-841
-20	-339	7	-453
-9	-89	-11	157
-19	-4789	-9	779
-13	-4046	-9	1096
-7	6644	-1	951
-3	-427	-6	404
-12	1695	15	-315
-3	392	-1	-807
11	727	3	-961
3	-279	16	-845
7	-330	21	-451
15	-91	1	153
15	-4807	16	784
-3	-4076	11	1111
7	6669	19	962
-1	-462	13	399
-7	1707	17	-321
3	385	18	-809
-7	721	-17	-979
-5	-305	11	-839
-13	-339	-1	-453
-13	-107	-17	159
-8	-4822	-5	786
-8	-4049	9	1109
-19	6671	-23	947
-9	-454	-5	385
-23	1686	-7	-341
-3	382	-4	-816
-17	719	-19	-977
-5	-289	1	-861
-14	-327	3	-452
-1	-112	1	156
0	-4915	-7	785
1	-4149	14	1117
-9	6819	-3	954
4	-455	20	393
-1	1733	11	-326
5	389	5	-815
-3	749	5	-986
5	-307	9	-857
6	-343	25	-455
-1	-97	-7	149
-9	-4877	11	805
6	-4141	6	1129
-9	6769	10	975
3	-441	4	415
-11	1719	-3	-339
-14	371	1	-839
-18	733	-7	-995
-5	-287	12	-871
-17	-351	9	-447
4	-107	-1	148
-11	-4905	-9	794
-13	-4195	-3	1114
-6	6828	-7	971
-15	-462	-12	405
-10	1735	1	-335
-11	374	-1	-823
-17	743	-11	-983
-5	-305	-3	-863
-13	-334	21	-461
-3	-96	1	143
-8	-4869	-11	801
-3	-4107	4	1129
-11	6751	3	983
-7	-456	5	399
-7	1714	13	-335
4	391	3	-843
-11	729	-3	-989
5	-289	-1	-867
-11	-337	15	-454
11	-109	-7	143
-9	-4913	-5	793
3	-4169	3	1119
-9	6823	-9	973
1	-451	1	391
-13	1729	1	-332
-5	395	-9	-837
-18	739	-11	-986
-14	-301	1	-875
-3	-341	3	-457
-1	-99	-15	145
-16	-4883	1	815
-3	-4147	-1	1135
-5	6769	-5	989
1	-438	5	396
-14	1737	11	-329
1	387	6	-838
-2	745	-7	-987
-1	-291	12	-857
5	-339	13	-445
-7	-107	1	154
-1	-4901	3	795
-5	-4187	-6	1114
-10	6803	7	979
-5	-446	-9	403
-15	1735	13	-317
-1	385	10	-827
-3	755	-11	-987
4	-276	-3	-859
-17	-343	18	-455
-3	-96	-17	157
-15	-4933	-15	799
-14	-4165	11	1133
-6	6831	1	985
-10	-456	-13	399
-13	1725	5	-331
11	384	8	-817
-5	750	-13	-989
-11	-287	-3	-869
-6	-345	9	-451
-15	-95	-1	160
-11	-4873	3	807
-3	-4143	5	1135
-9	6747	-3	979
4	-438	9	403
3	1713	10	-325
-5	418	-1	-837
-6	737	-5	-985
-3	-291	-1	-863
-5	-345	3	-451
7	-94	-11	161
-7	-4921	-11	795
-9	-4195	-9	1122
-11	6827	5	983
-3	-433	1	398
-11	1741	3	-321
-1	402	5	-816
-11	733	-7	-987
-10	-292	7	-873
-11	-354	7	-463
6	-83	-19	157
1	-4893	-5	800
9	-4201	9	1143
-3	6799	5	988
-7	-438	-9	421
2	1731	19	-335
5	401	3	-835
3	738	-3	-995
11	-279	11	-865
-5	-343	19	-455
7	-96	9	155
-11	-4993	15	802
-5	-4241	-6	1125
-13	6935	13	975
-5	-444	3	411
-7	1751	7	-315
-13	409	-5	-833
-11	741	-5	-1013
-11	-293	17	-883
-17	-355	15	-482
-8	-104	-1	158
-6	-5003	3	811
-7	-4231	-1	1155
-3	6929	1	989
4	-444	-1	411
-13	1759	10	-336
-3	405	-1	-847
-20	757	-3	-1008
-9	-301	-7	-883
4	-355	11	-465
5	-107	1	155
-2	-5095	-5	809
-9	-4339	13	1150
-7	7075	5	991
5	-433	-4	406
0	1800	21	-353
9	389	1	-838
-2	775	-3	-1025
-1	-291	5	-899
1	-360	15	-479
-3	-109	6	166
-9	-5113	-5	837
1	-4393	-5	1181
-9	7103	-1	1020
-5	-459	4	415
-9	1809	7	-347
-7	392	3	-869
-17	760	-5	-1035
4	-301	1	-893
-15	-343	15	-467
-11	-109	-1	163
-11	-5145	-1	841
-3	-4363	-5	1180
-4	7127	1	1015
-3	-465	-9	417
-9	1801	9	-351
-1	395	-7	-871
-5	773	-11	-1041
-5	-299	-4	-902
-5	-343	5	-484
3	-119	5	156
5	-5231	-9	839
-10	-4411	-1	1189
-15	7243	7	1025
-5	-474	-13	423
-5	1824	3	-346
-5	420	7	-871
-22	789	-1	-1049
-5	-311	6	-925
-11	-367	27	-479
-13	-111	-7	167
-11	-5117	-7	854
-20	-4359	-8	1201
-13	7101	-3	1051
3	-451	5	428
-2	1805	7	-353
-7	401	1	-881
-5	767	-11	-1051
1	-295	-3	-899
-12	-357	5	-461
8	-109	-1	164
-7	-5030	-9	831
-9	-4297	-9	1181
-15	6981	-3	1007
-5	-464	-12	419
-7	1779	19	-351
-3	401	-13	-861
-23	763	-15	-1029
-7	-295	13	-891
-3	-359	2	-463
-3	-96	1	167
-3	-5035	-7	826
-7	-4243	-1	1149
-8	6957	-11	999
-7	-449	-5	421
-12	1759	9	-341
6	415	-6	-849
-13	756	-1	-1015
-3	-289	6	-894
-3	-371	11	-469
-11	-107	-6	156
-7	-5125	-7	829
1	-4328	-9	1147
5	7091	-3	1001
-3	-477	-8	411
-11	1773	-9	-343
-3	419	-13	-859
-16	763	-13	-1024
-10	-295	-9	-897
-14	-355	7	-485
-7	-93	-1	167
-12	-4985	7	833
-7	-4244	6	1182
-5	6924	-11	1037
-1	-443	-4	424
-8	1755	3	-343
-1	413	12	-865
0	751	-13	-1025
-3	-289	-1	-883
-9	-358	-3	-457
-1	-85	-15	157
-13	-5060	-13	821
-9	-4339	1	1151
-2	7014	-9	1001
-9	-445	-1	413
-5	1775	9	-327
3	405	5	-833
-16	768	-17	-1011
4	-293	3	-889
-7	-359	8	-483
5	-89	-3	145
-9	-5027	-1	821
-1	-4254	17	1175
2	6979	1	1017
-1	-472	3	425
-15	1763	21	-349
4	399	8	-861
-13	759	-3	-1021
-5	-297	-12	-885
-11	-345	9	-463
-3	-102	-1	160
0	-4947	-7	807
-5	-4217	-3	1155
-3	6870	1	997
-9	-459	-15	419
-5	1737	-5	-337
7	409	-1	-843
-5	751	-11	-1019
5	-281	-5	-885
-5	-351	9	-463
-7	-93	3	157
-7	-4958	-1	803
-5	-4238	-13	1129
-7	6892	-7	991
7	-426	-11	415
-2	1753	7	-319
1	401	7	-837
-4	759	-5	-1001
-7	-284	14	-885
-7	-356	19	-465
8	-95	-7	152
-9	-4973	7	812
-5	-4281	-9	1141
-11	6929	9	1002
-3	-457	-5	407
-7	1759	9	-339
1	395	-7	-845
-9	741	-5	-1009
-11	-289	4	-889
-1	-365	15	-471
1	-101	-7	149
-3	-5001	-9	816
-12	-4265	-9	1147
-15	6943	5	1003
-10	-444	-7	415
-9	1743	-1	-337
3	402	-1	-845
-5	755	13	-1013
-13	-291	11	-890
-14	-345	7	-461
-1	-107	-17	156
-12	-4929	1	821
-13	-4189	-5	1147
3	6827	9	1001
-13	-446	-5	403
-9	1717	3	-342
-1	421	14	-851
-15	747	9	-997
3	-292	-4	-885
-13	-357	3	-453
-9	-112	-3	159
-11	-4944	5	807
-9	-4239	13	1114
-5	6867	-3	991
-5	-426	1	416
3	1739	3	-323
-9	403	9	-837
-12	749	-3	-1007
-7	-297	18	-885
-9	-352	3	-469
4	-83	-1	153
-7	-4935	10	808
-11	-4254	-1	1149
-3	6873	11	983
-11	-451	-17	421
-10	1729	11	-331
-3	391	7	-831
1	741	-11	-1003
-3	-283	8	-881
1	-341	13	-465
-5	-81	1	163
-6	-4923	-5	795
1	-4192	9	1135
-7	6827	-11	993
-3	-447	-1	405
5	1721	11	-327
4	405	-5	-843
-7	745	-5	-1005
3	-276	15	-878
-15	-353	1	-461
-11	-99	-12	162
-17	-4933	-1	805
-3	-4221	3	1137
-2	6853	-3	985
-1	-449	1	407
-9	1715	9	-334
-5	415	-1	-825
-5	743	-1	-999
-9	-289	5	-877
-12	-343	3	-469
-5	-89	-7	153
-1	-4865	3	797
3	-4153	8	1148
-5	6750	7	985
-5	-413	-13	414
-19	1717	9	-341
-10	391	3	-831
-16	733	-13	-1003
-7	-297	7	-861
-16	-353	11	-453
-9	-104	-1	161
3	-4869	-5	789
-19	-4207	1	1125
-8	6785	-9	969
-5	-451	-9	417
-5	1723	5	-325
-5	402	-1	-829
-17	739	-11	-995
1	-287	11	-869
-9	-359	9	-461
-1	-85	-13	155
-5	-4804	7	800
-11	-4102	-9	1121
-7	6687	1	977
3	-435	-1	401
-1	1685	11	-333
-1	417	6	-817
3	733	-15	-981
-15	-282	9	-851
-8	-339	9	-448
-1	-109	-5	152
-3	-4815	3	779
-3	-4123	10	1103
-11	6669	1	946
-1	-423	5	403
-5	1685	11	-319
5	408	-1	-801
-7	737	-1	-969
-12	-289	1	-855
-7	-343	13	-443
-3	-86	-7	143
-10	-4757	-15	785
-19	-4092	-1	1099
-5	6617	9	967
-13	-419	-4	392
0	1687	11	-307
-7	395	-9	-813
-5	731	-3	-971
-1	-271	-5	-841
3	-341	5	-443
-1	-91	-4	154
1	-4793	-1	782
-13	-4161	-9	1106
-11	6687	7	954
5	-436	1	411
-5	1699	1	-325
-1	395	-5	-813
-21	723	-15	-975
-3	-295	-5	-865
-3	-367	9	-455
-5	-105	-3	133
-14	-4822	-1	788
-5	-4143	-9	1113
2	6715	1	971
3	-447	-13	395
-5	1692	1	-313
3	387	-4	-814
-7	727	3	-979
-13	-283	-5	-851
-6	-347	17	-453
-15	-86	-14	140
-4	-4747	-1	783
1	-4084	1	1105
-16	6606	5	979
-7	-431	-7	411
-7	1662	21	-321
-9	395	-9	-813
-14	719	-3	-970
-12	-289	9	-855
-3	-337	9	-443
-1	-99	-1	145
3	-4761	1	785
8	-4099	-1	1087
-7	6628	11	949
-3	-411	-11	394
-12	1681	11	-303
-7	392	-7	-816
-20	725	-1	-965
-11	-291	-1	-843
-11	-366	5	-461
10	-71	-3	137
-7	-4677	11	769
-3	-4064	1	1096
-4	6509	-9	968
-14	-429	-3	393
-5	1645	7	-305
-3	402	7	-811
-2	717	-5	-953
8	-266	-13	-851
-1	-365	17	-425
7	-84	-7	149
-3	-4701	5	756
1	-4043	12	1073
-3	6563	7	939
-1	-417	10	397
-14	1659	11	-299
4	399	13	-789
-11	709	-1	-963
-9	-265	1	-843
0	-341	7	-454
-1	-94	1	144
-10	-4665	-1	761
5	-4012	-9	1091
-10	6494	-3	956
3	-409	-11	389
-7	1641	3	-307
9	421	-1	-789
-19	719	-15	-948
-5	-269	9	-830
-9	-347	9	-431
3	-93	-9	143
0	-4697	1	765
-9	-4064	21	1081
3	6565	2	943
5	-400	3	398
-11	1663	7	-303
3	385	6	-792
-15	705	-7	-951
7	-279	10	-839
-9	-342	13	-453
-1	-97	-5	139
-5	-4729	-15	764
5	-4083	5	1080
-1	6577	3	954
-13	-420	1	401
-2	1663	9	-319
3	379	1	-809
-7	709	-11	-967
4	-269	7	-841
-7	-343	-2	-453
-5	-77	3	143
4	-4691	-9	759
-10	-4027	-1	1099
2	6523	1	953
-5	-418	-9	411
7	1642	1	-317
1	389	-1	-784
-7	713	-11	-967
7	-271	17	-839
1	-343	9	-444
1	-84	-11	148
1	-4707	-7	761
7	-4021	12	1085
-7	6504	5	942
1	-441	-5	403
-5	1643	7	-311
-9	400	-9	-797
-5	713	-3	-957
15	-289	15	-832
-4	-341	9	-441
1	-83	-11	145
-3	-4695	-9	759
1	-4025	4	1084
-9	6537	-5	935
-11	-426	-13	395
-8	1659	9	-309
1	395	-4	-781
-2	729	-3	-943
-1	-269	3	-825
-9	-353	11	-443
-3	-83	-8	140
1	-4703	7	753
1	-4087	-1	1088
-3	6556	1	941
-1	-438	-1	395
-11	1663	5	-319
-3	374	-1	-801
-3	711	3	-953
1	-271	13	-845
3	-353	16	-437
1	-77	-6	137
-10	-4621	1	760
3	-3943	1	1085
1	6425	-1	939
-5	-417	-17	399
-1	1624	3	-321
3	387	-3	-800
-3	691	-7	-943
1	-271	6	-823
-1	-345	13	-425
3	-102	-3	131
-11	-4639	7	763
-5	-3992	-9	1051
-12	6450	5	924
-3	-423	-11	373
-11	1637	13	-299
-9	387	9	-771
-13	719	3	-935
-1	-283	11	-832
-5	-361	17	-437
3	-103	-9	135
-16	-4669	-7	761
4	-4005	-15	1082
-1	6499	-8	931
-5	-415	-3	387
-8	1651	11	-303
11	365	12	-794
1	715	-9	-941
-3	-274	-7	-831
-7	-342	5	-431
1	-94	-7	133
-1	-4703	-1	762
-3	-4063	-9	1079
-7	6557	7	940
-5	-439	-1	395
-5	1659	7	-307
-7	375	-1	-791
-3	705	-11	-945
11	-281	-1	-835
-7	-353	17	-441
-1	-85	-1	145
-8	-4671	-5	788
-17	-3983	-5	1081
-13	6479	-9	943
-3	-436	-1	393
-7	1643	11	-305
-3	399	1	-805
1	709	3	-933
-9	-279	-1	-831
-12	-333	21	-423
-1	-85	-6	143
1	-4647	3	767
-7	-3966	-3	1067
-12	6456	-3	940
-3	-429	-21	387
-15	1635	0	-298
-15	387	-3	-789
-16	702	-13	-933
-5	-294	-6	-824
-4	-341	11	-429
-5	-103	-7	145
-5	-4684	-5	759
6	-3981	-5	1067
-1	6493	-1	927
-5	-415	-22	395
-12	1661	7	-309
-5	390	1	-789
-10	707	-1	-951
-3	-289	5	-835
-12	-350	7	-441
8	-86	4	151
-13	-4596	11	766
3	-3958	-1	1085
-12	6401	5	942
-7	-431	-9	383
-5	1627	9	-311
-10	382	10	-791
-9	697	-3	-949
-7	-275	-1	-819
-1	-347	13	-437
3	-85	-9	147
-6	-4679	9	748
-5	-3979	6	1052
-1	6501	-7	909
-7	-436	7	391
5	1644	9	-297
6	395	3	-791
3	699	-18	-941
3	-282	-3	-827
-2	-335	17	-433
3	-96	-11	138
4	-4691	-1	763
-3	-3971	3	1093
-2	6480	-3	940
8	-436	1	385
-3	1651	13	-319
-9	385	1	-783
-15	703	-1	-953
-3	-283	-1	-823
-9	-337	17	-443
-7	-86	-5	141
-10	-4703	1	761
-3	-3999	6	1067
-21	6561	8	937
-1	-431	-17	397
-16	1673	11	-303
-1	391	-1	-789
-11	717	-9	-953
3	-291	-1	-841
-9	-351	13	-457
-11	-97	-4	148
-11	-4653	-3	773
-3	-3955	1	1088
-9	6466	3	936
-7	-444	6	397
-16	1651	7	-325
3	389	12	-797
-12	721	1	-943
4	-289	7	-823
-5	-347	10	-423
-1	-99	-9	143
-10	-4711	-1	764
-5	-3961	5	1063
-2	6519	9	931
-7	-454	7	401
-12	1656	1	-305
4	379	4	-793
-15	713	-5	-937
1	-281	-1	-819
-1	-335	15	-440
3	-93	-9	150
-17	-4645	-7	769
-12	-3885	5	1085
-12	6413	-7	942
4	-428	-7	389
-9	1640	-3	-305
11	392	-4	-783
-9	707	-7	-946
-1	-301	1	-831
-7	-327	-9	-427
-5	-93	5	141
1	-4574	-5	763
6	-3866	-1	1060
-7	6341	7	927
5	-431	-3	389
-8	1621	9	-293
-1	372	4	-774
-12	699	-9	-925
3	-279	18	-815
-7	-346	19	-427
6	-84	-7	136
-5	-4583	8	753
-3	-3871	9	1057
3	6353	-3	921
-9	-445	-7	383
-7	1627	11	-295
7	375	18	-769
-16	705	-5	-921
6	-287	11	-806
-11	-341	7	-429
-1	-89	1	135
-6	-4591	-7	747
-7	-3850	-5	1054
-7	6339	-15	913
1	-449	-3	401
-5	1618	3	-297
1	377	7	-772
-19	697	-11	-919
-1	-271	5	-807
-17	-331	1	-434
-7	-93	-1	135
-4	-4557	-15	745
-10	-3821	3	1051
-17	6303	-7	912
3	-444	-4	387
1	1617	17	-291
-7	383	5	-763
2	697	-7	-922
7	-297	1	-811
-1	-333	15	-427
5	-89	-1	145
3	-4621	-3	739
1	-3879	-5	1049
1	6397	2	915
1	-429	1	379
-11	1629	15	-315
3	364	7	-769
-6	707	-13	-929
-13	-302	10	-823
-5	-341	7	-441
-11	-104	-1	126
-9	-4683	1	750
-3	-3968	-9	1069
-11	6488	-11	929
-1	-464	1	395
-21	1647	-7	-309
-19	361	-9	-781
-14	713	-3	-945
-3	-305	4	-823
-17	-337	7	-439
-1	-99	-3	137
-12	-4685	-9	770
-3	-3911	-6	1069
-10	6477	-5	941
7	-463	-9	391
5	1657	5	-309
11	377	13	-785
1	717	-7	-943
7	-287	22	-835
-1	-327	23	-425
5	-107	-7	137
7	-4773	3	757
3	-4005	-1	1073
3	6607	7	934
3	-464	-5	381
5	1683	9	-306
1	389	17	-799
1	728	-7	-946
-9	-302	6	-839
-17	-337	3	-447
-14	-114	-23	141
-13	-4851	-7	781
-9	-4087	-21	1096
-7	6704	-10	957
-13	-463	-15	399
-11	1721	3	-305
-8	369	4	-814
-14	747	-11	-975
-3	-321	-7	-845
-5	-337	11	-445
6	-97	-13	151
5	-4811	9	796
5	-4079	-9	1111
3	6687	11	973
7	-474	3	399
7	1719	17	-321
14	377	5	-817
9	744	-3	-983
13	-294	17	-855
-5	-341	16	-437
15	-79	6	143
-5	-4764	3	788
-8	-3975	11	1101
-4	6579	-5	963
-7	-481	10	391
-3	1692	7	-319
-17	363	6	-821
-13	727	-3	-965
-13	-293	-5	-843
-21	-339	-1	-431
-3	-113	-17	151
-11	-4797	-1	771
-22	-3979	-9	1081
-14	6633	-7	944
4	-469	-13	387
-11	1699	7	-322
-7	387	-1	-799
-10	741	-7	-958
3	-312	-1	-853
-4	-325	19	-447
5	-103	-1	143
3	-4823	11	791
8	-4029	13	1102
13	6676	3	959
7	-451	-1	397
3	1711	13	-305
9	367	5	-814
1	731	5	-969
1	-310	3	-855
-5	-336	1	-451
6	-95	11	147
-3	-4778	9	788
-1	-4017	9	1103
-11	6594	-13	968
-8	-469	-6	397
-10	1695	5	-329
-12	384	-9	-809
-9	728	-19	-981
-3	-292	-7	-845
-11	-351	-3	-453
-5	-103	-17	155
-9	-4757	-15	778
3	-3973	1	1091
-10	6585	-5	939
-1	-483	3	397
2	1685	3	-311
8	381	-1	-794
-9	735	-13	-959
7	-284	9	-837
-7	-339	9	-456
5	-99	11	145
6	-4783	5	773
10	-3957	-3	1095
-2	6568	-7	960
-1	-457	9	393
-11	1691	9	-324
-7	389	24	-799
-5	737	-9	-971
-7	-297	1	-851
-5	-347	9	-451
-9	-95	-9	145
-13	-4771	-7	775
-11	-3989	7	1100
-1	6583	-13	945
-1	-451	-11	402
-9	1699	13	-319
-5	375	-6	-797
-4	729	-13	-961
-10	-315	16	-843
-7	-347	-3	-447
10	-87	4	149
-1	-4741	-5	782
-15	-3989	7	1099
-3	6569	1	957
-7	-462	1	399
-9	1693	9	-325
5	372	7	-793
0	740	-9	-963
4	-285	5	-841
-1	-343	3	-447
3	-103	-4	167
2	-4766	-9	774
-14	-3961	19	1099
4	6585	-3	945
-1	-487	10	397
-11	1679	11	-317
-3	377	1	-792
-13	735	0	-963
-3	-301	1	-845
-12	-333	11	-445
-1	-102	-7	143
3	-4789	-7	771
-1	-4005	5	1089
-7	6618	-7	956
-9	-465	1	389
-7	1697	2	-314
-7	385	9	-805
-11	751	-21	-963
-7	-317	15	-843
-13	-337	-1	-445
-5	-111	1	145
5	-4807	3	769
6	-4017	-6	1098
-3	6666	-2	945
-3	-459	7	392
-3	1709	25	-315
7	373	5	-805
1	743	-9	-977
-14	-305	-5	-845
-9	-343	5	-447
6	-113	-1	147
-9	-4833	-3	786
-1	-4063	13	1104
-19	6711	3	951
-9	-472	-13	390
-2	1717	7	-329
-7	384	-9	-819
-13	740	-11	-975
-7	-297	-13	-849
-7	-334	17	-463
-7	-94	-7	149
-9	-4803	7	783
3	-4003	5	1113
-9	6645	5	961
1	-485	-13	389
7	1691	19	-325
13	373	-3	-823
-11	741	-5	-983
-5	-301	-11	-855
11	-327	23	-444
-9	-99	-15	145
1	-4805	-5	777
-1	-3986	-7	1095
7	6636	-5	952
11	-465	-3	391
-13	1693	-2	-314
7	379	-7	-819
-22	733	-11	-973
-13	-305	11	-851
-14	-335	13	-437
3	-95	-9	137
2	-4757	3	801
3	-3975	-11	1108
-3	6575	-7	955
3	-451	-7	392
-14	1707	11	-317
-3	367	7	-808
-11	739	-1	-963
3	-300	12	-841
-9	-341	23	-433
-1	-84	-1	149
-7	-4659	-7	788
-1	-3903	5	1093
-5	6434	7	949
-3	-469	7	393
-5	1667	3	-317
7	383	5	-789
-19	720	-5	-955
10	-285	5	-825
-7	-341	21	-419
-1	-94	-5	143
-11	-4701	3	745
-14	-3891	3	1057
0	6483	1	923
3	-464	3	385
-12	1671	3	-313
-7	387	-11	-785
-13	723	-7	-941
1	-289	1	-833
-8	-325	9	-437
-9	-103	-19	152
-13	-4741	-13	773
5	-3937	5	1083
-3	6533	-3	930
10	-462	1	381
-7	1660	-3	-310
-1	397	5	-787
-5	727	-3	-947
1	-307	9	-837
-1	-333	3	-437
1	-103	-7	149
-1	-4799	-3	767
1	-4022	5	1078
-5	6655	-8	927
-9	-459	-9	383
-15	1711	15	-303
-8	365	4	-798
-1	737	-13	-969
-3	-291	10	-849
-10	-346	7	-451
-11	-107	-1	148
-7	-4792	1	782
-11	-4039	17	1119
6	6623	-7	952
-9	-482	-12	395
-11	1701	9	-329
-11	379	-1	-815
-17	727	-7	-971
-7	-295	1	-843
-5	-339	3	-449
-1	-87	-9	145
-9	-4802	-7	762
-7	-3974	4	1095
